respondent_id,h1n1_vaccine,seasonal_vaccine
26707,0.11322101,0.19862983
26708,0.02790183,0.02821981
26709,0.49370658,0.65283424
26710,0.5911651,0.7201323
26711,0.26304704,0.45340338
26712,0.7705792,0.9736434
26713,0.39121464,0.5849594
26714,0.1444796,0.109358795
26715,0.07854756,0.09492229
26716,0.11654167,0.8374577
26717,0.04335417,0.35058117
26718,0.24754293,0.46729413
26719,0.094929196,0.9194738
26720,0.056149833,0.22679012
26721,0.5356482,0.350339
26722,0.08219779,0.093519665
26723,0.6381062,0.899696
26724,0.11657459,0.763687
26725,0.03446175,0.053401906
26726,0.05091412,0.03969972
26727,0.28682905,0.8192588
26728,0.13437025,0.43845928
26729,0.6833924,0.55760336
26730,0.059145186,0.16475776
26731,0.031097224,0.21688804
26732,0.082831584,0.11201157
26733,0.8902169,0.95530254
26734,0.6858927,0.34390822
26735,0.0874853,0.38853443
26736,0.055927984,0.11663041
26737,0.06666111,0.09381564
26738,0.6983307,0.7969003
26739,0.11172381,0.22527403
26740,0.134396,0.09071037
26741,0.20147274,0.9252818
26742,0.08839105,0.25238803
26743,0.0622356,0.40854588
26744,0.09118212,0.75311077
26745,0.14004005,0.888519
26746,0.09218152,0.32117572
26747,0.12479666,0.15155351
26748,0.08706436,0.030896878
26749,0.07015117,0.6041896
26750,0.65761155,0.83409345
26751,0.4504419,0.71243393
26752,0.044829972,0.051823087
26753,0.13471273,0.56000984
26754,0.12127874,0.46659058
26755,0.10727672,0.3490875
26756,0.04327873,0.030544816
26757,0.50506896,0.42107213
26758,0.6488859,0.80728644
26759,0.053340573,0.19843642
26760,0.038183447,0.047098994
26761,0.22515203,0.68007183
26762,0.12231734,0.8233591
26763,0.8304031,0.95253843
26764,0.9300052,0.96666133
26765,0.116339445,0.7601554
26766,0.14762942,0.11694486
26767,0.82805455,0.7011884
26768,0.048214193,0.3333049
26769,0.17919092,0.1441003
26770,0.12201488,0.47467458
26771,0.046063375,0.12365636
26772,0.055282705,0.44224614
26773,0.030668102,0.3288521
26774,0.031282615,0.24028024
26775,0.07019519,0.46959898
26776,0.41814274,0.41151056
26777,0.15445837,0.8423345
26778,0.09295921,0.036720455
26779,0.10281283,0.4552935
26780,0.14284956,0.94085723
26781,0.073767506,0.42862254
26782,0.048220936,0.25989908
26783,0.0831043,0.2351179
26784,0.16537403,0.8181253
26785,0.36646757,0.5750485
26786,0.11704388,0.16639408
26787,0.10693104,0.5426481
26788,0.113227144,0.9277534
26789,0.014733957,0.20568608
26790,0.06907355,0.21022297
26791,0.061701965,0.11030417
26792,0.18932296,0.7099267
26793,0.107731774,0.93548894
26794,0.8085393,0.8800185
26795,0.05801692,0.9602341
26796,0.034019012,0.04377634
26797,0.10728761,0.64295137
26798,0.2079469,0.16834602
26799,0.32041344,0.22626284
26800,0.04391916,0.90504616
26801,0.1755444,0.1974773
26802,0.16429895,0.16122614
26803,0.053085353,0.12644316
26804,0.031574674,0.078902386
26805,0.053425036,0.14812446
26806,0.07785174,0.9250635
26807,0.7330538,0.8783512
26808,0.15383191,0.40107542
26809,0.6955588,0.1371306
26810,0.07259555,0.06722371
26811,0.08444556,0.058642507
26812,0.18890159,0.78594977
26813,0.46212742,0.2909546
26814,0.04067108,0.5889872
26815,0.032896567,0.034147684
26816,0.084572755,0.1261114
26817,0.08388623,0.49904492
26818,0.078374535,0.17126359
26819,0.3096705,0.22818717
26820,0.09070386,0.16111192
26821,0.07797956,0.65306884
26822,0.25503954,0.717761
26823,0.4040563,0.23135366
26824,0.039477266,0.67901313
26825,0.3614609,0.70758915
26826,0.10610363,0.5754661
26827,0.034076106,0.077637985
26828,0.097527005,0.44177675
26829,0.49120268,0.82585573
26830,0.08060895,0.79654014
26831,0.19118172,0.8840623
26832,0.13061103,0.7840716
26833,0.026299302,0.4478137
26834,0.16944967,0.3580482
26835,0.51513046,0.911769
26836,0.17476372,0.70960355
26837,0.06466956,0.01937069
26838,0.09148773,0.37284213
26839,0.15543053,0.3932251
26840,0.103333816,0.09842174
26841,0.43448287,0.78122234
26842,0.046559256,0.15704715
26843,0.031035313,0.038978618
26844,0.07123261,0.38705942
26845,0.07721158,0.6594633
26846,0.17095003,0.8746116
26847,0.26028493,0.11027156
26848,0.06741486,0.7631317
26849,0.25078937,0.50815815
26850,0.48507884,0.34532386
26851,0.04188457,0.06435918
26852,0.04454613,0.06832734
26853,0.70425045,0.51451105
26854,0.024233421,0.08649595
26855,0.6279142,0.86748743
26856,0.14768098,0.019221751
26857,0.38833278,0.11457886
26858,0.26868388,0.64482003
26859,0.06462385,0.110252544
26860,0.117363736,0.08121502
26861,0.06104205,0.07052703
26862,0.068195984,0.23546812
26863,0.13717178,0.37210074
26864,0.49968395,0.33578688
26865,0.022470849,0.046190012
26866,0.17442523,0.5381216
26867,0.08330469,0.12867436
26868,0.866351,0.9221249
26869,0.07226513,0.14858648
26870,0.6576851,0.89160544
26871,0.0782693,0.058524545
26872,0.050159104,0.13484661
26873,0.071709536,0.77482766
26874,0.06411843,0.07404657
26875,0.65087485,0.9067834
26876,0.091955274,0.04355885
26877,0.07732818,0.10872635
26878,0.14042458,0.093187094
26879,0.034096353,0.030720333
26880,0.098605946,0.108683884
26881,0.04599386,0.0610372
26882,0.020247934,0.03900012
26883,0.0647922,0.1923594
26884,0.14851178,0.33620888
26885,0.21434231,0.7408802
26886,0.13472769,0.8577113
26887,0.65373397,0.7998618
26888,0.9042468,0.9549273
26889,0.03415753,0.09621529
26890,0.13438396,0.32355303
26891,0.4896714,0.67196
26892,0.11686833,0.6795652
26893,0.03111062,0.10331363
26894,0.12714672,0.24334162
26895,0.09142616,0.84144354
26896,0.040375665,0.06815907
26897,0.06165404,0.49279416
26898,0.1813899,0.6083865
26899,0.05638854,0.06270919
26900,0.06697774,0.1673548
26901,0.066830285,0.24123351
26902,0.20828952,0.9457693
26903,0.14567222,0.051328663
26904,0.07286767,0.24702723
26905,0.39720473,0.80184746
26906,0.061357327,0.32698566
26907,0.014844153,0.4435223
26908,0.13973546,0.7859503
26909,0.07673397,0.13618217
26910,0.16238071,0.29789868
26911,0.07130192,0.04227803
26912,0.44656247,0.8938069
26913,0.6970373,0.841241
26914,0.06285711,0.15330704
26915,0.21075578,0.5295922
26916,0.07109395,0.26319024
26917,0.04882526,0.026681505
26918,0.8769235,0.966055
26919,0.09838787,0.35155898
26920,0.050149214,0.05984067
26921,0.13912164,0.8688729
26922,0.06351079,0.66572356
26923,0.10178321,0.44609383
26924,0.85552865,0.9497643
26925,0.087001555,0.77298105
26926,0.5199479,0.40462455
26927,0.40063187,0.59823805
26928,0.059969015,0.4853641
26929,0.06549344,0.1634344
26930,0.60958683,0.87312204
26931,0.09908892,0.34213313
26932,0.084384084,0.9160215
26933,0.08042249,0.65556514
26934,0.41955215,0.69539183
26935,0.20160007,0.4838788
26936,0.317109,0.0748131
26937,0.34115645,0.8331062
26938,0.075798534,0.057368234
26939,0.04920394,0.08084083
26940,0.11060251,0.095730074
26941,0.075488344,0.3660305
26942,0.60719776,0.8342749
26943,0.16709647,0.5813701
26944,0.07688166,0.1307591
26945,0.09505209,0.5887093
26946,0.1853001,0.7232436
26947,0.15197624,0.61154884
26948,0.031924434,0.0471628
26949,0.028047146,0.065155245
26950,0.05599811,0.44102454
26951,0.055466805,0.24282916
26952,0.86158425,0.9080222
26953,0.85688424,0.9437406
26954,0.03387009,0.08535548
26955,0.14090525,0.68206596
26956,0.1187171,0.24096936
26957,0.0438066,0.936605
26958,0.081519164,0.7508739
26959,0.038318522,0.20184785
26960,0.042188868,0.0499329
26961,0.26928502,0.5083915
26962,0.15809269,0.82892746
26963,0.16780318,0.23875624
26964,0.084102884,0.16273105
26965,0.8641718,0.93927354
26966,0.03955727,0.053590328
26967,0.17651562,0.46771526
26968,0.0731927,0.8622489
26969,0.026635787,0.10604952
26970,0.6024225,0.24456461
26971,0.10472841,0.1457899
26972,0.025576068,0.033713385
26973,0.034329157,0.14894506
26974,0.13038555,0.24706663
26975,0.08448984,0.5585283
26976,0.84239954,0.37995878
26977,0.07885146,0.23653752
26978,0.0259429,0.82654023
26979,0.5223068,0.8493262
26980,0.049830277,0.068986826
26981,0.033581156,0.31224304
26982,0.7180254,0.89517283
26983,0.18223807,0.52341837
26984,0.051814396,0.108020894
26985,0.050813198,0.07321822
26986,0.14847782,0.36518738
26987,0.06313555,0.16972704
26988,0.04606614,0.05814905
26989,0.33736768,0.8634845
26990,0.017775053,0.06052328
26991,0.2391436,0.31981087
26992,0.26657718,0.3907979
26993,0.110228926,0.855634
26994,0.076705076,0.3241775
26995,0.045417633,0.41354
26996,0.33340874,0.31837395
26997,0.04160574,0.05080954
26998,0.032632407,0.041977767
26999,0.40652448,0.57900786
27000,0.09095377,0.34142607
27001,0.11018934,0.82891476
27002,0.028677596,0.17926595
27003,0.02294361,0.06346303
27004,0.13631982,0.25175992
27005,0.7160358,0.90759563
27006,0.85588896,0.8912116
27007,0.053838093,0.07719868
27008,0.09479493,0.055332944
27009,0.061996907,0.26196173
27010,0.046742782,0.07750162
27011,0.07966539,0.120518
27012,0.22835484,0.56489855
27013,0.103793815,0.37141103
27014,0.031054877,0.19196343
27015,0.13735858,0.2063458
27016,0.17197402,0.33985835
27017,0.46231294,0.7683035
27018,0.05703393,0.22276428
27019,0.8627476,0.9714677
27020,0.20894511,0.17933278
27021,0.3109507,0.6344783
27022,0.16215427,0.22480911
27023,0.088120535,0.13411462
27024,0.15579653,0.35811
27025,0.10985797,0.041733652
27026,0.07650884,0.4341605
27027,0.14254104,0.86312044
27028,0.36382076,0.88390476
27029,0.15954016,0.32715294
27030,0.1418264,0.11036743
27031,0.301381,0.848954
27032,0.22695522,0.52637327
27033,0.27838236,0.6324982
27034,0.028171454,0.7381934
27035,0.21460493,0.27602854
27036,0.21700114,0.72158927
27037,0.490577,0.7432891
27038,0.038017422,0.04316018
27039,0.822667,0.90289766
27040,0.25567594,0.23251383
27041,0.12641722,0.69884783
27042,0.0865624,0.45605227
27043,0.43747467,0.7306753
27044,0.026712665,0.036336523
27045,0.13586628,0.5808422
27046,0.057378832,0.103978015
27047,0.5583309,0.50485885
27048,0.17044862,0.45079452
27049,0.3984133,0.8887613
27050,0.06992749,0.49637374
27051,0.16024435,0.26580206
27052,0.07250291,0.12094736
27053,0.8728831,0.9366761
27054,0.039949257,0.06544991
27055,0.11415359,0.8830015
27056,0.046571217,0.067267455
27057,0.04537384,0.03209604
27058,0.8643888,0.9010282
27059,0.053962912,0.09751203
27060,0.028422538,0.2867732
27061,0.07292301,0.52223086
27062,0.063097626,0.4678624
27063,0.07194916,0.48735955
27064,0.17707126,0.53403705
27065,0.071834244,0.40294257
27066,0.076679476,0.5017011
27067,0.52709216,0.811292
27068,0.7994848,0.8761139
27069,0.7318598,0.9392278
27070,0.03681729,0.037405916
27071,0.053975645,0.06938109
27072,0.068715684,0.48421112
27073,0.04958952,0.8588014
27074,0.049972422,0.22991917
27075,0.6675129,0.79885
27076,0.6826877,0.8096621
27077,0.023471836,0.084080264
27078,0.24393368,0.83708435
27079,0.31418312,0.90007526
27080,0.10996027,0.12685408
27081,0.04422709,0.7427848
27082,0.15731968,0.16806555
27083,0.05104482,0.2754247
27084,0.8097788,0.7445959
27085,0.033701472,0.033784814
27086,0.07291795,0.11475338
27087,0.136007,0.25157097
27088,0.2776389,0.68411326
27089,0.115319945,0.099555075
27090,0.29846123,0.6844935
27091,0.54104435,0.2711988
27092,0.1211516,0.16726646
27093,0.150607,0.19110231
27094,0.016820269,0.046181798
27095,0.09007128,0.55463845
27096,0.07358037,0.11703667
27097,0.535073,0.5896538
27098,0.50173104,0.8701655
27099,0.18200144,0.55287683
27100,0.09299729,0.7476783
27101,0.11454999,0.6274157
27102,0.093630284,0.73780614
27103,0.016433641,0.029149557
27104,0.24320383,0.40892726
27105,0.08268855,0.34876308
27106,0.67733335,0.87268883
27107,0.5845263,0.6311988
27108,0.23476106,0.21282816
27109,0.086952575,0.088860475
27110,0.10671352,0.32399353
27111,0.056166638,0.36513034
27112,0.23526835,0.525595
27113,0.06827202,0.09597208
27114,0.07551986,0.2152688
27115,0.38742915,0.82632285
27116,0.2691296,0.9446099
27117,0.047131397,0.07651406
27118,0.16178328,0.5823903
27119,0.064943016,0.2524638
27120,0.31390285,0.9649169
27121,0.023661504,0.7097501
27122,0.041405607,0.24277198
27123,0.04223019,0.12977733
27124,0.033782113,0.058178805
27125,0.058039095,0.020135425
27126,0.2401776,0.052600462
27127,0.05131206,0.11300628
27128,0.16636828,0.48390314
27129,0.22832176,0.28311324
27130,0.104212545,0.2020614
27131,0.088411555,0.07542821
27132,0.531701,0.8832554
27133,0.081578955,0.4831661
27134,0.8182827,0.9779267
27135,0.08180935,0.49898937
27136,0.07632115,0.595628
27137,0.059112035,0.12271042
27138,0.17782982,0.49419057
27139,0.097008266,0.08198178
27140,0.9152937,0.96090746
27141,0.49085978,0.74774253
27142,0.0849414,0.19767673
27143,0.24467957,0.53970987
27144,0.07344715,0.06496337
27145,0.4452086,0.6320741
27146,0.068721615,0.8860691
27147,0.0631804,0.19769414
27148,0.11014122,0.0465148
27149,0.18118398,0.124504276
27150,0.54363215,0.9509632
27151,0.2113379,0.8315621
27152,0.018823924,0.17124432
27153,0.18637533,0.8527697
27154,0.6430387,0.88045895
27155,0.14847897,0.56195897
27156,0.01904138,0.25885043
27157,0.025387488,0.37258798
27158,0.0733775,0.3447854
27159,0.041728906,0.1038534
27160,0.54984546,0.16317268
27161,0.27803415,0.52532494
27162,0.14985035,0.93754876
27163,0.6337197,0.33134612
27164,0.35374516,0.12251129
27165,0.4209465,0.6062045
27166,0.2756807,0.25615808
27167,0.09279749,0.5020632
27168,0.13577864,0.5609829
27169,0.5040464,0.6553547
27170,0.42545885,0.92198545
27171,0.06584623,0.20568447
27172,0.115684524,0.8639622
27173,0.27172616,0.46707836
27174,0.2960587,0.04555976
27175,0.07407363,0.0811708
27176,0.7896321,0.87387043
27177,0.8584355,0.9087776
27178,0.20388705,0.30635846
27179,0.07699077,0.21591978
27180,0.38409773,0.32100248
27181,0.036534574,0.80674666
27182,0.62395066,0.86847526
27183,0.050234742,0.6727982
27184,0.047630616,0.31706387
27185,0.4746153,0.835042
27186,0.1685836,0.76354945
27187,0.102903925,0.10036974
27188,0.057260655,0.28939855
27189,0.064840354,0.670733
27190,0.51759195,0.8055081
27191,0.09538675,0.92048824
27192,0.42411578,0.6963434
27193,0.012203952,0.069832824
27194,0.10421562,0.30045968
27195,0.036368944,0.07299802
27196,0.32292646,0.19799128
27197,0.15898931,0.675194
27198,0.8739649,0.9458559
27199,0.04287363,0.16867578
27200,0.22070162,0.6903562
27201,0.642247,0.9137119
27202,0.08886068,0.027551815
27203,0.058879007,0.07035503
27204,0.030851806,0.025192661
27205,0.09442233,0.2940347
27206,0.15964714,0.31262314
27207,0.1145576,0.19731964
27208,0.77050143,0.6458739
27209,0.15481438,0.262929
27210,0.38257426,0.28556806
27211,0.12702568,0.24172115
27212,0.52530426,0.941273
27213,0.419445,0.38906652
27214,0.03490066,0.04138768
27215,0.23596492,0.80932426
27216,0.120892376,0.9104101
27217,0.10748152,0.2572985
27218,0.41533273,0.9197803
27219,0.68167585,0.7253268
27220,0.15589906,0.41554943
27221,0.1435009,0.78495026
27222,0.18398508,0.61381
27223,0.07015489,0.70412666
27224,0.18311246,0.6907492
27225,0.21510893,0.2401269
27226,0.027223162,0.19347604
27227,0.16056179,0.264047
27228,0.47627544,0.86061776
27229,0.48991954,0.89383
27230,0.18545608,0.9648494
27231,0.38272396,0.89082605
27232,0.072812304,0.39499468
27233,0.3004091,0.16676046
27234,0.078146346,0.054839656
27235,0.868281,0.92805177
27236,0.09421585,0.93395394
27237,0.43406862,0.6397229
27238,0.4506375,0.81389064
27239,0.37121093,0.20499615
27240,0.13423853,0.31635824
27241,0.06341931,0.14555082
27242,0.12186557,0.52861285
27243,0.039206043,0.08411508
27244,0.0413917,0.038171664
27245,0.14504752,0.3350452
27246,0.70692915,0.9002043
27247,0.18689233,0.93458647
27248,0.1048714,0.74332654
27249,0.20448002,0.56634104
27250,0.07866237,0.16444422
27251,0.1168687,0.25886953
27252,0.27864993,0.4804603
27253,0.09645109,0.89186525
27254,0.88696235,0.9696166
27255,0.120065644,0.2671784
27256,0.72170514,0.96022224
27257,0.45695302,0.49269202
27258,0.5900626,0.78686273
27259,0.7542859,0.88426924
27260,0.24291041,0.36808336
27261,0.10320817,0.6917212
27262,0.13910224,0.50026697
27263,0.078073,0.0407727
27264,0.10664629,0.07985494
27265,0.035709538,0.17593095
27266,0.14780898,0.23253281
27267,0.17552754,0.58746016
27268,0.049469363,0.09427055
27269,0.60169995,0.3951805
27270,0.06475969,0.097834595
27271,0.05192616,0.1954183
27272,0.038259946,0.3050157
27273,0.050539322,0.11368725
27274,0.1087161,0.37793675
27275,0.18229268,0.3414745
27276,0.03620718,0.10862142
27277,0.056048542,0.8805942
27278,0.16695261,0.24359944
27279,0.10738997,0.29452455
27280,0.2763478,0.3955193
27281,0.07981659,0.3146926
27282,0.07283825,0.84428144
27283,0.022921702,0.057520587
27284,0.22596127,0.3472109
27285,0.08633929,0.47861552
27286,0.19483967,0.28420323
27287,0.39822307,0.56870085
27288,0.51605046,0.5882864
27289,0.42492852,0.49557605
27290,0.051401142,0.101238035
27291,0.86101216,0.84684163
27292,0.043890607,0.47164372
27293,0.14896901,0.945491
27294,0.02764595,0.06298431
27295,0.20495436,0.91867137
27296,0.09065735,0.695722
27297,0.049731914,0.6714614
27298,0.08577351,0.3118394
27299,0.29821476,0.6162851
27300,0.07539514,0.884585
27301,0.014428216,0.025927981
27302,0.16528828,0.7983521
27303,0.08551116,0.11721451
27304,0.111668386,0.8206504
27305,0.06593307,0.030402672
27306,0.42143643,0.5185355
27307,0.8253107,0.83448666
27308,0.114730105,0.08275243
27309,0.57801825,0.96094346
27310,0.04666245,0.12377509
27311,0.09985563,0.12681893
27312,0.17299612,0.45543465
27313,0.059431158,0.068517074
27314,0.046285775,0.06459993
27315,0.1197495,0.23413052
27316,0.3697213,0.78714496
27317,0.12819397,0.16601332
27318,0.21319324,0.320174
27319,0.47164595,0.9250229
27320,0.10248863,0.7613031
27321,0.04971203,0.7153033
27322,0.67491823,0.8682767
27323,0.08871349,0.4342381
27324,0.39260334,0.5280201
27325,0.7588576,0.9133494
27326,0.12883238,0.65261984
27327,0.11492327,0.23016247
27328,0.22711252,0.37081975
27329,0.0950017,0.19827239
27330,0.01737332,0.41987967
27331,0.069388375,0.123021305
27332,0.16089468,0.87077224
27333,0.8505037,0.8050272
27334,0.037361164,0.03710952
27335,0.20056899,0.09988333
27336,0.058127943,0.12407163
27337,0.25401482,0.6702312
27338,0.25930205,0.55873555
27339,0.42815784,0.29935566
27340,0.0127793485,0.12542456
27341,0.15803798,0.5574443
27342,0.04110228,0.5703581
27343,0.04445568,0.058144066
27344,0.30452666,0.5340329
27345,0.06888687,0.2491872
27346,0.66267544,0.90918195
27347,0.71890545,0.9186642
27348,0.112916425,0.2561992
27349,0.048138227,0.20880069
27350,0.2122855,0.91300035
27351,0.7499513,0.8980641
27352,0.11569884,0.38984534
27353,0.07493688,0.09986221
27354,0.16461581,0.819524
27355,0.18731318,0.22442621
27356,0.27902314,0.6133407
27357,0.05765677,0.26199242
27358,0.36595494,0.669116
27359,0.3048337,0.7580826
27360,0.13176864,0.56123286
27361,0.14398448,0.8972689
27362,0.22604817,0.4892784
27363,0.12966882,0.1513516
27364,0.06266835,0.45680285
27365,0.25952265,0.51444405
27366,0.51291597,0.72892594
27367,0.39268705,0.35277653
27368,0.09040159,0.6819297
27369,0.05755593,0.051808737
27370,0.030458238,0.79372513
27371,0.34360602,0.42339417
27372,0.057808794,0.113077596
27373,0.77847713,0.6463929
27374,0.009891574,0.2311848
27375,0.13049264,0.9130535
27376,0.59532857,0.25393692
27377,0.14644872,0.5448503
27378,0.050485488,0.11977258
27379,0.089402765,0.19684294
27380,0.09511685,0.9077798
27381,0.06352462,0.45927584
27382,0.23121789,0.17357722
27383,0.17422791,0.6901511
27384,0.11604239,0.4546597
27385,0.064854026,0.91376776
27386,0.2620583,0.881774
27387,0.10367445,0.5792868
27388,0.099640064,0.19057643
27389,0.13140304,0.09543293
27390,0.020048974,0.041563846
27391,0.16736118,0.79525363
27392,0.8593295,0.9201072
27393,0.017506694,0.052447192
27394,0.014254927,0.37945166
27395,0.6312359,0.53818357
27396,0.073450916,0.060829796
27397,0.86701775,0.954768
27398,0.18105423,0.69741666
27399,0.11467618,0.38748708
27400,0.24838108,0.71605486
27401,0.423816,0.47828057
27402,0.12708639,0.6860929
27403,0.06349115,0.16000958
27404,0.33816954,0.20733845
27405,0.9010743,0.91494864
27406,0.07132316,0.1382007
27407,0.071746,0.06606945
27408,0.07720421,0.538844
27409,0.73408055,0.95714736
27410,0.07762363,0.10867781
27411,0.09282869,0.1798331
27412,0.1888498,0.778955
27413,0.037270308,0.37314585
27414,0.55545986,0.6626752
27415,0.11633038,0.33953372
27416,0.08426387,0.18859732
27417,0.1438305,0.5208831
27418,0.3494817,0.15403315
27419,0.73241854,0.930006
27420,0.107180126,0.15383385
27421,0.21579403,0.22264239
27422,0.37153283,0.7753369
27423,0.0197977,0.2804176
27424,0.19071315,0.41716722
27425,0.09971046,0.5928666
27426,0.10456536,0.24438041
27427,0.14082463,0.34232068
27428,0.0359886,0.09287861
27429,0.61067617,0.16176468
27430,0.107593596,0.6040598
27431,0.24402145,0.55801564
27432,0.20387171,0.52200717
27433,0.06414353,0.76206857
27434,0.106376834,0.24749905
27435,0.15000641,0.5913681
27436,0.024657853,0.06129984
27437,0.08208347,0.13481764
27438,0.047014832,0.17138723
27439,0.31235856,0.33526212
27440,0.1478689,0.19820613
27441,0.80951697,0.9238419
27442,0.22951116,0.9006903
27443,0.052367724,0.09231474
27444,0.05874557,0.037170306
27445,0.030948441,0.037274346
27446,0.11920275,0.111423
27447,0.027974633,0.24551028
27448,0.3069758,0.5563697
27449,0.18730502,0.93528616
27450,0.11986767,0.8586904
27451,0.024495231,0.11554935
27452,0.09497476,0.08794759
27453,0.11144114,0.9454745
27454,0.1012836,0.25551128
27455,0.21367559,0.19864097
27456,0.2827025,0.42299324
27457,0.040517792,0.080479935
27458,0.06945884,0.3414172
27459,0.076708235,0.09435694
27460,0.6424129,0.8631902
27461,0.14254688,0.087420456
27462,0.04544945,0.3993283
27463,0.11435585,0.20883442
27464,0.6773228,0.7088876
27465,0.8366114,0.96445036
27466,0.024041628,0.060227487
27467,0.035857,0.17294645
27468,0.064567246,0.5377472
27469,0.05771075,0.51668346
27470,0.8730384,0.8755022
27471,0.072719544,0.76593137
27472,0.20771985,0.3843718
27473,0.09274662,0.2466839
27474,0.1941212,0.4307102
27475,0.0439755,0.04781785
27476,0.14980651,0.33041343
27477,0.114189945,0.21913457
27478,0.040741164,0.7635402
27479,0.100859724,0.21505435
27480,0.49505207,0.7737408
27481,0.72900933,0.7765652
27482,0.41935483,0.18960017
27483,0.53927696,0.8398061
27484,0.085726,0.8719974
27485,0.061928276,0.8239438
27486,0.24147801,0.21502542
27487,0.12217254,0.81215495
27488,0.8528641,0.91628855
27489,0.8432985,0.6495763
27490,0.023851471,0.19327193
27491,0.30965376,0.75326073
27492,0.036090594,0.4844096
27493,0.109851286,0.9080601
27494,0.37655306,0.7284873
27495,0.16870485,0.18881916
27496,0.038100563,0.115882166
27497,0.11144574,0.039245434
27498,0.064182945,0.6286931
27499,0.21475063,0.8997729
27500,0.10772509,0.9313038
27501,0.052487895,0.28548306
27502,0.05958853,0.6120593
27503,0.06700422,0.54912865
27504,0.017918149,0.021876583
27505,0.039143074,0.10817412
27506,0.54815227,0.9113721
27507,0.08142772,0.17749591
27508,0.12518676,0.30570102
27509,0.20742536,0.4676309
27510,0.54468584,0.17815903
27511,0.34484878,0.62719405
27512,0.068249956,0.12222675
27513,0.12616247,0.5072138
27514,0.58246756,0.5852971
27515,0.42415735,0.38107026
27516,0.40500024,0.7842757
27517,0.04698287,0.028354524
27518,0.82754374,0.9266916
27519,0.032912698,0.036991753
27520,0.062463842,0.06365733
27521,0.051897727,0.3779652
27522,0.119542584,0.10442721
27523,0.023397155,0.14462942
27524,0.10316191,0.43529636
27525,0.11764328,0.21587831
27526,0.67354155,0.76224995
27527,0.056417648,0.9147277
27528,0.29828787,0.8001071
27529,0.14992665,0.690138
27530,0.04499131,0.06264914
27531,0.09019456,0.05890936
27532,0.12737611,0.9113494
27533,0.2859536,0.35584763
27534,0.076106206,0.08066976
27535,0.10146932,0.8191202
27536,0.19460642,0.33950248
27537,0.7710018,0.7782968
27538,0.3293978,0.43063822
27539,0.5904015,0.81446993
27540,0.53533214,0.17899384
27541,0.68489635,0.8547662
27542,0.06031003,0.14434716
27543,0.54033625,0.5649725
27544,0.1389715,0.29394105
27545,0.1153585,0.057210054
27546,0.7319113,0.6429075
27547,0.09338463,0.088922806
27548,0.0422641,0.94121504
27549,0.05685021,0.8367473
27550,0.26666757,0.3352334
27551,0.22393909,0.59833527
27552,0.07927928,0.8770038
27553,0.0827445,0.31093854
27554,0.15639825,0.2712821
27555,0.055013355,0.12168896
27556,0.030443259,0.7251854
27557,0.2083171,0.8212639
27558,0.07488657,0.24261338
27559,0.12538166,0.69730794
27560,0.36820924,0.7900627
27561,0.47685087,0.8381471
27562,0.24702863,0.688128
27563,0.3146525,0.62024343
27564,0.14324829,0.43084717
27565,0.16610816,0.23657703
27566,0.23535892,0.18334104
27567,0.15098552,0.55988127
27568,0.73602384,0.9210276
27569,0.784139,0.65633756
27570,0.6536866,0.67270327
27571,0.059439898,0.06818179
27572,0.018222252,0.029676152
27573,0.048585206,0.20773087
27574,0.26275936,0.42231247
27575,0.018389132,0.15569103
27576,0.0491086,0.14821918
27577,0.13984044,0.6180421
27578,0.25130677,0.4908885
27579,0.07014003,0.48769537
27580,0.09040159,0.61469406
27581,0.12682256,0.18889035
27582,0.048650853,0.07428728
27583,0.13027494,0.17726077
27584,0.68252015,0.4615845
27585,0.1710865,0.3533875
27586,0.602409,0.750824
27587,0.079242885,0.7244996
27588,0.18155964,0.2731847
27589,0.09665465,0.38597906
27590,0.27737862,0.31618378
27591,0.52027607,0.6425908
27592,0.0552134,0.0316557
27593,0.07854683,0.08107883
27594,0.25083756,0.65684056
27595,0.03740466,0.13796653
27596,0.09043856,0.16567485
27597,0.10993617,0.17615438
27598,0.07770944,0.09845977
27599,0.55037796,0.7601885
27600,0.074692264,0.4794321
27601,0.057663675,0.837138
27602,0.7625414,0.85711056
27603,0.042289738,0.05949617
27604,0.053193584,0.42501733
27605,0.51372266,0.4107879
27606,0.110320054,0.16070269
27607,0.5788028,0.5329118
27608,0.17248249,0.64425606
27609,0.48332757,0.8718348
27610,0.39057204,0.6590801
27611,0.31238073,0.0490957
27612,0.05026607,0.44365236
27613,0.7037609,0.9329594
27614,0.0645152,0.2943357
27615,0.13119653,0.9593757
27616,0.01999014,0.030600412
27617,0.28495744,0.34152117
27618,0.12895969,0.39545405
27619,0.33495206,0.409209
27620,0.43358666,0.60625976
27621,0.14171275,0.49822557
27622,0.5802612,0.9366799
27623,0.05648875,0.72392595
27624,0.14347883,0.86097777
27625,0.07556069,0.37727505
27626,0.012909392,0.07639969
27627,0.7195209,0.78214777
27628,0.10653992,0.8188291
27629,0.018740742,0.0278762
27630,0.37664422,0.8307354
27631,0.20007281,0.25134772
27632,0.04245072,0.15670952
27633,0.4666657,0.7055477
27634,0.12616257,0.15092506
27635,0.06262435,0.31477937
27636,0.19717571,0.8476025
27637,0.07068649,0.104195304
27638,0.07012373,0.33150062
27639,0.044153046,0.19363368
27640,0.7105399,0.68061626
27641,0.51436144,0.6996339
27642,0.3421275,0.48500165
27643,0.05248755,0.0906421
27644,0.0813383,0.5966376
27645,0.1632756,0.08401984
27646,0.083403036,0.2896878
27647,0.108207285,0.15739702
27648,0.03924717,0.058058836
27649,0.08860164,0.10091983
27650,0.07837782,0.62616223
27651,0.25581253,0.91784644
27652,0.095365465,0.2354461
27653,0.031176068,0.06382614
27654,0.49380156,0.5005683
27655,0.13852769,0.30390486
27656,0.10499504,0.18127498
27657,0.35922766,0.18484418
27658,0.027593942,0.48977092
27659,0.032084636,0.019148413
27660,0.47988003,0.17769396
27661,0.20675796,0.049580358
27662,0.033563502,0.16532728
27663,0.1815591,0.9062462
27664,0.08646164,0.049497098
27665,0.6081291,0.68629277
27666,0.12431186,0.8600715
27667,0.035619233,0.12075549
27668,0.8954592,0.981851
27669,0.17924304,0.87897164
27670,0.47270447,0.94307005
27671,0.23535359,0.83532625
27672,0.06287356,0.14520039
27673,0.049586102,0.21220838
27674,0.087828696,0.4647368
27675,0.5247256,0.7888406
27676,0.3583423,0.9042821
27677,0.06884282,0.1609205
27678,0.17765826,0.2831917
27679,0.087564595,0.4166459
27680,0.77653295,0.8457188
27681,0.017034551,0.032301854
27682,0.052447405,0.8087877
27683,0.07152923,0.65417695
27684,0.080899455,0.16298202
27685,0.0456411,0.070165455
27686,0.15874848,0.37731713
27687,0.07231411,0.047515266
27688,0.18770042,0.71954215
27689,0.64987636,0.9132707
27690,0.8204652,0.84875447
27691,0.6557655,0.81886774
27692,0.056137398,0.24481396
27693,0.10251659,0.6169584
27694,0.07428954,0.36808032
27695,0.0733731,0.254035
27696,0.11632142,0.79268575
27697,0.61797076,0.89336413
27698,0.36897063,0.26382488
27699,0.072324336,0.114609264
27700,0.074558444,0.5422514
27701,0.15496358,0.25506318
27702,0.38015798,0.18885249
27703,0.03767836,0.023160696
27704,0.034809683,0.14429893
27705,0.7070829,0.7582681
27706,0.100306034,0.9164933
27707,0.049522296,0.23068474
27708,0.43387845,0.53321344
27709,0.2035896,0.17807753
27710,0.049935747,0.1027977
27711,0.873523,0.9101048
27712,0.039260622,0.0463334
27713,0.054615796,0.06690426
27714,0.14821045,0.09664185
27715,0.7850688,0.75875336
27716,0.16894425,0.56433517
27717,0.08296947,0.07415846
27718,0.13757995,0.26021016
27719,0.015960619,0.078065366
27720,0.12847945,0.2549815
27721,0.33512473,0.17387322
27722,0.110254526,0.32698983
27723,0.43136862,0.8753942
27724,0.07584555,0.11457047
27725,0.044755533,0.53981024
27726,0.08943743,0.20648623
27727,0.22207849,0.8892049
27728,0.4516758,0.47308853
27729,0.061276875,0.11424335
27730,0.7632577,0.80463606
27731,0.748254,0.8900589
27732,0.08422352,0.9253236
27733,0.04832323,0.29335806
27734,0.13264826,0.6140598
27735,0.6579587,0.57167673
27736,0.15908156,0.18910018
27737,0.21801572,0.7517745
27738,0.53614897,0.9442173
27739,0.5192743,0.6626591
27740,0.070750155,0.3230473
27741,0.5042697,0.70944047
27742,0.18196027,0.64471173
27743,0.6551658,0.77404165
27744,0.07009563,0.29963142
27745,0.82725614,0.86142707
27746,0.077354096,0.59619147
27747,0.10711907,0.24875377
27748,0.18403263,0.0930853
27749,0.29047236,0.8041215
27750,0.28519192,0.09036354
27751,0.08045069,0.16670653
27752,0.2763518,0.6676319
27753,0.032615747,0.0425556
27754,0.13474326,0.8123122
27755,0.8788192,0.9678834
27756,0.1020898,0.18942986
27757,0.048875086,0.089927375
27758,0.03854745,0.8895541
27759,0.038625006,0.086308785
27760,0.42734587,0.73738796
27761,0.055650756,0.7857111
27762,0.0955954,0.043508835
27763,0.07854628,0.51920867
27764,0.16789424,0.6092164
27765,0.24544606,0.4214921
27766,0.7961951,0.7067138
27767,0.39615202,0.8104064
27768,0.03398462,0.0218546
27769,0.09303035,0.30203277
27770,0.08505887,0.69294614
27771,0.069404,0.54431826
27772,0.7539876,0.8192636
27773,0.089502834,0.3227955
27774,0.15929037,0.13261476
27775,0.14172392,0.1847075
27776,0.03602809,0.050275244
27777,0.13087551,0.39022988
27778,0.2859127,0.097505584
27779,0.087606214,0.22813013
27780,0.080473796,0.8174938
27781,0.036201384,0.04335914
27782,0.85032797,0.98552424
27783,0.09369675,0.67164034
27784,0.15621063,0.17447457
27785,0.112967566,0.2326464
27786,0.06736938,0.056845464
27787,0.118246086,0.10599516
27788,0.033341642,0.07243985
27789,0.81492877,0.9051878
27790,0.76302874,0.82267404
27791,0.093517624,0.4173907
27792,0.0694214,0.63117206
27793,0.1996046,0.11675671
27794,0.11345013,0.1756508
27795,0.5112712,0.70355105
27796,0.11771917,0.52497387
27797,0.5415778,0.60134435
27798,0.12628521,0.054971974
27799,0.06996511,0.08966213
27800,0.25871712,0.19330987
27801,0.03867004,0.12525907
27802,0.7332859,0.92434037
27803,0.02433565,0.028013123
27804,0.64280105,0.89111954
27805,0.073949054,0.14930424
27806,0.5755861,0.7354031
27807,0.15187724,0.87062794
27808,0.22402546,0.2109426
27809,0.7827779,0.9165084
27810,0.03895839,0.093713105
27811,0.03509877,0.11445329
27812,0.072036326,0.16776997
27813,0.42998138,0.46669015
27814,0.11622832,0.30128354
27815,0.050803196,0.32949477
27816,0.5552781,0.75528425
27817,0.07397228,0.2280075
27818,0.30984685,0.80386585
27819,0.0583921,0.1489898
27820,0.73488694,0.44081804
27821,0.14284234,0.35772592
27822,0.11146564,0.21396571
27823,0.3322058,0.16882363
27824,0.12114564,0.90255713
27825,0.31186685,0.13310686
27826,0.103766434,0.53336424
27827,0.021690264,0.057109617
27828,0.050811484,0.27456564
27829,0.037143,0.102815196
27830,0.3607181,0.21990125
27831,0.13887048,0.46363914
27832,0.11726845,0.35096234
27833,0.27284423,0.2645085
27834,0.7043329,0.8532737
27835,0.5687987,0.8784943
27836,0.10097768,0.9412426
27837,0.6639566,0.8475832
27838,0.05273579,0.41143996
27839,0.038299013,0.1285149
27840,0.25270668,0.56017655
27841,0.1374495,0.41651893
27842,0.3007157,0.86449033
27843,0.08790562,0.46591917
27844,0.12316669,0.93400294
27845,0.12423535,0.83110625
27846,0.076298274,0.11507452
27847,0.09644016,0.4901585
27848,0.8377799,0.9003017
27849,0.115237854,0.8020695
27850,0.14387383,0.084648594
27851,0.44245365,0.30142656
27852,0.4722625,0.7530395
27853,0.14933158,0.092760965
27854,0.26385427,0.69297653
27855,0.24185497,0.4374227
27856,0.49178073,0.8800252
27857,0.6029942,0.9299209
27858,0.72211343,0.9342477
27859,0.7995397,0.94892776
27860,0.1674088,0.87884325
27861,0.08196931,0.24915327
27862,0.09122704,0.28415117
27863,0.23924536,0.24755722
27864,0.109625645,0.36640763
27865,0.31131315,0.8486773
27866,0.6438714,0.8378236
27867,0.49639976,0.6319471
27868,0.60119814,0.77907974
27869,0.06918193,0.46211606
27870,0.33384863,0.018461512
27871,0.08117037,0.65053123
27872,0.0396911,0.07541303
27873,0.33772585,0.053091805
27874,0.4570312,0.8082974
27875,0.35075286,0.43254384
27876,0.017634358,0.019251848
27877,0.5014111,0.5904436
27878,0.091224864,0.80489296
27879,0.10699542,0.5337134
27880,0.08796492,0.116508394
27881,0.16939823,0.7605362
27882,0.0816533,0.38706133
27883,0.037917685,0.048152417
27884,0.15280893,0.18419704
27885,0.026197506,0.04951
27886,0.10842066,0.14451581
27887,0.71971667,0.48659128
27888,0.030657357,0.3406157
27889,0.11541905,0.09732878
27890,0.182298,0.4028071
27891,0.39226487,0.5896086
27892,0.118263595,0.04706437
27893,0.08698705,0.11447509
27894,0.107855596,0.36454076
27895,0.0502831,0.62785673
27896,0.07433961,0.49080136
27897,0.027386902,0.060401414
27898,0.037813574,0.050103262
27899,0.061075937,0.32155716
27900,0.40885335,0.84983695
27901,0.05111734,0.1383189
27902,0.078995295,0.28604442
27903,0.047595233,0.12348454
27904,0.24746184,0.19499433
27905,0.06879957,0.1342048
27906,0.12047668,0.6053303
27907,0.90074223,0.9814089
27908,0.15396608,0.6349755
27909,0.16296686,0.24930154
27910,0.21903309,0.74898845
27911,0.29384455,0.73482645
27912,0.07963603,0.4493405
27913,0.035193693,0.13559914
27914,0.04437413,0.32332245
27915,0.06396267,0.32666317
27916,0.1376767,0.43867075
27917,0.10966724,0.45679256
27918,0.1759839,0.94194216
27919,0.29327932,0.43231627
27920,0.11587379,0.86809576
27921,0.050117377,0.51939297
27922,0.30430004,0.41562617
27923,0.24348524,0.90129584
27924,0.29700446,0.06005301
27925,0.019241722,0.037956886
27926,0.27877703,0.17336291
27927,0.037205875,0.093399234
27928,0.84755254,0.82812834
27929,0.07808728,0.8791962
27930,0.20104656,0.12574354
27931,0.8461072,0.9405145
27932,0.2683628,0.14102331
27933,0.0125726955,0.22226655
27934,0.5145213,0.7527601
27935,0.2771774,0.77829784
27936,0.2259268,0.6059519
27937,0.86411047,0.77261776
27938,0.08687374,0.12573887
27939,0.03666087,0.05301602
27940,0.044735003,0.13581878
27941,0.053948086,0.26271164
27942,0.04455439,0.09480307
27943,0.06326669,0.6520627
27944,0.29448754,0.30154246
27945,0.4120396,0.30255863
27946,0.065453365,0.079765946
27947,0.6618319,0.89438075
27948,0.016507672,0.08482059
27949,0.12259126,0.54480076
27950,0.094162166,0.83796155
27951,0.48498392,0.6470101
27952,0.086397685,0.8912054
27953,0.08901559,0.5884473
27954,0.1122021,0.7659623
27955,0.039359555,0.83990824
27956,0.5348057,0.7753546
27957,0.02440505,0.14759608
27958,0.64715433,0.8892975
27959,0.40439075,0.18471967
27960,0.12662861,0.53976357
27961,0.08833651,0.1899066
27962,0.82371175,0.9272593
27963,0.037915606,0.08068161
27964,0.0374917,0.031125829
27965,0.07056556,0.05893611
27966,0.48850787,0.8541385
27967,0.047942515,0.08885482
27968,0.11176607,0.349073
27969,0.7857166,0.90758085
27970,0.40253523,0.19720805
27971,0.07155087,0.74865717
27972,0.06927285,0.36512744
27973,0.73582435,0.8694345
27974,0.101275526,0.24755079
27975,0.08913209,0.07684525
27976,0.07014954,0.1026068
27977,0.08222566,0.15092401
27978,0.07671679,0.3503326
27979,0.29998553,0.8991227
27980,0.041137848,0.051032178
27981,0.093076274,0.3937932
27982,0.22079809,0.716859
27983,0.79020154,0.9731607
27984,0.13508387,0.16118975
27985,0.090824775,0.88602275
27986,0.7720625,0.9031861
27987,0.11456777,0.5261704
27988,0.041840144,0.4339497
27989,0.09174248,0.3177346
27990,0.11770047,0.4700799
27991,0.062623434,0.34267738
27992,0.032296058,0.01814856
27993,0.12513572,0.07227617
27994,0.459464,0.8706871
27995,0.21726665,0.72753537
27996,0.018118214,0.042005245
27997,0.0963971,0.19484589
27998,0.13903071,0.8393151
27999,0.33633325,0.78582764
28000,0.06628255,0.11276831
28001,0.017549478,0.018866725
28002,0.027947526,0.040237926
28003,0.07373065,0.3397281
28004,0.23849322,0.6583763
28005,0.06563048,0.346968
28006,0.1012775,0.11258011
28007,0.058453087,0.38604414
28008,0.024189584,0.79613054
28009,0.104765765,0.40440616
28010,0.056346547,0.07724931
28011,0.042548683,0.53821886
28012,0.71324193,0.8761026
28013,0.29714927,0.83568954
28014,0.05147339,0.07279375
28015,0.19374232,0.6893275
28016,0.5813601,0.87947994
28017,0.10036996,0.30067563
28018,0.071925,0.6784749
28019,0.097848,0.1045764
28020,0.05030566,0.03674143
28021,0.32672304,0.16258933
28022,0.44173607,0.45871398
28023,0.45568666,0.48254237
28024,0.036836427,0.28675118
28025,0.7509524,0.8294005
28026,0.0663349,0.11138857
28027,0.48937872,0.60882115
28028,0.22266395,0.94836843
28029,0.3958768,0.6280076
28030,0.6467872,0.91156214
28031,0.033909112,0.064133815
28032,0.06865314,0.58023435
28033,0.28559947,0.048592545
28034,0.45174667,0.7265378
28035,0.16417487,0.15124667
28036,0.14563027,0.21720035
28037,0.059353758,0.57169396
28038,0.038155384,0.055566203
28039,0.15927693,0.39298567
28040,0.16632925,0.9357677
28041,0.10997493,0.91451424
28042,0.068685524,0.11854899
28043,0.5411723,0.89761406
28044,0.069627725,0.2360025
28045,0.11311917,0.42052805
28046,0.0675555,0.5686492
28047,0.30531487,0.80979484
28048,0.055687226,0.047845453
28049,0.120832555,0.9184274
28050,0.067405745,0.1923385
28051,0.15277451,0.81514835
28052,0.3730808,0.65104157
28053,0.056515887,0.15145195
28054,0.54239506,0.058740668
28055,0.0904824,0.12710033
28056,0.55936956,0.92356205
28057,0.04827157,0.824936
28058,0.035883732,0.17922592
28059,0.0670202,0.18082505
28060,0.036324233,0.19944705
28061,0.09140089,0.22940858
28062,0.2729798,0.3018087
28063,0.21648362,0.19629738
28064,0.048921544,0.51598555
28065,0.10549229,0.12105827
28066,0.09403851,0.46055785
28067,0.12523627,0.89606774
28068,0.16801995,0.083778724
28069,0.10362494,0.43849054
28070,0.08017277,0.5320823
28071,0.13456772,0.48725063
28072,0.09120043,0.3146405
28073,0.02679343,0.07314765
28074,0.35313737,0.5706316
28075,0.069352105,0.12877938
28076,0.09557262,0.4624659
28077,0.095274985,0.16522741
28078,0.12775742,0.72304803
28079,0.2741017,0.90699977
28080,0.11300277,0.14176935
28081,0.36499995,0.7892376
28082,0.15243027,0.5285709
28083,0.018009642,0.019346818
28084,0.047710065,0.039609868
28085,0.55831724,0.28383937
28086,0.26761964,0.78403986
28087,0.081691116,0.9077316
28088,0.5191934,0.5867372
28089,0.048457522,0.30997396
28090,0.07337838,0.5152482
28091,0.045812644,0.0982063
28092,0.022153037,0.06723475
28093,0.044690903,0.419972
28094,0.090527356,0.5152678
28095,0.86305153,0.8018971
28096,0.52422726,0.8199091
28097,0.06047365,0.05249286
28098,0.22793753,0.4983677
28099,0.049205042,0.112138145
28100,0.051188078,0.13840024
28101,0.19251148,0.7879215
28102,0.056217607,0.2194429
28103,0.094069615,0.8093432
28104,0.33431995,0.9434463
28105,0.066822894,0.09414575
28106,0.05370072,0.42384034
28107,0.06416184,0.1355092
28108,0.33685586,0.45418617
28109,0.09995471,0.1580837
28110,0.20541778,0.8378196
28111,0.087866575,0.37721038
28112,0.40290332,0.49602276
28113,0.19903527,0.7447767
28114,0.07259177,0.12940423
28115,0.07978066,0.31843382
28116,0.064266466,0.23352249
28117,0.04519113,0.10680677
28118,0.12263205,0.14101762
28119,0.38410407,0.6813001
28120,0.68631196,0.7391533
28121,0.68684417,0.8804431
28122,0.035423234,0.011096773
28123,0.06915112,0.044527188
28124,0.08900358,0.22161932
28125,0.26684463,0.36023214
28126,0.26094934,0.5073751
28127,0.14847624,0.40740907
28128,0.038835373,0.012158064
28129,0.47751874,0.9106827
28130,0.08501837,0.15411824
28131,0.114898816,0.11741503
28132,0.4528572,0.9464322
28133,0.16098642,0.944613
28134,0.12085623,0.29036406
28135,0.16096048,0.86484665
28136,0.13427491,0.7900372
28137,0.08323791,0.20401573
28138,0.19184524,0.86586285
28139,0.5178871,0.94284046
28140,0.6839553,0.8882819
28141,0.032581568,0.021804571
28142,0.032758314,0.08060523
28143,0.16988535,0.18365479
28144,0.090122275,0.8405383
28145,0.18187457,0.36315712
28146,0.044445585,0.111085966
28147,0.08159906,0.42830285
28148,0.58393705,0.42951134
28149,0.051078495,0.110511824
28150,0.2292758,0.7872786
28151,0.07682077,0.4529625
28152,0.20137304,0.34589618
28153,0.038459253,0.088829376
28154,0.041140735,0.07221902
28155,0.025527176,0.77547467
28156,0.051555462,0.5105797
28157,0.10066139,0.10450849
28158,0.47564065,0.9265697
28159,0.5277642,0.8465042
28160,0.09635387,0.1086597
28161,0.22367784,0.76035595
28162,0.22776307,0.8858683
28163,0.2588086,0.2545225
28164,0.44238675,0.75744146
28165,0.060522106,0.26065397
28166,0.60454166,0.9526054
28167,0.11624669,0.35619086
28168,0.4470653,0.806547
28169,0.043649618,0.110353574
28170,0.105931215,0.36439434
28171,0.22516073,0.33341813
28172,0.11223149,0.65051013
28173,0.020169053,0.06713494
28174,0.119640306,0.114321634
28175,0.14121518,0.79151297
28176,0.030068709,0.015752258
28177,0.098483816,0.27528095
28178,0.10034778,0.7554084
28179,0.16446282,0.2916081
28180,0.12867504,0.2347346
28181,0.09317435,0.23965506
28182,0.082751684,0.27300477
28183,0.08598496,0.06399111
28184,0.021917725,0.07400557
28185,0.16383184,0.30716792
28186,0.093215354,0.24969026
28187,0.22352335,0.35060564
28188,0.14952397,0.15696624
28189,0.05939943,0.09122342
28190,0.11426311,0.43805832
28191,0.017903447,0.013952416
28192,0.08682866,0.12415127
28193,0.08354099,0.9343486
28194,0.053026278,0.4494386
28195,0.23767678,0.84020615
28196,0.7427888,0.8740908
28197,0.15353905,0.41919369
28198,0.6468431,0.81527877
28199,0.08897225,0.58321786
28200,0.047476467,0.32270655
28201,0.107587844,0.20097977
28202,0.07685035,0.5194413
28203,0.55555224,0.92275673
28204,0.054381855,0.06350312
28205,0.5003431,0.2592843
28206,0.09744149,0.22876886
28207,0.4083832,0.62093735
28208,0.059458237,0.25468066
28209,0.47084984,0.61082786
28210,0.027867189,0.08636121
28211,0.57636374,0.71553516
28212,0.6135463,0.7164169
28213,0.7706745,0.9711345
28214,0.017698068,0.16882144
28215,0.3282268,0.5922667
28216,0.09905483,0.1929294
28217,0.033832047,0.1131076
28218,0.6000459,0.97469795
28219,0.08202446,0.044342127
28220,0.15088427,0.3015374
28221,0.10782429,0.11113709
28222,0.20156188,0.7549835
28223,0.19105184,0.92495465
28224,0.2761914,0.10254096
28225,0.16231069,0.40359142
28226,0.0377494,0.06087736
28227,0.22904554,0.9607026
28228,0.03980202,0.42883414
28229,0.72823924,0.78577805
28230,0.025824066,0.016566884
28231,0.68163437,0.9049217
28232,0.37453035,0.33078715
28233,0.19045775,0.37769654
28234,0.64296913,0.9696601
28235,0.032846976,0.28686896
28236,0.032149673,0.061773863
28237,0.085730314,0.12119629
28238,0.16624787,0.8783944
28239,0.08766744,0.45379433
28240,0.52214575,0.10793026
28241,0.033718385,0.082155585
28242,0.5058147,0.61532575
28243,0.1373865,0.31538883
28244,0.14456102,0.76471704
28245,0.09820626,0.6353284
28246,0.0458872,0.055359524
28247,0.49043372,0.13377032
28248,0.18481043,0.4834107
28249,0.079863116,0.41603646
28250,0.19432977,0.76386404
28251,0.26034963,0.77432525
28252,0.101159334,0.11578676
28253,0.40426812,0.8945218
28254,0.16516449,0.1439818
28255,0.26331487,0.31949475
28256,0.8353237,0.74252766
28257,0.041422114,0.07238114
28258,0.122229174,0.09776668
28259,0.0351473,0.66477144
28260,0.22131231,0.30270833
28261,0.22664396,0.41896397
28262,0.058103547,0.1561515
28263,0.1099442,0.21342418
28264,0.36830482,0.7201757
28265,0.1604074,0.76343524
28266,0.022948928,0.025974289
28267,0.09223745,0.55275214
28268,0.12717338,0.16482167
28269,0.10403182,0.16100477
28270,0.21509077,0.88292223
28271,0.85461336,0.6284578
28272,0.11143062,0.58186096
28273,0.15171976,0.43853226
28274,0.67714053,0.8914085
28275,0.15008211,0.4622059
28276,0.21674716,0.55334723
28277,0.02180289,0.050490744
28278,0.15355872,0.7865296
28279,0.6600103,0.8044018
28280,0.04188934,0.13693982
28281,0.030131329,0.016173027
28282,0.05115129,0.070216574
28283,0.15268677,0.11168146
28284,0.6767788,0.4147483
28285,0.4904694,0.42871723
28286,0.0470881,0.33567423
28287,0.058953952,0.18276995
28288,0.077644885,0.18104613
28289,0.012019898,0.041029092
28290,0.043200903,0.031832136
28291,0.61553967,0.9057408
28292,0.045250073,0.2550967
28293,0.04434053,0.16597237
28294,0.6329586,0.87014306
28295,0.05811815,0.42851344
28296,0.47397396,0.4825543
28297,0.036584724,0.027367951
28298,0.100535884,0.69481814
28299,0.08139866,0.27969038
28300,0.061699823,0.25383353
28301,0.04494282,0.071704425
28302,0.095466696,0.21594357
28303,0.92157716,0.9805704
28304,0.08797741,0.25656012
28305,0.11636686,0.18302502
28306,0.06916567,0.064724475
28307,0.20021892,0.7602581
28308,0.5824523,0.9832403
28309,0.020477567,0.061355747
28310,0.13799694,0.40050524
28311,0.1207634,0.9127409
28312,0.02787699,0.5998139
28313,0.0475318,0.20138122
28314,0.09980529,0.2957255
28315,0.8496761,0.94643563
28316,0.02827553,0.14457609
28317,0.059469286,0.07029433
28318,0.02010807,0.08224255
28319,0.07118806,0.22463399
28320,0.5935134,0.7846957
28321,0.16089934,0.96291274
28322,0.35430527,0.42997053
28323,0.25117862,0.6809619
28324,0.07365295,0.9664788
28325,0.052686166,0.80791813
28326,0.27816623,0.55215645
28327,0.84716403,0.80929327
28328,0.5455404,0.16214156
28329,0.25018412,0.47437754
28330,0.23368955,0.38246644
28331,0.027792055,0.0736586
28332,0.032820497,0.036356587
28333,0.22850852,0.25092882
28334,0.106877044,0.15545535
28335,0.041479502,0.19857231
28336,0.5369022,0.8125262
28337,0.079021804,0.10352349
28338,0.09714719,0.18508793
28339,0.80155283,0.9047882
28340,0.19007687,0.4877007
28341,0.5381465,0.88565564
28342,0.20366713,0.108774446
28343,0.60126096,0.8801406
28344,0.05786684,0.42020535
28345,0.19176881,0.61701006
28346,0.20327784,0.74060714
28347,0.2599067,0.67915297
28348,0.059183203,0.3985468
28349,0.01768562,0.03150752
28350,0.89642376,0.974127
28351,0.08414535,0.65192324
28352,0.14261428,0.6112064
28353,0.36007017,0.6829011
28354,0.02806048,0.06562597
28355,0.30536786,0.50266695
28356,0.0747523,0.69498813
28357,0.03803072,0.09676183
28358,0.3306493,0.43138433
28359,0.124426164,0.97366387
28360,0.5902813,0.8304065
28361,0.21245478,0.3811971
28362,0.11914635,0.94644845
28363,0.6857257,0.91566056
28364,0.73340535,0.92271614
28365,0.04389363,0.026230728
28366,0.058413137,0.07447225
28367,0.17185973,0.369917
28368,0.7372136,0.8661038
28369,0.0305759,0.013139957
28370,0.31688088,0.72734207
28371,0.16904777,0.21356194
28372,0.067977905,0.08675239
28373,0.178377,0.13270988
28374,0.066159785,0.16856274
28375,0.16949043,0.19931456
28376,0.10741082,0.45694575
28377,0.08146788,0.25869736
28378,0.018100968,0.019822402
28379,0.10473315,0.28838867
28380,0.19097155,0.24390332
28381,0.6767192,0.95235807
28382,0.13664976,0.16227198
28383,0.06531129,0.06853198
28384,0.07818732,0.20895898
28385,0.67278016,0.90345436
28386,0.10984395,0.18807848
28387,0.15719453,0.90343344
28388,0.57247436,0.57359594
28389,0.049144205,0.09046733
28390,0.7116977,0.93455034
28391,0.12150069,0.2783867
28392,0.3982523,0.59002423
28393,0.069102116,0.96575594
28394,0.056812774,0.28019932
28395,0.024610536,0.7291029
28396,0.058426745,0.1677166
28397,0.20328201,0.2239048
28398,0.066595905,0.09530222
28399,0.8625544,0.93539155
28400,0.10725117,0.8860484
28401,0.022626828,0.045681313
28402,0.23890042,0.3966528
28403,0.38832444,0.5893877
28404,0.05290021,0.59762317
28405,0.030425817,0.111834496
28406,0.087750316,0.12548295
28407,0.776496,0.30616537
28408,0.12018746,0.8973976
28409,0.017741716,0.0838583
28410,0.7416259,0.89899164
28411,0.33661804,0.1694308
28412,0.60579467,0.7837109
28413,0.14587244,0.1301673
28414,0.87953794,0.97590536
28415,0.037283357,0.042631004
28416,0.09203169,0.23886336
28417,0.063357145,0.112725474
28418,0.7779307,0.49464118
28419,0.83586276,0.86858165
28420,0.6042966,0.8193266
28421,0.07893656,0.4956482
28422,0.17088643,0.25609598
28423,0.049977247,0.05986604
28424,0.5852832,0.22452493
28425,0.038520638,0.06639754
28426,0.064673774,0.341334
28427,0.4260651,0.32503513
28428,0.07677264,0.8348471
28429,0.15336645,0.060496967
28430,0.7463189,0.7320383
28431,0.87582237,0.8806808
28432,0.013932462,0.062772125
28433,0.3629502,0.23717938
28434,0.053724665,0.47469425
28435,0.26759028,0.7457805
28436,0.05047822,0.07106747
28437,0.05547078,0.34370458
28438,0.02729506,0.06526903
28439,0.059339233,0.10259289
28440,0.09482109,0.91408986
28441,0.74066573,0.864324
28442,0.09729956,0.8673052
28443,0.61310214,0.86906904
28444,0.33891422,0.2678473
28445,0.10514984,0.12221977
28446,0.05432479,0.2778497
28447,0.14295252,0.5789872
28448,0.7441572,0.31849286
28449,0.07015149,0.58638793
28450,0.06755687,0.40664884
28451,0.040962454,0.10867949
28452,0.0575214,0.100392126
28453,0.029559614,0.44001418
28454,0.09228883,0.19733156
28455,0.7925854,0.89108044
28456,0.08076564,0.417964
28457,0.4750037,0.68805206
28458,0.09115902,0.45887202
28459,0.017462952,0.022846123
28460,0.03809989,0.04131398
28461,0.16504931,0.22034974
28462,0.04108172,0.29314253
28463,0.40726134,0.1358646
28464,0.112648726,0.518237
28465,0.60919446,0.62008256
28466,0.08852118,0.08121448
28467,0.33820945,0.69774896
28468,0.22410445,0.3638952
28469,0.06826093,0.17283097
28470,0.07942517,0.22190613
28471,0.068887405,0.81278557
28472,0.09334698,0.43105766
28473,0.030976238,0.11750881
28474,0.07643392,0.24377932
28475,0.36865115,0.56779164
28476,0.051709693,0.0926076
28477,0.030831743,0.02223659
28478,0.27222478,0.4915664
28479,0.40379408,0.50858676
28480,0.082679965,0.27777055
28481,0.031581055,0.5638917
28482,0.28862795,0.71585554
28483,0.05254131,0.31736222
28484,0.06736162,0.5997977
28485,0.039000634,0.044594355
28486,0.0450387,0.054177336
28487,0.017445909,0.0365348
28488,0.27249575,0.80075926
28489,0.3772084,0.23526616
28490,0.090992965,0.6267617
28491,0.16612971,0.6573662
28492,0.16156307,0.6608133
28493,0.08057699,0.04000498
28494,0.66815406,0.35478008
28495,0.046108674,0.06451232
28496,0.11692188,0.8952475
28497,0.10315681,0.20284516
28498,0.07564837,0.2504044
28499,0.11603197,0.74373436
28500,0.07342198,0.15099631
28501,0.123810105,0.557433
28502,0.09642069,0.28034547
28503,0.450883,0.2694202
28504,0.052348796,0.08349821
28505,0.03593228,0.028118124
28506,0.6244161,0.8048188
28507,0.021642566,0.044770166
28508,0.7454697,0.97022176
28509,0.033731345,0.075433955
28510,0.36826926,0.6059665
28511,0.107331276,0.8488561
28512,0.078470014,0.2310713
28513,0.24705762,0.19000526
28514,0.085753724,0.28483802
28515,0.03617582,0.13239166
28516,0.2528486,0.34742883
28517,0.041528635,0.13142739
28518,0.05308097,0.5594033
28519,0.12278396,0.33450595
28520,0.12860465,0.12364669
28521,0.14318201,0.8120036
28522,0.4647935,0.7553264
28523,0.06883283,0.21801959
28524,0.51353884,0.20682335
28525,0.1042188,0.13646758
28526,0.07909888,0.14666133
28527,0.05812699,0.28157362
28528,0.35114574,0.52298194
28529,0.050019924,0.097666666
28530,0.12063856,0.88632643
28531,0.07493409,0.1304826
28532,0.036335353,0.042238224
28533,0.07528049,0.16003804
28534,0.033291884,0.031771082
28535,0.041949596,0.1285461
28536,0.13659479,0.76366884
28537,0.05936978,0.49412587
28538,0.66862977,0.85072577
28539,0.010724548,0.051143236
28540,0.12556484,0.9615892
28541,0.4890691,0.725707
28542,0.071251355,0.06676492
28543,0.18200842,0.29894945
28544,0.28878677,0.56645614
28545,0.2083575,0.765027
28546,0.15615103,0.21559407
28547,0.06042405,0.5998419
28548,0.031367917,0.03751381
28549,0.04633734,0.16981153
28550,0.032481145,0.39655128
28551,0.1861669,0.9150231
28552,0.22853962,0.3659347
28553,0.070824064,0.090627834
28554,0.3838942,0.61498713
28555,0.26101884,0.42192703
28556,0.08886644,0.07421433
28557,0.18870819,0.905786
28558,0.115381144,0.4197772
28559,0.041164998,0.084594354
28560,0.1357185,0.70534086
28561,0.5964173,0.91815
28562,0.12943527,0.16116744
28563,0.0815968,0.16096675
28564,0.055210736,0.041754004
28565,0.110982396,0.36157274
28566,0.26913884,0.7193683
28567,0.033494603,0.12252763
28568,0.050944556,0.43813345
28569,0.38990116,0.5372569
28570,0.04127136,0.22287421
28571,0.024480835,0.14271063
28572,0.011104929,0.0722975
28573,0.6246985,0.956158
28574,0.17976707,0.42192075
28575,0.42951632,0.7045929
28576,0.15571743,0.11224182
28577,0.08515343,0.95884764
28578,0.013404807,0.038377155
28579,0.1362662,0.59371287
28580,0.30763578,0.617337
28581,0.055172395,0.46273592
28582,0.2003998,0.4598938
28583,0.13552658,0.78665143
28584,0.09886414,0.8146846
28585,0.11254204,0.2141149
28586,0.07460995,0.19919781
28587,0.49873167,0.6819387
28588,0.113235526,0.31102157
28589,0.75309116,0.90713346
28590,0.03265958,0.097610645
28591,0.70330894,0.9505464
28592,0.9257119,0.97914886
28593,0.1750634,0.651979
28594,0.12777318,0.1375209
28595,0.028131528,0.5399075
28596,0.079852596,0.19900167
28597,0.10244602,0.81178445
28598,0.10606526,0.15962219
28599,0.100376196,0.1849915
28600,0.028835412,0.18976687
28601,0.23975205,0.81189495
28602,0.54569983,0.7498982
28603,0.13274015,0.21191895
28604,0.53648067,0.19817606
28605,0.0327185,0.051567484
28606,0.088314414,0.23612854
28607,0.024687072,0.022807552
28608,0.11959962,0.19030415
28609,0.53069997,0.83220804
28610,0.31533214,0.15355028
28611,0.06208629,0.08165607
28612,0.11790273,0.78000396
28613,0.09065464,0.12921576
28614,0.05819879,0.15377699
28615,0.043711938,0.14684312
28616,0.10332275,0.35036856
28617,0.04699452,0.10640022
28618,0.08448707,0.048593976
28619,0.38590747,0.48109782
28620,0.3230208,0.5273378
28621,0.06678517,0.8532226
28622,0.73516047,0.61657727
28623,0.18517503,0.38876984
28624,0.033588756,0.24649757
28625,0.23357664,0.06197087
28626,0.12776545,0.8492323
28627,0.32234383,0.7746568
28628,0.23376937,0.33438817
28629,0.015157904,0.01358445
28630,0.8433421,0.94899243
28631,0.06397679,0.4516964
28632,0.107834615,0.26935005
28633,0.56164515,0.5731266
28634,0.48660553,0.40073794
28635,0.34740186,0.83475596
28636,0.11605179,0.52643996
28637,0.5552589,0.72506714
28638,0.10020371,0.09543844
28639,0.13469158,0.78860646
28640,0.06015277,0.5352664
28641,0.07131987,0.45042437
28642,0.20721413,0.5358727
28643,0.032708704,0.2244066
28644,0.20768364,0.38839176
28645,0.061770223,0.3269628
28646,0.15647869,0.20379579
28647,0.030717777,0.24991342
28648,0.1645538,0.4917516
28649,0.4554888,0.39574856
28650,0.16985147,0.16689663
28651,0.7275301,0.7770292
28652,0.055665784,0.048089553
28653,0.10192673,0.61412084
28654,0.11508952,0.7765324
28655,0.117178276,0.7504175
28656,0.7164768,0.8412697
28657,0.067676626,0.07944285
28658,0.77616274,0.9002815
28659,0.029453777,0.025758047
28660,0.65611327,0.19205259
28661,0.4876414,0.45801964
28662,0.088576965,0.14731503
28663,0.15031162,0.29168752
28664,0.04884402,0.58361155
28665,0.25434524,0.13266645
28666,0.09714686,0.07362669
28667,0.2389375,0.5585122
28668,0.1922896,0.25858667
28669,0.3945908,0.84466934
28670,0.17141134,0.13100223
28671,0.09291968,0.13612428
28672,0.076501705,0.5337849
28673,0.17991771,0.71032023
28674,0.071477234,0.09693544
28675,0.686052,0.9474299
28676,0.056856178,0.42682785
28677,0.13813768,0.9436184
28678,0.077418745,0.1949266
28679,0.37368634,0.3913135
28680,0.06297922,0.25703672
28681,0.2663233,0.7589584
28682,0.66453356,0.8950554
28683,0.11218195,0.31527624
28684,0.03548604,0.06224958
28685,0.016777975,0.21946616
28686,0.17444547,0.83523506
28687,0.058203004,0.07204649
28688,0.19638443,0.8144621
28689,0.56173813,0.8836614
28690,0.09510822,0.41970068
28691,0.39470515,0.53367794
28692,0.08457072,0.888462
28693,0.045361407,0.87587684
28694,0.20092274,0.6974404
28695,0.20975523,0.6020607
28696,0.07135437,0.50099665
28697,0.14909497,0.41624594
28698,0.79447144,0.6803224
28699,0.061548546,0.09600372
28700,0.18682562,0.9335492
28701,0.17941584,0.17897055
28702,0.061702013,0.2838711
28703,0.15116335,0.56935024
28704,0.22212078,0.8506204
28705,0.18630485,0.7895688
28706,0.17401354,0.18913975
28707,0.040993992,0.09055084
28708,0.19361578,0.17039695
28709,0.02125662,0.021642966
28710,0.7919271,0.9185726
28711,0.6634279,0.91919756
28712,0.12658834,0.08755572
28713,0.30216464,0.26132935
28714,0.69898456,0.25270063
28715,0.7144442,0.86804086
28716,0.03909753,0.06371088
28717,0.118077375,0.54015875
28718,0.08887769,0.353558
28719,0.058672138,0.08182643
28720,0.078119844,0.07625937
28721,0.055042043,0.28738573
28722,0.21209267,0.40904117
28723,0.070536174,0.85595405
28724,0.072809346,0.44141707
28725,0.46183997,0.93943125
28726,0.08129237,0.2428871
28727,0.110671684,0.17267977
28728,0.14900972,0.09548072
28729,0.072197415,0.72982997
28730,0.3998983,0.5886501
28731,0.06416967,0.35503462
28732,0.07684734,0.112209715
28733,0.09273035,0.17241496
28734,0.116232365,0.5349317
28735,0.13720483,0.32396775
28736,0.20531413,0.18548506
28737,0.25583375,0.77093595
28738,0.07949938,0.92997533
28739,0.33165303,0.73831767
28740,0.4424025,0.91022915
28741,0.023151299,0.24421899
28742,0.08471183,0.107492015
28743,0.081612594,0.18228365
28744,0.060734082,0.72259533
28745,0.08454651,0.86890143
28746,0.2265492,0.17862724
28747,0.07612119,0.90498596
28748,0.77932316,0.91647124
28749,0.052067436,0.36144483
28750,0.14724573,0.40785372
28751,0.5176954,0.58852184
28752,0.1823042,0.21648875
28753,0.18737964,0.056959487
28754,0.6137126,0.44684067
28755,0.1342915,0.71691877
28756,0.07658676,0.12227761
28757,0.0991821,0.47912398
28758,0.051099848,0.031207507
28759,0.103892304,0.3749818
28760,0.051480424,0.2273401
28761,0.18181637,0.6629312
28762,0.27451822,0.73428327
28763,0.17312124,0.46294203
28764,0.50536263,0.69340336
28765,0.15218917,0.7668069
28766,0.07688218,0.7395267
28767,0.02350734,0.24412757
28768,0.07976313,0.041093323
28769,0.19738172,0.33209687
28770,0.20488387,0.6259425
28771,0.39727148,0.81446123
28772,0.067872286,0.47570518
28773,0.18137635,0.21303093
28774,0.69166666,0.865179
28775,0.06748374,0.4608934
28776,0.10252669,0.45451206
28777,0.08005254,0.3920051
28778,0.19551373,0.26733324
28779,0.7672096,0.89287883
28780,0.04285227,0.07736628
28781,0.31623945,0.85160595
28782,0.12085274,0.92669755
28783,0.20742978,0.26032436
28784,0.057903167,0.25776622
28785,0.10345899,0.39138559
28786,0.057319023,0.10821544
28787,0.12517336,0.10338442
28788,0.05843334,0.08860594
28789,0.425212,0.52996105
28790,0.46985185,0.7771989
28791,0.85205173,0.9242068
28792,0.5121321,0.7007735
28793,0.5548602,0.92291766
28794,0.04310116,0.05036603
28795,0.17044419,0.14188807
28796,0.013401327,0.03883623
28797,0.67313457,0.8817017
28798,0.09841551,0.7487021
28799,0.06898886,0.14925975
28800,0.09624503,0.06847186
28801,0.045524225,0.07059081
28802,0.25919965,0.20410237
28803,0.09210106,0.84678066
28804,0.08840933,0.8227975
28805,0.022718119,0.1415932
28806,0.6040214,0.59703875
28807,0.2377001,0.14842544
28808,0.05342751,0.15741111
28809,0.041136287,0.82016844
28810,0.36831492,0.11407306
28811,0.1257446,0.846389
28812,0.06465732,0.053750873
28813,0.08711736,0.34851873
28814,0.23840803,0.22911516
28815,0.10636917,0.13830653
28816,0.14255238,0.49915195
28817,0.021452535,0.20526887
28818,0.09034099,0.21505907
28819,0.09132289,0.68090165
28820,0.05788916,0.06614944
28821,0.06195894,0.08332675
28822,0.066401444,0.09593385
28823,0.136918,0.8302849
28824,0.51074135,0.9477609
28825,0.06634549,0.30133185
28826,0.2155958,0.3944381
28827,0.63171613,0.792355
28828,0.13558133,0.11853577
28829,0.10898656,0.11513767
28830,0.08477587,0.43590286
28831,0.053074166,0.1234453
28832,0.11099843,0.32550946
28833,0.07418742,0.47447392
28834,0.5039038,0.5008261
28835,0.1782763,0.22605047
28836,0.06648527,0.5727536
28837,0.7498288,0.81462127
28838,0.36002535,0.78855956
28839,0.58189607,0.87902385
28840,0.0900187,0.30768704
28841,0.108548984,0.14989173
28842,0.3031659,0.12129465
28843,0.4621432,0.8605998
28844,0.060728222,0.18419105
28845,0.04730518,0.08805222
28846,0.6515047,0.8383023
28847,0.062471535,0.13775589
28848,0.23652305,0.41149113
28849,0.23227406,0.60577196
28850,0.068321325,0.20430233
28851,0.0754973,0.08780587
28852,0.39597028,0.74042076
28853,0.03767838,0.081498876
28854,0.12762007,0.9441546
28855,0.1207668,0.13127053
28856,0.021647137,0.443481
28857,0.07651983,0.42950478
28858,0.20661588,0.868338
28859,0.065236926,0.07698037
28860,0.15664868,0.3937218
28861,0.59841764,0.82252026
28862,0.17227995,0.3415789
28863,0.23100759,0.93078566
28864,0.44783443,0.46592283
28865,0.1309893,0.88710785
28866,0.35081345,0.2256652
28867,0.07441019,0.15626568
28868,0.044302538,0.09043424
28869,0.043330096,0.11464721
28870,0.069461845,0.068094715
28871,0.089182414,0.05201948
28872,0.060425207,0.708231
28873,0.04886159,0.05800519
28874,0.055514526,0.55630726
28875,0.20221356,0.8009478
28876,0.12835251,0.45755038
28877,0.018691145,0.08455744
28878,0.030031387,0.07946348
28879,0.05099929,0.39299232
28880,0.5027513,0.68473494
28881,0.15136315,0.113230154
28882,0.70756716,0.89315766
28883,0.4723641,0.5169383
28884,0.43218407,0.12837799
28885,0.11721059,0.17815582
28886,0.05755685,0.1672324
28887,0.026564911,0.12026048
28888,0.052333396,0.09256687
28889,0.038779408,0.06116504
28890,0.092660695,0.5234748
28891,0.061986,0.107530266
28892,0.068491645,0.11440946
28893,0.20680386,0.67842907
28894,0.1004195,0.091617435
28895,0.061984144,0.24217728
28896,0.12339041,0.12192364
28897,0.5217139,0.8339631
28898,0.04064128,0.30187246
28899,0.1557422,0.25996485
28900,0.21903862,0.32237825
28901,0.1082865,0.9081287
28902,0.18585154,0.23840295
28903,0.13273224,0.13948745
28904,0.066729456,0.58991176
28905,0.20021829,0.8451894
28906,0.103990145,0.8659254
28907,0.02349782,0.035688356
28908,0.56892407,0.8890529
28909,0.3239037,0.41778874
28910,0.12399262,0.5465185
28911,0.129859,0.4543638
28912,0.06147108,0.9426448
28913,0.34478757,0.38111734
28914,0.20831832,0.90501046
28915,0.0789595,0.044579506
28916,0.09781147,0.6947058
28917,0.100037634,0.7048791
28918,0.69100535,0.88252085
28919,0.2938847,0.7311583
28920,0.59856933,0.462837
28921,0.19540769,0.7530493
28922,0.174177,0.3491018
28923,0.78943247,0.78750515
28924,0.06205166,0.9258752
28925,0.34538937,0.6045109
28926,0.08022525,0.21725634
28927,0.07869801,0.11054346
28928,0.50666666,0.6108403
28929,0.029986471,0.09129318
28930,0.06339863,0.0923978
28931,0.26506066,0.64720243
28932,0.7083474,0.22788863
28933,0.04854802,0.07199792
28934,0.41326502,0.47562292
28935,0.59049976,0.41584197
28936,0.05948539,0.11833668
28937,0.11338972,0.6140996
28938,0.016997775,0.2345594
28939,0.09215747,0.36586753
28940,0.3382005,0.4776472
28941,0.34583828,0.83278847
28942,0.106752805,0.08197132
28943,0.17625257,0.43999055
28944,0.036628045,0.22790112
28945,0.065426834,0.15175422
28946,0.4008897,0.25693935
28947,0.084306136,0.09019379
28948,0.10851281,0.74972355
28949,0.109239936,0.16530463
28950,0.06512875,0.96654296
28951,0.06015689,0.04815556
28952,0.021987174,0.65327126
28953,0.18713205,0.88802385
28954,0.06272065,0.17231746
28955,0.05914357,0.7548666
28956,0.11930601,0.4152573
28957,0.069278,0.2580224
28958,0.08973227,0.09277588
28959,0.21670005,0.3509512
28960,0.20842463,0.61720616
28961,0.16069263,0.22484972
28962,0.21565293,0.14086375
28963,0.033550397,0.40116382
28964,0.08227495,0.70877904
28965,0.48003748,0.08139647
28966,0.055746797,0.078173146
28967,0.6314894,0.9239246
28968,0.3625722,0.7729824
28969,0.057210248,0.115045525
28970,0.047935784,0.061497744
28971,0.211988,0.59479165
28972,0.18774076,0.86314785
28973,0.082559936,0.41421428
28974,0.046466563,0.06001809
28975,0.054207433,0.16549142
28976,0.03873388,0.5721326
28977,0.16600154,0.099106826
28978,0.011435592,0.25412184
28979,0.13475657,0.85423356
28980,0.07133973,0.192607
28981,0.51449776,0.75276464
28982,0.08425678,0.09906037
28983,0.024394566,0.013740782
28984,0.6238605,0.5522712
28985,0.41100973,0.2855589
28986,0.43899196,0.46848708
28987,0.06454507,0.1305507
28988,0.58718646,0.64627093
28989,0.17622858,0.91788954
28990,0.18521129,0.31883156
28991,0.37752193,0.6516754
28992,0.052682895,0.0781449
28993,0.07438297,0.16125126
28994,0.2028877,0.27345285
28995,0.104182355,0.72386146
28996,0.22963455,0.59856975
28997,0.06834089,0.096924424
28998,0.51057094,0.85722935
28999,0.2688649,0.5523677
29000,0.8195866,0.9262424
29001,0.029009098,0.2114179
29002,0.1963682,0.17383306
29003,0.6137292,0.76891476
29004,0.6092722,0.79820114
29005,0.121464945,0.73832464
29006,0.075191475,0.11672571
29007,0.12904795,0.8359115
29008,0.30635983,0.529101
29009,0.111722715,0.3604892
29010,0.08758156,0.18306194
29011,0.08673792,0.21028098
29012,0.31704554,0.2597201
29013,0.08722288,0.3102638
29014,0.1876463,0.590508
29015,0.061359677,0.10953783
29016,0.14447153,0.67013305
29017,0.04798329,0.7630421
29018,0.038976643,0.09379093
29019,0.05422691,0.43685496
29020,0.33756453,0.59274244
29021,0.2588697,0.27746558
29022,0.31044304,0.50065905
29023,0.70925254,0.7182205
29024,0.28988725,0.45890144
29025,0.062059388,0.12625904
29026,0.41904244,0.5658917
29027,0.59034044,0.91137487
29028,0.06531027,0.17900424
29029,0.04423976,0.28388387
29030,0.06898136,0.19444826
29031,0.04814053,0.18794397
29032,0.7052912,0.926686
29033,0.16334307,0.45616132
29034,0.6602022,0.5548882
29035,0.098425165,0.21887983
29036,0.080100924,0.34727246
29037,0.22567712,0.91568714
29038,0.035818372,0.2059843
29039,0.3119336,0.41629717
29040,0.03650356,0.08738404
29041,0.4172136,0.48862132
29042,0.07688953,0.03553218
29043,0.10122941,0.22235553
29044,0.8125342,0.8092567
29045,0.14447762,0.22781421
29046,0.058903635,0.23407397
29047,0.14233336,0.23762666
29048,0.71689063,0.88051736
29049,0.70529675,0.90109473
29050,0.0853442,0.75108576
29051,0.45803925,0.4129001
29052,0.04844389,0.10358254
29053,0.09997948,0.48153692
29054,0.051543325,0.12237402
29055,0.1872747,0.823084
29056,0.10919818,0.7825547
29057,0.13445626,0.84361476
29058,0.028745381,0.05262831
29059,0.04322604,0.1946784
29060,0.18083718,0.39385778
29061,0.10372947,0.6205819
29062,0.1479595,0.31449047
29063,0.67874473,0.824058
29064,0.96137077,0.9779875
29065,0.16991134,0.11692386
29066,0.15957794,0.77416205
29067,0.80514693,0.93156195
29068,0.021447372,0.074298
29069,0.08849264,0.82412946
29070,0.05632101,0.40667674
29071,0.61624336,0.51195496
29072,0.09149057,0.73047584
29073,0.10830571,0.1497938
29074,0.6074639,0.9140577
29075,0.15876919,0.5612254
29076,0.7625453,0.8298153
29077,0.092512965,0.8802909
29078,0.084189996,0.4494808
29079,0.79409975,0.5812008
29080,0.104024604,0.2303419
29081,0.075874075,0.6355705
29082,0.033385146,0.052058455
29083,0.064090885,0.08263654
29084,0.41928998,0.8337632
29085,0.31506917,0.86581177
29086,0.79233444,0.7781719
29087,0.26319572,0.20398743
29088,0.11214125,0.3790567
29089,0.016778024,0.015740331
29090,0.09375048,0.7379646
29091,0.34709263,0.8899637
29092,0.16386972,0.30061108
29093,0.70677614,0.78357065
29094,0.019221297,0.026130851
29095,0.086056136,0.4358382
29096,0.77930564,0.67832166
29097,0.037477713,0.08100846
29098,0.5748946,0.81959146
29099,0.71049315,0.86360794
29100,0.58619046,0.57505673
29101,0.38354883,0.6157708
29102,0.2740576,0.8919041
29103,0.36574012,0.61473596
29104,0.12938544,0.67309713
29105,0.55266947,0.9013859
29106,0.13613959,0.6460445
29107,0.09998416,0.2519756
29108,0.62744087,0.75702727
29109,0.08795537,0.41549253
29110,0.05973534,0.29241112
29111,0.7075422,0.9212388
29112,0.5179849,0.6550957
29113,0.070667185,0.09543472
29114,0.14208199,0.225055
29115,0.073046975,0.24639383
29116,0.18332367,0.20635471
29117,0.5439255,0.48717976
29118,0.24843387,0.8718446
29119,0.9359785,0.98799664
29120,0.0667736,0.14423776
29121,0.022930678,0.042082366
29122,0.41015637,0.94146115
29123,0.10338519,0.22880746
29124,0.11894087,0.2210467
29125,0.031210111,0.43421346
29126,0.4613327,0.114162534
29127,0.45262384,0.672179
29128,0.13198146,0.56619656
29129,0.017611656,0.07146793
29130,0.14715989,0.6358251
29131,0.023986679,0.07122409
29132,0.6240769,0.46251374
29133,0.25201038,0.42313784
29134,0.053832572,0.16719626
29135,0.10181792,0.8346341
29136,0.06115423,0.095842116
29137,0.10466022,0.2709014
29138,0.06519431,0.084562175
29139,0.050405752,0.11851715
29140,0.07607337,0.1577308
29141,0.19540232,0.080313064
29142,0.4485425,0.6442432
29143,0.16149636,0.33099505
29144,0.8133552,0.90957034
29145,0.62508136,0.462241
29146,0.077887125,0.12701167
29147,0.19106433,0.8051901
29148,0.13813885,0.8899324
29149,0.15067281,0.75165594
29150,0.039050754,0.23250884
29151,0.09462489,0.24803843
29152,0.43034676,0.4981251
29153,0.0773058,0.09988468
29154,0.1399564,0.17113826
29155,0.40973237,0.8523475
29156,0.1291056,0.19002491
29157,0.03219469,0.06418933
29158,0.08537721,0.86349446
29159,0.3267992,0.66141534
29160,0.03472055,0.016626442
29161,0.6133392,0.61620075
29162,0.08727819,0.2120409
29163,0.05372716,0.03434095
29164,0.047133815,0.08374584
29165,0.8102542,0.9506925
29166,0.11073575,0.24626392
29167,0.0469418,0.02234195
29168,0.19817416,0.6598421
29169,0.73247427,0.67184496
29170,0.17872249,0.52455586
29171,0.1905236,0.6886992
29172,0.06592167,0.40099168
29173,0.02968913,0.16932014
29174,0.40397364,0.0475547
29175,0.43992713,0.6324788
29176,0.2286409,0.5903314
29177,0.33817625,0.50455266
29178,0.19233628,0.26435667
29179,0.056210194,0.51260674
29180,0.0526212,0.7791147
29181,0.19769359,0.27231058
29182,0.04361252,0.08235563
29183,0.35631424,0.4192158
29184,0.0671103,0.019933237
29185,0.5242744,0.20127095
29186,0.10054926,0.61584634
29187,0.089435555,0.2593655
29188,0.07112958,0.32142547
29189,0.03338136,0.09557253
29190,0.19999972,0.3393146
29191,0.066748954,0.09095929
29192,0.090645306,0.114592634
29193,0.11322094,0.11433426
29194,0.04208468,0.058203787
29195,0.20703115,0.89153
29196,0.044844992,0.072792865
29197,0.036550503,0.026444817
29198,0.20793824,0.25887558
29199,0.035030603,0.16654915
29200,0.49958622,0.24819142
29201,0.11410007,0.068424076
29202,0.62165344,0.61148316
29203,0.08577804,0.78482807
29204,0.053276163,0.8489245
29205,0.07426644,0.90428686
29206,0.4736522,0.7307198
29207,0.20655727,0.31904423
29208,0.132805,0.9516506
29209,0.06341063,0.042585187
29210,0.056890413,0.028970016
29211,0.5018594,0.348235
29212,0.01891562,0.035573427
29213,0.053977944,0.10603144
29214,0.2629209,0.76231366
29215,0.15966296,0.14432001
29216,0.69712204,0.70400834
29217,0.17969511,0.1578352
29218,0.7756771,0.82065505
29219,0.020520234,0.031891014
29220,0.08540145,0.74684656
29221,0.7179917,0.9012982
29222,0.02349865,0.04210217
29223,0.0811878,0.060994744
29224,0.813272,0.33003086
29225,0.11108533,0.87924266
29226,0.15920615,0.24843875
29227,0.4161912,0.41624892
29228,0.6900672,0.7511242
29229,0.09471259,0.19520013
29230,0.7703112,0.45115364
29231,0.058877487,0.10067268
29232,0.15562358,0.32542714
29233,0.085352264,0.2984429
29234,0.02229319,0.023931006
29235,0.3472494,0.56101906
29236,0.68294585,0.7655112
29237,0.09304575,0.4871844
29238,0.6951806,0.90224135
29239,0.07459299,0.08301549
29240,0.1668941,0.47169107
29241,0.06937328,0.10474068
29242,0.09599389,0.8785926
29243,0.20374419,0.7168145
29244,0.8819997,0.868302
29245,0.08404041,0.33373016
29246,0.032503016,0.76607656
29247,0.1491833,0.7688502
29248,0.10835006,0.062188555
29249,0.64802754,0.82709396
29250,0.13828412,0.86271113
29251,0.079451725,0.32721716
29252,0.64893144,0.7397902
29253,0.102713786,0.119880386
29254,0.5718964,0.7203857
29255,0.05887356,0.085458696
29256,0.19404332,0.42388785
29257,0.06870551,0.37295923
29258,0.05606744,0.07009131
29259,0.05506778,0.14656027
29260,0.7711614,0.8175473
29261,0.08374277,0.9230053
29262,0.27997917,0.41958317
29263,0.10368954,0.17166325
29264,0.59559643,0.8572422
29265,0.08672474,0.15473706
29266,0.026246078,0.05297055
29267,0.594455,0.6384956
29268,0.35884607,0.038958874
29269,0.07689287,0.38340273
29270,0.10721798,0.19652174
29271,0.0619614,0.39241236
29272,0.1709642,0.30784792
29273,0.039519176,0.00698344
29274,0.041657794,0.94490886
29275,0.09321146,0.34777093
29276,0.073412046,0.16040501
29277,0.35431254,0.44071713
29278,0.049741883,0.0687603
29279,0.111799404,0.4234425
29280,0.4172575,0.86608285
29281,0.058927707,0.2084691
29282,0.12953782,0.45944634
29283,0.21149912,0.6750817
29284,0.03687701,0.09692242
29285,0.051021658,0.6496234
29286,0.075145565,0.16917218
29287,0.13295305,0.34002885
29288,0.14763235,0.77877355
29289,0.67927194,0.9191064
29290,0.025085172,0.060005628
29291,0.122010894,0.3188806
29292,0.73485714,0.6303635
29293,0.0317796,0.26328844
29294,0.3806498,0.46219978
29295,0.6243815,0.9325754
29296,0.29717976,0.75480616
29297,0.2865676,0.7475601
29298,0.10557932,0.62760496
29299,0.27029732,0.7088995
29300,0.020504039,0.29190668
29301,0.049353868,0.13324064
29302,0.47521332,0.8841235
29303,0.5451282,0.4743947
29304,0.18654403,0.5211642
29305,0.13302398,0.10469908
29306,0.1897566,0.30749094
29307,0.23631015,0.5477558
29308,0.67509973,0.44077927
29309,0.4357115,0.7333513
29310,0.12058516,0.96061546
29311,0.114796795,0.57488585
29312,0.10598533,0.12973689
29313,0.7203513,0.85656893
29314,0.037250645,0.06331087
29315,0.035246897,0.1009671
29316,0.059181705,0.23580737
29317,0.08980854,0.63672024
29318,0.38933638,0.6051674
29319,0.028254136,0.50831044
29320,0.28934926,0.6324878
29321,0.15542273,0.31958485
29322,0.05750576,0.094482295
29323,0.026989909,0.046262637
29324,0.5344482,0.72556216
29325,0.8250812,0.9502507
29326,0.24756274,0.5670567
29327,0.2937257,0.6305256
29328,0.31177098,0.4912244
29329,0.3636621,0.85304135
29330,0.14258493,0.19427732
29331,0.050192546,0.4770726
29332,0.036670208,0.0375422
29333,0.033823818,0.18814436
29334,0.16756526,0.07834431
29335,0.026168592,0.08656105
29336,0.061056647,0.14306752
29337,0.07495624,0.13689972
29338,0.090241894,0.1853283
29339,0.0606695,0.25542974
29340,0.088816956,0.7184733
29341,0.10297306,0.29958713
29342,0.09409065,0.8627932
29343,0.06363362,0.41315624
29344,0.05760564,0.021107692
29345,0.24229999,0.7205528
29346,0.0273085,0.028955895
29347,0.5639488,0.64519566
29348,0.71948785,0.86404395
29349,0.022346653,0.15542859
29350,0.037787393,0.15187153
29351,0.10408426,0.04979075
29352,0.1480087,0.37609783
29353,0.06224488,0.07045789
29354,0.0893779,0.16888115
29355,0.030418329,0.027420448
29356,0.039389297,0.054600865
29357,0.7884312,0.8869929
29358,0.63406634,0.7430838
29359,0.07912286,0.15463111
29360,0.042056575,0.054224778
29361,0.075175986,0.05737714
29362,0.10020836,0.7535565
29363,0.14129585,0.17641774
29364,0.26505882,0.7375231
29365,0.58045757,0.4155064
29366,0.03265586,0.048675414
29367,0.05572962,0.060597178
29368,0.0554074,0.15990932
29369,0.09719982,0.47300386
29370,0.10036668,0.4117652
29371,0.5185662,0.7842998
29372,0.22945926,0.8889341
29373,0.570162,0.33041173
29374,0.43150944,0.2807243
29375,0.5502407,0.7765816
29376,0.13101326,0.5766779
29377,0.11702975,0.16706093
29378,0.2981154,0.07721123
29379,0.29478145,0.52676386
29380,0.100069866,0.6727529
29381,0.6219587,0.8245756
29382,0.5478915,0.13000931
29383,0.7850806,0.91142184
29384,0.587504,0.85218877
29385,0.8102383,0.94049597
29386,0.08636091,0.42423242
29387,0.08427749,0.61277
29388,0.05079485,0.42311335
29389,0.010152733,0.010694792
29390,0.08891517,0.9443895
29391,0.119949035,0.4379636
29392,0.57833356,0.9056086
29393,0.9284007,0.9854747
29394,0.04619699,0.5385437
29395,0.04032258,0.2619597
29396,0.13021041,0.11103689
29397,0.26437858,0.5303096
29398,0.08500143,0.8926447
29399,0.07612552,0.0876285
29400,0.053376276,0.07770578
29401,0.39414272,0.6720116
29402,0.35344163,0.8171898
29403,0.10278004,0.21789779
29404,0.18095578,0.6444318
29405,0.05188231,0.13471375
29406,0.06434787,0.33672196
29407,0.78868896,0.78281283
29408,0.051168,0.6380637
29409,0.7785607,0.8603562
29410,0.064153336,0.14792088
29411,0.82542217,0.95781285
29412,0.12999256,0.85022163
29413,0.02524134,0.038385242
29414,0.08219033,0.79837966
29415,0.8577132,0.90456533
29416,0.13411711,0.3890167
29417,0.08933466,0.65832067
29418,0.8427778,0.87674725
29419,0.90975344,0.9657981
29420,0.093335375,0.299833
29421,0.501565,0.18968853
29422,0.22488919,0.7306957
29423,0.5922546,0.82211643
29424,0.6193089,0.39079785
29425,0.15673985,0.48266336
29426,0.7717698,0.80810076
29427,0.4871694,0.7620906
29428,0.054508988,0.110133745
29429,0.06270652,0.90649736
29430,0.051144395,0.67532355
29431,0.07694766,0.528605
29432,0.13658376,0.8974227
29433,0.33590993,0.6658324
29434,0.09782577,0.0713475
29435,0.0708269,0.77926725
29436,0.0907664,0.112782545
29437,0.8506224,0.9617788
29438,0.19765486,0.7145784
29439,0.104425184,0.06722328
29440,0.08314622,0.922013
29441,0.1214925,0.5688886
29442,0.86016,0.8564267
29443,0.073151834,0.093986124
29444,0.7219324,0.9227894
29445,0.14566678,0.82969743
29446,0.16383599,0.13538559
29447,0.23604046,0.60968125
29448,0.016856937,0.03641354
29449,0.06252593,0.1375558
29450,0.07218629,0.9730478
29451,0.21017733,0.27068153
29452,0.23742406,0.4399894
29453,0.054079216,0.92899436
29454,0.067286186,0.10204462
29455,0.08926098,0.449896
29456,0.36279675,0.5828856
29457,0.08738687,0.18257068
29458,0.06645432,0.13038981
29459,0.7659356,0.6573935
29460,0.782371,0.89190495
29461,0.0643432,0.074939296
29462,0.021616548,0.077925526
29463,0.5797281,0.9283946
29464,0.45608753,0.60899574
29465,0.028843084,0.64633214
29466,0.088624716,0.8306447
29467,0.14863506,0.42214683
29468,0.057615913,0.24150848
29469,0.29519975,0.69271386
29470,0.066729054,0.18347235
29471,0.765864,0.8614875
29472,0.023708288,0.051265646
29473,0.056231283,0.16845581
29474,0.19961335,0.6267655
29475,0.58786136,0.8417259
29476,0.03604797,0.7028918
29477,0.037603684,0.06894553
29478,0.0588557,0.09347392
29479,0.07361459,0.5463854
29480,0.19384204,0.667169
29481,0.13156752,0.7619493
29482,0.3925964,0.560808
29483,0.059547205,0.59047574
29484,0.29689857,0.2720604
29485,0.40475792,0.92808074
29486,0.6959887,0.83910966
29487,0.09341456,0.4413135
29488,0.5394809,0.38127458
29489,0.014512319,0.016535247
29490,0.109502226,0.9239944
29491,0.28071216,0.3464793
29492,0.7661706,0.83911407
29493,0.017655252,0.13049293
29494,0.09043971,0.7604903
29495,0.27955446,0.8827314
29496,0.13106036,0.012025873
29497,0.040933214,0.030859996
29498,0.84644574,0.76263577
29499,0.040850908,0.09260078
29500,0.15163498,0.5967107
29501,0.01940693,0.011856309
29502,0.23245345,0.43524104
29503,0.16237988,0.38659564
29504,0.81170267,0.61415
29505,0.04476731,0.3144386
29506,0.027736379,0.054548863
29507,0.019106723,0.6758897
29508,0.2825665,0.2649094
29509,0.033716265,0.35000664
29510,0.33462396,0.8244402
29511,0.34139368,0.39011985
29512,0.12721495,0.12951456
29513,0.16864768,0.109585814
29514,0.1392357,0.12789063
29515,0.085247464,0.14703427
29516,0.20643048,0.59027225
29517,0.07099526,0.28992176
29518,0.044910703,0.5473172
29519,0.04441593,0.02443085
29520,0.035988275,0.039135944
29521,0.022383753,0.13729602
29522,0.06256842,0.35693312
29523,0.044830095,0.3391878
29524,0.11209298,0.2053485
29525,0.06969269,0.10645326
29526,0.050401926,0.37033352
29527,0.10392292,0.1448295
29528,0.5114169,0.44310594
29529,0.69849265,0.654579
29530,0.27801836,0.29276043
29531,0.05841559,0.35528895
29532,0.0772111,0.056089096
29533,0.035787385,0.10378867
29534,0.055513304,0.19035818
29535,0.07946941,0.12622215
29536,0.057753187,0.5002324
29537,0.4434778,0.84717405
29538,0.07193891,0.050715405
29539,0.05985877,0.2547271
29540,0.12098496,0.4254277
29541,0.10713952,0.8396946
29542,0.06961261,0.0681956
29543,0.030220443,0.07537311
29544,0.59405786,0.6514294
29545,0.27105403,0.7451031
29546,0.490804,0.71695775
29547,0.16869038,0.3963219
29548,0.03422736,0.061130524
29549,0.11562717,0.5777991
29550,0.023948545,0.10977435
29551,0.0930197,0.14849901
29552,0.26658827,0.9168146
29553,0.5111324,0.72200966
29554,0.23739931,0.5784745
29555,0.5116344,0.85122734
29556,0.47651726,0.736768
29557,0.27144516,0.27447775
29558,0.09007273,0.81291765
29559,0.18430369,0.1759998
29560,0.24872369,0.39163724
29561,0.015156999,0.020505989
29562,0.516901,0.3395854
29563,0.10331622,0.15673354
29564,0.47819212,0.8121806
29565,0.1093044,0.37197125
29566,0.2878031,0.18545237
29567,0.14861777,0.8033115
29568,0.16456613,0.95323455
29569,0.15299277,0.37211078
29570,0.05721226,0.06127247
29571,0.17589368,0.5231789
29572,0.692009,0.8279619
29573,0.72561777,0.71017295
29574,0.42706466,0.36628637
29575,0.115505956,0.066093594
29576,0.180521,0.24714586
29577,0.58959866,0.8764372
29578,0.09641613,0.2499014
29579,0.084090546,0.11310409
29580,0.01412181,0.024039224
29581,0.85941666,0.82655674
29582,0.5388349,0.9155894
29583,0.8095603,0.93396753
29584,0.08290827,0.3931609
29585,0.13605082,0.10679854
29586,0.8619318,0.92263585
29587,0.15026645,0.7234609
29588,0.060752396,0.18190877
29589,0.07464098,0.9435736
29590,0.054611746,0.7584893
29591,0.11505169,0.5227206
29592,0.27058268,0.6897317
29593,0.13790742,0.6155558
29594,0.08998917,0.77083296
29595,0.3951855,0.90582585
29596,0.18787076,0.1603825
29597,0.16640921,0.6862338
29598,0.014636239,0.13862184
29599,0.0824731,0.5881717
29600,0.04541954,0.21681112
29601,0.87353,0.9606801
29602,0.31185776,0.8067121
29603,0.19180484,0.476619
29604,0.08070092,0.11887485
29605,0.076391,0.035730366
29606,0.09588535,0.20435338
29607,0.037396103,0.09392882
29608,0.17235225,0.673577
29609,0.06184383,0.14994505
29610,0.04935149,0.03700728
29611,0.13098663,0.074168116
29612,0.037039835,0.037766248
29613,0.6201022,0.5125796
29614,0.023813149,0.119328484
29615,0.6891176,0.75485796
29616,0.11600701,0.7510389
29617,0.8195791,0.86201876
29618,0.08456993,0.1448461
29619,0.5116862,0.63261616
29620,0.6268017,0.8449267
29621,0.15595388,0.5471142
29622,0.058087543,0.15185021
29623,0.6594127,0.754009
29624,0.02593496,0.08100459
29625,0.5547737,0.31033906
29626,0.03701889,0.26853296
29627,0.054042667,0.3375773
29628,0.20080766,0.52760607
29629,0.097186096,0.9485257
29630,0.024345487,0.35609517
29631,0.16026932,0.07065438
29632,0.38158816,0.9262151
29633,0.08468611,0.27822235
29634,0.80571383,0.9029143
29635,0.0455579,0.05422687
29636,0.013320578,0.38212764
29637,0.20122036,0.72591436
29638,0.13604137,0.8348494
29639,0.10293468,0.50516
29640,0.03214708,0.021047086
29641,0.117820874,0.7180758
29642,0.5333644,0.9003286
29643,0.04551849,0.29149127
29644,0.3307351,0.5960785
29645,0.4290446,0.8285903
29646,0.17185971,0.10606067
29647,0.8842497,0.9722519
29648,0.35377297,0.8770217
29649,0.17386968,0.20821229
29650,0.18443193,0.8027521
29651,0.102614135,0.40080124
29652,0.13280521,0.10749597
29653,0.09355287,0.63048166
29654,0.030229675,0.21538973
29655,0.111212365,0.6993107
29656,0.0751532,0.067252
29657,0.09214199,0.40956557
29658,0.05164599,0.25107974
29659,0.043712534,0.030324014
29660,0.060353268,0.044054333
29661,0.061275285,0.08077071
29662,0.637761,0.8887278
29663,0.29938334,0.5479825
29664,0.019324096,0.031922173
29665,0.113444164,0.0822236
29666,0.0348268,0.029401133
29667,0.07114468,0.76996535
29668,0.23986429,0.4998943
29669,0.031233644,0.104003474
29670,0.13698052,0.16948663
29671,0.04820822,0.06374965
29672,0.024477087,0.07198943
29673,0.21933882,0.6324578
29674,0.284503,0.30286855
29675,0.50927025,0.8819136
29676,0.08638536,0.33943298
29677,0.39031655,0.93652606
29678,0.100437276,0.21381013
29679,0.03075791,0.039296195
29680,0.5221253,0.78022414
29681,0.023811867,0.86252755
29682,0.17135692,0.18007426
29683,0.1373677,0.34011173
29684,0.255025,0.6943436
29685,0.7623655,0.51343125
29686,0.12526162,0.6602666
29687,0.3349749,0.2891138
29688,0.3454175,0.7800379
29689,0.034826975,0.068453185
29690,0.28503567,0.35071602
29691,0.8548472,0.8873175
29692,0.09528448,0.69805926
29693,0.1688669,0.6191498
29694,0.045256965,0.050326075
29695,0.6537779,0.49279553
29696,0.059350148,0.8060753
29697,0.048272118,0.11846266
29698,0.14788973,0.26100773
29699,0.18764906,0.5912117
29700,0.24211162,0.15147188
29701,0.20665245,0.06717641
29702,0.06304341,0.07326805
29703,0.35474128,0.8111403
29704,0.0341351,0.29011542
29705,0.14303383,0.81785643
29706,0.044007175,0.24889944
29707,0.18410411,0.25428975
29708,0.37778306,0.8872923
29709,0.20212878,0.17164172
29710,0.09925858,0.35275254
29711,0.07150974,0.08078485
29712,0.056864947,0.32355863
29713,0.37706977,0.62492394
29714,0.26282418,0.32777297
29715,0.08413239,0.9232696
29716,0.08597968,0.6434231
29717,0.031499214,0.049105313
29718,0.057639156,0.047684312
29719,0.51877207,0.91161793
29720,0.81120604,0.8425298
29721,0.053560954,0.1543099
29722,0.13374837,0.25182575
29723,0.05292155,0.12682883
29724,0.2842599,0.64494574
29725,0.19243498,0.57982796
29726,0.05155531,0.7383097
29727,0.41280866,0.66706204
29728,0.044970106,0.66589177
29729,0.060083553,0.028250163
29730,0.04556511,0.099859215
29731,0.059909604,0.1094632
29732,0.071112685,0.15190716
29733,0.114285916,0.86560667
29734,0.045514338,0.71948534
29735,0.20762384,0.48360988
29736,0.29949427,0.87080705
29737,0.055250946,0.8935901
29738,0.040675685,0.5304255
29739,0.03721058,0.1006922
29740,0.11904695,0.90176785
29741,0.51443684,0.5963441
29742,0.029760115,0.07869869
29743,0.05871569,0.11477374
29744,0.026834063,0.07059213
29745,0.06732899,0.14163771
29746,0.047690947,0.063850515
29747,0.060084656,0.21117693
29748,0.021206995,0.04241385
29749,0.05744264,0.48759246
29750,0.087553,0.16442259
29751,0.082061335,0.15098423
29752,0.5419892,0.8522712
29753,0.21073931,0.6956042
29754,0.03747161,0.6658246
29755,0.08202765,0.12139906
29756,0.5868594,0.7992835
29757,0.49126792,0.8093553
29758,0.06784462,0.8328665
29759,0.06871132,0.14418288
29760,0.08975376,0.13676809
29761,0.2957726,0.48775253
29762,0.09851507,0.07623104
29763,0.20520669,0.35933056
29764,0.743625,0.84890485
29765,0.060104534,0.10525153
29766,0.10124129,0.39199418
29767,0.14211462,0.2353143
29768,0.15688287,0.27393943
29769,0.5817728,0.9526597
29770,0.17662227,0.10245744
29771,0.7107795,0.9544833
29772,0.08077386,0.9128865
29773,0.14077583,0.9229537
29774,0.16088131,0.81659645
29775,0.2945767,0.83760256
29776,0.15507802,0.16965978
29777,0.05107145,0.12213387
29778,0.5597567,0.7148412
29779,0.040662028,0.15071741
29780,0.23903063,0.47787988
29781,0.1474675,0.17907986
29782,0.16275263,0.44049856
29783,0.42268652,0.82539976
29784,0.025175653,0.014230744
29785,0.4350606,0.9143575
29786,0.1666514,0.5698379
29787,0.032200973,0.66044337
29788,0.8846412,0.97065496
29789,0.75898284,0.6348302
29790,0.03984867,0.12568985
29791,0.17913997,0.56295013
29792,0.8514242,0.7529483
29793,0.08910673,0.24832384
29794,0.092111744,0.22465801
29795,0.08367583,0.10944071
29796,0.044823386,0.20270275
29797,0.50635,0.48001122
29798,0.2327304,0.61855435
29799,0.09719702,0.095354296
29800,0.17690703,0.31060082
29801,0.87600654,0.8828188
29802,0.09075091,0.48673245
29803,0.1889176,0.27009824
29804,0.522896,0.5877878
29805,0.18762903,0.32331267
29806,0.062286496,0.70395267
29807,0.7808819,0.760573
29808,0.016351514,0.13769011
29809,0.027487434,0.025749037
29810,0.11682676,0.05169751
29811,0.03902747,0.1254223
29812,0.21316619,0.25544226
29813,0.18067145,0.31291905
29814,0.3371634,0.46055776
29815,0.17623563,0.72243166
29816,0.066237144,0.42204314
29817,0.08591803,0.3314351
29818,0.33855766,0.7072516
29819,0.21609223,0.7445128
29820,0.08750206,0.34009114
29821,0.1566222,0.15181746
29822,0.1759205,0.48356104
29823,0.27781442,0.6904972
29824,0.12068767,0.21430786
29825,0.092516035,0.75035065
29826,0.22307387,0.26606053
29827,0.090632394,0.6637169
29828,0.63263714,0.8629318
29829,0.07082411,0.19868588
29830,0.105591044,0.5053861
29831,0.08038284,0.57081544
29832,0.63480854,0.8727886
29833,0.42990834,0.6846134
29834,0.03834943,0.048625533
29835,0.58596516,0.8177861
29836,0.21724752,0.5484711
29837,0.066457585,0.032197606
29838,0.1555025,0.54035515
29839,0.21012637,0.24312793
29840,0.28123924,0.85572493
29841,0.35927168,0.5387526
29842,0.11590461,0.38011655
29843,0.31428137,0.5450744
29844,0.06186886,0.06471501
29845,0.22200702,0.17162465
29846,0.019582892,0.04946617
29847,0.028842598,0.05910049
29848,0.060666524,0.046126734
29849,0.063221455,0.56067
29850,0.70860684,0.74076736
29851,0.07597464,0.17662512
29852,0.08953123,0.43088168
29853,0.047195584,0.052473474
29854,0.23262608,0.5732042
29855,0.25772867,0.6719453
29856,0.6608808,0.3812267
29857,0.13101412,0.32969525
29858,0.34487805,0.30217934
29859,0.5882902,0.8312971
29860,0.08506649,0.7365545
29861,0.1687984,0.7763126
29862,0.10313872,0.7872699
29863,0.16959047,0.7822694
29864,0.7933112,0.90738124
29865,0.033623986,0.04961065
29866,0.09094452,0.32114837
29867,0.097267464,0.69744134
29868,0.1020607,0.97250485
29869,0.81654596,0.9610122
29870,0.042296015,0.180093
29871,0.10083579,0.8467998
29872,0.06115632,0.2024327
29873,0.07067418,0.10590466
29874,0.06102253,0.8140996
29875,0.49916616,0.72302836
29876,0.08929087,0.1866865
29877,0.13227993,0.40741113
29878,0.6247793,0.79489094
29879,0.48518568,0.5280159
29880,0.050137896,0.7376411
29881,0.38042834,0.6125225
29882,0.27819395,0.3902468
29883,0.42738107,0.41578335
29884,0.08424529,0.14082418
29885,0.09504383,0.78910816
29886,0.21207274,0.34142396
29887,0.86005753,0.61422706
29888,0.09356724,0.5752967
29889,0.049540747,0.07833827
29890,0.14896804,0.38369706
29891,0.056671545,0.38261664
29892,0.45478955,0.95342785
29893,0.11189783,0.83915436
29894,0.079239085,0.5598431
29895,0.05865123,0.10588423
29896,0.06455553,0.024321856
29897,0.038978644,0.04771888
29898,0.10589106,0.23688014
29899,0.031395115,0.96113044
29900,0.76437575,0.5611422
29901,0.35677126,0.9144136
29902,0.11833571,0.93457824
29903,0.07060796,0.8518739
29904,0.13171664,0.44837114
29905,0.12037195,0.56673664
29906,0.3589009,0.5783779
29907,0.03262604,0.809911
29908,0.3617607,0.70162386
29909,0.046861812,0.51446253
29910,0.63743436,0.9190245
29911,0.04926128,0.07211632
29912,0.44608524,0.19628486
29913,0.5157681,0.35808033
29914,0.5229262,0.6717637
29915,0.10944063,0.19319555
29916,0.07611864,0.07074331
29917,0.05571143,0.5637009
29918,0.65457034,0.8923234
29919,0.06562824,0.16528653
29920,0.2727604,0.50205505
29921,0.24558891,0.33870986
29922,0.7749532,0.78545314
29923,0.20905426,0.16769001
29924,0.41740698,0.30770573
29925,0.030541277,0.16595411
29926,0.1887743,0.21882647
29927,0.4601405,0.51354605
29928,0.10572113,0.43184134
29929,0.022737488,0.31634077
29930,0.1406914,0.8069851
29931,0.5413018,0.4593748
29932,0.07498873,0.6069863
29933,0.2179065,0.8493241
29934,0.23497628,0.8766707
29935,0.8917308,0.9653858
29936,0.1526486,0.23994485
29937,0.37001967,0.3173676
29938,0.40138385,0.15474823
29939,0.2604028,0.86011845
29940,0.10170975,0.20821401
29941,0.39806083,0.2585918
29942,0.616319,0.52216965
29943,0.20063372,0.8677223
29944,0.11033541,0.27425402
29945,0.31465903,0.7925718
29946,0.087845944,0.779116
29947,0.10746823,0.051921878
29948,0.031225054,0.031685624
29949,0.2620189,0.60804045
29950,0.68085337,0.94697046
29951,0.18235806,0.45580977
29952,0.46925342,0.8583439
29953,0.060839657,0.8120788
29954,0.064620204,0.11299963
29955,0.12489557,0.22791147
29956,0.4464197,0.07973209
29957,0.04775286,0.42671755
29958,0.32962596,0.4324083
29959,0.037912887,0.053583436
29960,0.074094795,0.07986616
29961,0.050244547,0.85219145
29962,0.35875914,0.9329332
29963,0.5240316,0.79346484
29964,0.0417461,0.2967804
29965,0.060511984,0.14997473
29966,0.11510243,0.64664704
29967,0.16265841,0.7653543
29968,0.07969522,0.7557024
29969,0.44573396,0.51116526
29970,0.2860857,0.90688026
29971,0.10747022,0.13569377
29972,0.03057926,0.013994103
29973,0.036704645,0.05175131
29974,0.48942748,0.25067502
29975,0.18605173,0.54157144
29976,0.22126314,0.83787537
29977,0.088259965,0.22112101
29978,0.14348507,0.2646008
29979,0.022276135,0.69702476
29980,0.19526228,0.5683399
29981,0.28090042,0.79153425
29982,0.07423055,0.47115543
29983,0.13285902,0.4613998
29984,0.033605166,0.06962748
29985,0.16808034,0.86660945
29986,0.8870603,0.9555058
29987,0.03570179,0.077997856
29988,0.2867333,0.59537107
29989,0.085985035,0.07997539
29990,0.027625756,0.10244372
29991,0.06848707,0.10148917
29992,0.025736114,0.054292876
29993,0.072055735,0.082882315
29994,0.07219021,0.20009126
29995,0.05549814,0.14078398
29996,0.08030073,0.22338158
29997,0.67846686,0.80841446
29998,0.040311586,0.05446519
29999,0.44863626,0.84801215
30000,0.18356967,0.06887834
30001,0.60121024,0.8291659
30002,0.34919882,0.5599942
30003,0.6433037,0.93527865
30004,0.047761273,0.7370876
30005,0.4280039,0.8131984
30006,0.06755022,0.78684944
30007,0.08684363,0.40320525
30008,0.1225773,0.35791355
30009,0.32411757,0.46608335
30010,0.11000496,0.4470833
30011,0.051003963,0.49659237
30012,0.36296573,0.8999119
30013,0.020514715,0.05663789
30014,0.08523731,0.5841943
30015,0.23047628,0.39265656
30016,0.13085079,0.47193453
30017,0.45602772,0.77807933
30018,0.05608579,0.8027883
30019,0.23229991,0.6948777
30020,0.04786178,0.069051504
30021,0.19829747,0.28695378
30022,0.068611294,0.423042
30023,0.19174571,0.69579685
30024,0.17694421,0.6641782
30025,0.022742702,0.0746434
30026,0.4265802,0.3227269
30027,0.06080279,0.058077462
30028,0.2873755,0.36498353
30029,0.08533806,0.1580837
30030,0.032919496,0.10676115
30031,0.0692155,0.14748067
30032,0.047697414,0.10057927
30033,0.04877804,0.21159591
30034,0.42866486,0.5719112
30035,0.064575285,0.12274176
30036,0.036383275,0.030830923
30037,0.1835353,0.86865586
30038,0.09614421,0.19766565
30039,0.08808634,0.37073463
30040,0.03148329,0.03510291
30041,0.061204355,0.1946779
30042,0.11565838,0.85490125
30043,0.23474856,0.3180101
30044,0.046387706,0.16987877
30045,0.1516588,0.41068566
30046,0.19885394,0.79451644
30047,0.55330104,0.4319847
30048,0.08785106,0.13827161
30049,0.06750268,0.93265057
30050,0.6338592,0.9465985
30051,0.018896062,0.10688533
30052,0.28159678,0.6612013
30053,0.15986115,0.2048018
30054,0.23434761,0.5981599
30055,0.34359953,0.37632725
30056,0.06990032,0.05119763
30057,0.039483704,0.05548267
30058,0.7616377,0.75160056
30059,0.07529589,0.15802044
30060,0.33357367,0.4034666
30061,0.08900197,0.8564469
30062,0.1590665,0.6146883
30063,0.074699216,0.101013
30064,0.049836926,0.9100651
30065,0.105087444,0.37207896
30066,0.06657937,0.10643661
30067,0.06121536,0.5764433
30068,0.34063378,0.30691212
30069,0.059740942,0.13552631
30070,0.053378075,0.20201305
30071,0.79985917,0.9077253
30072,0.14017366,0.90486366
30073,0.08507575,0.8026608
30074,0.656797,0.84960663
30075,0.28695115,0.3836062
30076,0.1056139,0.1341543
30077,0.07532034,0.7691021
30078,0.07750535,0.2128303
30079,0.16441436,0.31054133
30080,0.70337254,0.90881425
30081,0.66330093,0.88015497
30082,0.111429535,0.9004399
30083,0.16886692,0.3432534
30084,0.21654369,0.5638559
30085,0.09078806,0.104238704
30086,0.07723615,0.08620696
30087,0.25318465,0.408794
30088,0.12790503,0.1750131
30089,0.08970553,0.3102869
30090,0.051053174,0.093996435
30091,0.7792619,0.8845998
30092,0.053673632,0.054910053
30093,0.48589242,0.7222876
30094,0.04721141,0.90829414
30095,0.11615505,0.21050559
30096,0.17950097,0.1930672
30097,0.33098367,0.6285938
30098,0.14252661,0.30495414
30099,0.021002365,0.13083696
30100,0.04696986,0.11223311
30101,0.05143839,0.02429013
30102,0.14511594,0.1693007
30103,0.3546471,0.36870727
30104,0.82176787,0.66760075
30105,0.032117475,0.2851371
30106,0.498813,0.83190334
30107,0.3435421,0.77005017
30108,0.13818295,0.10206719
30109,0.042672917,0.055405922
30110,0.28009242,0.96095127
30111,0.15599015,0.89456415
30112,0.19760309,0.08422699
30113,0.04242343,0.7340169
30114,0.14598551,0.77957827
30115,0.74997777,0.90591246
30116,0.19728594,0.36196318
30117,0.115258984,0.106740564
30118,0.21686456,0.1996829
30119,0.15978998,0.2405111
30120,0.17899127,0.7739164
30121,0.05349583,0.63313526
30122,0.01808587,0.047407296
30123,0.3067349,0.13164398
30124,0.31033674,0.6817996
30125,0.09008121,0.2370433
30126,0.03161646,0.09450749
30127,0.29829794,0.43826
30128,0.47580513,0.5757928
30129,0.41408736,0.8596691
30130,0.13728268,0.28301334
30131,0.07489536,0.6040348
30132,0.10398863,0.09356166
30133,0.030569324,0.08604852
30134,0.10967211,0.9575016
30135,0.25045297,0.34968945
30136,0.07134066,0.35211298
30137,0.05647972,0.1642003
30138,0.08776343,0.38502276
30139,0.45013863,0.67216
30140,0.05027975,0.09603699
30141,0.0643545,0.27355656
30142,0.7656606,0.88558036
30143,0.080862895,0.32124588
30144,0.60580057,0.81958264
30145,0.10519068,0.6634285
30146,0.063153416,0.080335304
30147,0.33493605,0.7669961
30148,0.13997352,0.51479214
30149,0.12879209,0.17585944
30150,0.81601673,0.90167004
30151,0.8757853,0.95889103
30152,0.20467068,0.48782945
30153,0.120787784,0.9524543
30154,0.36254984,0.9585146
30155,0.58131397,0.70575863
30156,0.34610102,0.5924353
30157,0.5260193,0.31464562
30158,0.64193773,0.8196424
30159,0.16264704,0.12411908
30160,0.44071507,0.87931234
30161,0.05862119,0.2417745
30162,0.21463606,0.5196653
30163,0.03618421,0.079133354
30164,0.92877513,0.92115474
30165,0.046992898,0.25757462
30166,0.14850701,0.8954251
30167,0.07270753,0.15535496
30168,0.14790964,0.06908865
30169,0.042898826,0.029826771
30170,0.27250057,0.05657083
30171,0.058007684,0.062583014
30172,0.6732423,0.7064589
30173,0.19121106,0.8611985
30174,0.24988995,0.7639735
30175,0.2892147,0.35519567
30176,0.14153565,0.8124937
30177,0.27428603,0.8716896
30178,0.07034589,0.47415322
30179,0.084215425,0.10069429
30180,0.2178866,0.57942164
30181,0.1350424,0.92262214
30182,0.7174049,0.88069385
30183,0.6900775,0.8068156
30184,0.1303092,0.51192605
30185,0.106073715,0.7774635
30186,0.131046,0.42102897
30187,0.2977168,0.61141473
30188,0.6072071,0.8980012
30189,0.02178554,0.026911499
30190,0.053620182,0.19091907
30191,0.064226374,0.29924592
30192,0.051473882,0.2948241
30193,0.17611834,0.28278613
30194,0.070796624,0.16766547
30195,0.1328877,0.46231014
30196,0.8330451,0.8552002
30197,0.26632243,0.6961221
30198,0.10042743,0.5741047
30199,0.08808749,0.09901458
30200,0.5221983,0.8120862
30201,0.036127944,0.13276705
30202,0.10708995,0.3347357
30203,0.85788167,0.64710784
30204,0.15691334,0.13259058
30205,0.06742389,0.08101968
30206,0.121160775,0.2846021
30207,0.5573503,0.9041881
30208,0.1158616,0.22473684
30209,0.043790027,0.05907163
30210,0.06151247,0.838376
30211,0.05022339,0.061952565
30212,0.16909948,0.52676505
30213,0.11227991,0.8941293
30214,0.080794394,0.29943582
30215,0.1790454,0.2772335
30216,0.38767874,0.6471241
30217,0.797386,0.794798
30218,0.080794215,0.13544087
30219,0.06583118,0.66253674
30220,0.06972821,0.9459087
30221,0.07117775,0.14608264
30222,0.039226256,0.052659143
30223,0.58650666,0.822737
30224,0.12423227,0.37216884
30225,0.023337543,0.072185196
30226,0.3058007,0.913665
30227,0.11130555,0.8141513
30228,0.20670679,0.28781587
30229,0.035868805,0.37846595
30230,0.122126184,0.333495
30231,0.066083655,0.6462724
30232,0.063015655,0.32929075
30233,0.13935685,0.2985749
30234,0.3769501,0.5100382
30235,0.13274609,0.47529194
30236,0.29557517,0.85823363
30237,0.14530545,0.6907945
30238,0.09424204,0.21124908
30239,0.3250973,0.63245
30240,0.059647303,0.92623323
30241,0.24802464,0.8217146
30242,0.13118507,0.3938514
30243,0.39918363,0.61826825
30244,0.046376918,0.27708703
30245,0.07161146,0.4698379
30246,0.06670594,0.93312675
30247,0.047332533,0.30257508
30248,0.39030725,0.827803
30249,0.6396854,0.9625638
30250,0.12763743,0.26990578
30251,0.07236589,0.91801035
30252,0.24660365,0.64006686
30253,0.2656172,0.9237855
30254,0.16824737,0.07195134
30255,0.34134433,0.09713766
30256,0.5455439,0.57895035
30257,0.06912489,0.86180013
30258,0.3592012,0.20856121
30259,0.07420066,0.0866239
30260,0.2586489,0.4725651
30261,0.11178726,0.8613799
30262,0.264609,0.8158489
30263,0.062534764,0.14181277
30264,0.24220504,0.23188534
30265,0.03856103,0.39342952
30266,0.010404214,0.04664806
30267,0.040150672,0.058801897
30268,0.056447323,0.19321285
30269,0.04628586,0.9180427
30270,0.065727144,0.8514337
30271,0.08299952,0.9197531
30272,0.057900265,0.16256855
30273,0.5365205,0.16350599
30274,0.61700773,0.5069643
30275,0.07727679,0.6163177
30276,0.054474022,0.24146919
30277,0.04020582,0.67993873
30278,0.024449809,0.6424199
30279,0.18451354,0.83857065
30280,0.8063454,0.6895915
30281,0.038115684,0.05061186
30282,0.05206601,0.09451422
30283,0.10488123,0.2126055
30284,0.07569771,0.2424799
30285,0.07039939,0.61559784
30286,0.08898115,0.13307174
30287,0.19259475,0.30686784
30288,0.2393897,0.49305853
30289,0.2183754,0.15053706
30290,0.05165949,0.068361886
30291,0.041356333,0.06727372
30292,0.40580937,0.9030177
30293,0.22609268,0.56008804
30294,0.7162132,0.8802703
30295,0.059008952,0.10879564
30296,0.41353256,0.5634627
30297,0.031204639,0.06907698
30298,0.078488804,0.4977304
30299,0.093341246,0.29627466
30300,0.36895218,0.94185764
30301,0.31728378,0.43929055
30302,0.08695331,0.26262984
30303,0.8805012,0.79113644
30304,0.10753729,0.23976587
30305,0.09212623,0.8708891
30306,0.160095,0.93503356
30307,0.81205064,0.9606916
30308,0.17932478,0.56177014
30309,0.09339412,0.8565054
30310,0.56212145,0.8252373
30311,0.020576622,0.079164445
30312,0.33489668,0.74108607
30313,0.1448394,0.17792678
30314,0.03895367,0.12931791
30315,0.04112286,0.112458974
30316,0.22066003,0.5681393
30317,0.07104114,0.7204936
30318,0.12180043,0.74419993
30319,0.048876874,0.8764852
30320,0.516571,0.81696
30321,0.087910876,0.059743304
30322,0.037533425,0.11111144
30323,0.4207345,0.53735435
30324,0.09075107,0.17595638
30325,0.023196163,0.016176738
30326,0.07476623,0.23389003
30327,0.19200267,0.95566297
30328,0.28405148,0.86266285
30329,0.056567945,0.046461314
30330,0.046715062,0.1273537
30331,0.13970283,0.7918308
30332,0.06411698,0.18598694
30333,0.0655386,0.13804844
30334,0.13093877,0.45561484
30335,0.08731114,0.74934727
30336,0.03652571,0.121838376
30337,0.78496253,0.9590715
30338,0.28086364,0.80455005
30339,0.53889406,0.5058053
30340,0.18435699,0.20528772
30341,0.8309375,0.80540144
30342,0.54637766,0.67234254
30343,0.05766268,0.5584769
30344,0.7470732,0.7521229
30345,0.14027269,0.122805044
30346,0.13113052,0.25483695
30347,0.16786486,0.505799
30348,0.04389981,0.16019079
30349,0.2640834,0.748099
30350,0.43484765,0.31014565
30351,0.057549994,0.1276737
30352,0.11950773,0.21329333
30353,0.3100541,0.09037544
30354,0.10036212,0.16409124
30355,0.0675118,0.09449894
30356,0.08352978,0.047160752
30357,0.043045297,0.08129939
30358,0.5705361,0.892378
30359,0.09551572,0.17525902
30360,0.3649953,0.95458037
30361,0.07425269,0.5225252
30362,0.3521775,0.5015206
30363,0.23691691,0.26317382
30364,0.4389963,0.7470938
30365,0.07520711,0.642245
30366,0.12422011,0.38643867
30367,0.7985595,0.9571559
30368,0.061418474,0.070822686
30369,0.0538028,0.08279301
30370,0.7210425,0.8851712
30371,0.052570235,0.12952001
30372,0.07304863,0.13998915
30373,0.1006763,0.06579408
30374,0.26409832,0.45127216
30375,0.11475357,0.40619814
30376,0.17244866,0.14370081
30377,0.07440837,0.14145441
30378,0.86466044,0.87001425
30379,0.5992219,0.8854138
30380,0.070786774,0.19946012
30381,0.09680341,0.048230454
30382,0.38602725,0.8797664
30383,0.2624245,0.52115065
30384,0.4868511,0.34189147
30385,0.36047652,0.4237031
30386,0.60385686,0.6223254
30387,0.48796588,0.94911224
30388,0.0700644,0.045393683
30389,0.35370842,0.54066473
30390,0.031492136,0.20910627
30391,0.86459,0.9408935
30392,0.4016446,0.40193897
30393,0.13003941,0.19048412
30394,0.10430602,0.11996297
30395,0.07370667,0.14557445
30396,0.16860251,0.13251808
30397,0.16663979,0.089220114
30398,0.72938097,0.9197307
30399,0.25023615,0.084472455
30400,0.08459542,0.4572549
30401,0.06067469,0.13939206
30402,0.1218896,0.34318593
30403,0.09303183,0.57758516
30404,0.07617143,0.6989556
30405,0.05348589,0.051642466
30406,0.0909685,0.22181691
30407,0.03864223,0.107439324
30408,0.120248795,0.13408826
30409,0.30412397,0.5651067
30410,0.3071881,0.7184279
30411,0.08099247,0.72525287
30412,0.4452191,0.38060582
30413,0.055790555,0.09281961
30414,0.016286023,0.035731778
30415,0.23987947,0.7820712
30416,0.16779868,0.06325674
30417,0.060472947,0.17679763
30418,0.040033605,0.053793248
30419,0.0471552,0.22017758
30420,0.07251096,0.39146492
30421,0.5132204,0.2532876
30422,0.06430687,0.1926697
30423,0.07243897,0.6925711
30424,0.040871672,0.061924912
30425,0.87835693,0.9485197
30426,0.8072598,0.9597473
30427,0.6880652,0.83272827
30428,0.26937348,0.7835183
30429,0.16596949,0.6845586
30430,0.25733593,0.75183547
30431,0.06700532,0.07611566
30432,0.45989087,0.56797564
30433,0.27316627,0.04964753
30434,0.07196909,0.4257162
30435,0.1779186,0.14527456
30436,0.13819367,0.18862785
30437,0.72310406,0.86446023
30438,0.18927297,0.24307388
30439,0.1331608,0.3275197
30440,0.6927859,0.82968575
30441,0.62091863,0.5552417
30442,0.6673322,0.58168703
30443,0.10468851,0.57277226
30444,0.0836953,0.096597485
30445,0.15414605,0.6839398
30446,0.07359715,0.046502516
30447,0.05924201,0.6525753
30448,0.09913389,0.34217256
30449,0.09282967,0.352474
30450,0.47341275,0.7879195
30451,0.36324078,0.21639845
30452,0.113941975,0.3224777
30453,0.11528079,0.24575843
30454,0.16369313,0.45765373
30455,0.41398835,0.34196267
30456,0.40317124,0.49334452
30457,0.05033476,0.045521736
30458,0.16756497,0.5900625
30459,0.103646696,0.0986319
30460,0.3069028,0.33517724
30461,0.05969296,0.66900754
30462,0.042363953,0.15047188
30463,0.07662776,0.11474519
30464,0.54414696,0.4110463
30465,0.14097746,0.6554103
30466,0.092546925,0.24815533
30467,0.10825073,0.113016315
30468,0.06760456,0.22514997
30469,0.087373935,0.09099263
30470,0.048428945,0.037968
30471,0.40822145,0.6700932
30472,0.04195274,0.07557838
30473,0.12386603,0.19442867
30474,0.2430772,0.50471485
30475,0.03650081,0.054696824
30476,0.08123651,0.42701948
30477,0.057044245,0.30263546
30478,0.20439517,0.53224003
30479,0.87752306,0.9036846
30480,0.09032902,0.44739604
30481,0.11465059,0.5699342
30482,0.19034345,0.5503788
30483,0.060209043,0.17888738
30484,0.06128831,0.3976472
30485,0.05410443,0.72668916
30486,0.020123944,0.7097705
30487,0.57784855,0.8547352
30488,0.43348843,0.5718601
30489,0.24839638,0.31606406
30490,0.5731947,0.6990546
30491,0.28103852,0.46735784
30492,0.08805432,0.29575825
30493,0.09320556,0.26052865
30494,0.07675132,0.1054632
30495,0.2473605,0.3650429
30496,0.0571719,0.2605992
30497,0.09991323,0.75324184
30498,0.12532745,0.24427994
30499,0.5722021,0.94967014
30500,0.053582486,0.07128132
30501,0.17179896,0.6006509
30502,0.25186497,0.53083694
30503,0.17405775,0.32857192
30504,0.38827154,0.76986814
30505,0.33418846,0.14243138
30506,0.25866643,0.8953494
30507,0.59838164,0.35286745
30508,0.73432124,0.897462
30509,0.12630033,0.4268465
30510,0.02658684,0.03170579
30511,0.44667345,0.2506638
30512,0.037618957,0.07612533
30513,0.03910669,0.07547156
30514,0.52499825,0.60113215
30515,0.22041912,0.39673728
30516,0.044260804,0.24421488
30517,0.055621155,0.091144495
30518,0.10102285,0.2245287
30519,0.31730852,0.69327325
30520,0.044976644,0.14441383
30521,0.02853033,0.026167529
30522,0.8367872,0.82189924
30523,0.6588054,0.94400376
30524,0.046877693,0.148568
30525,0.8136271,0.9053888
30526,0.1519839,0.057301532
30527,0.44052073,0.13252935
30528,0.1435408,0.60250884
30529,0.52181983,0.7170294
30530,0.07530243,0.5026118
30531,0.33080766,0.6186624
30532,0.053276513,0.07914575
30533,0.059177697,0.16016328
30534,0.5296381,0.94709694
30535,0.06601301,0.079626575
30536,0.7575001,0.912205
30537,0.05611993,0.68448955
30538,0.04507317,0.11137244
30539,0.25978234,0.8838738
30540,0.13084525,0.71207416
30541,0.76350313,0.7906892
30542,0.5122688,0.32983065
30543,0.76078045,0.847977
30544,0.05054921,0.06725519
30545,0.08336066,0.04967859
30546,0.18194212,0.9539476
30547,0.06966916,0.72308004
30548,0.056791317,0.80967593
30549,0.18598837,0.63913304
30550,0.08183114,0.22127132
30551,0.029146869,0.66867846
30552,0.15685599,0.9339509
30553,0.1311038,0.38248894
30554,0.09143093,0.18749289
30555,0.023130154,0.014794525
30556,0.17924453,0.45038363
30557,0.18673079,0.8355451
30558,0.1105269,0.9072571
30559,0.43942916,0.5386446
30560,0.028468616,0.052623507
30561,0.21039444,0.3901186
30562,0.09141059,0.17722254
30563,0.33710453,0.88557196
30564,0.10334752,0.8232277
30565,0.024081549,0.059443716
30566,0.2239044,0.28224996
30567,0.40653747,0.80919945
30568,0.8400246,0.8299285
30569,0.10381963,0.21150653
30570,0.06679455,0.40258032
30571,0.07508651,0.85384303
30572,0.12897052,0.48965988
30573,0.06552993,0.26945275
30574,0.035321146,0.06509156
30575,0.0733838,0.18626
30576,0.051411953,0.13971443
30577,0.09269957,0.21539512
30578,0.16424145,0.18495126
30579,0.39527264,0.4553802
30580,0.055005126,0.06095442
30581,0.080099955,0.81185067
30582,0.09640626,0.19799264
30583,0.08833533,0.21523689
30584,0.05068243,0.11207217
30585,0.13657507,0.95324636
30586,0.47214437,0.12941974
30587,0.35032848,0.8326306
30588,0.12380154,0.36998302
30589,0.2310926,0.24714805
30590,0.123231225,0.21596172
30591,0.062276326,0.4247321
30592,0.5933104,0.89321935
30593,0.020131813,0.042306058
30594,0.080261126,0.21748863
30595,0.078692995,0.035926282
30596,0.10783376,0.89153737
30597,0.0730444,0.10646446
30598,0.07618878,0.19370797
30599,0.068306305,0.019234583
30600,0.39635548,0.35866827
30601,0.16174342,0.7660978
30602,0.08496463,0.60598314
30603,0.12162777,0.31004804
30604,0.10203221,0.12489411
30605,0.057701793,0.21491106
30606,0.048670113,0.10913489
30607,0.082915545,0.5878174
30608,0.07245167,0.058239806
30609,0.5425114,0.9101758
30610,0.13245139,0.1911299
30611,0.031194555,0.055886056
30612,0.038292073,0.10513346
30613,0.62059957,0.83814377
30614,0.32314482,0.7971893
30615,0.05920963,0.16123655
30616,0.08374096,0.14778787
30617,0.25343218,0.22567493
30618,0.36172977,0.83435637
30619,0.035464462,0.02325455
30620,0.14494504,0.8953546
30621,0.11773662,0.55767274
30622,0.03485186,0.05102714
30623,0.07181328,0.86224115
30624,0.08326551,0.803546
30625,0.14924404,0.68870956
30626,0.09490267,0.9195694
30627,0.4810764,0.45513895
30628,0.11838754,0.6754671
30629,0.037519164,0.5674024
30630,0.086415395,0.20406199
30631,0.05867414,0.5794184
30632,0.3007818,0.29037565
30633,0.4157469,0.9209811
30634,0.029790482,0.049918864
30635,0.02603889,0.04847572
30636,0.6106108,0.24112944
30637,0.079607904,0.23789176
30638,0.17495449,0.6906043
30639,0.30933562,0.43742648
30640,0.037203904,0.1846576
30641,0.12952328,0.6416073
30642,0.07301489,0.16832319
30643,0.8983519,0.9657172
30644,0.04282018,0.043245636
30645,0.1599268,0.29679003
30646,0.13112696,0.48388517
30647,0.6661707,0.94036555
30648,0.15917389,0.8126018
30649,0.051198386,0.32824904
30650,0.024771968,0.028696993
30651,0.117828354,0.8776452
30652,0.115694776,0.5684131
30653,0.4198383,0.37383
30654,0.07077726,0.47662848
30655,0.07845598,0.18604061
30656,0.05697221,0.074350454
30657,0.046862837,0.12475821
30658,0.03625639,0.034023385
30659,0.15635985,0.6238063
30660,0.17382538,0.27182916
30661,0.19320562,0.83468646
30662,0.13693118,0.17415783
30663,0.1015777,0.32899073
30664,0.15121095,0.4461055
30665,0.09092013,0.24969026
30666,0.05324406,0.14300473
30667,0.13557784,0.89032364
30668,0.098965615,0.27934235
30669,0.100362636,0.1187813
30670,0.03899719,0.2788746
30671,0.06275881,0.20818442
30672,0.17210136,0.6843432
30673,0.25158188,0.56843275
30674,0.059004057,0.33259562
30675,0.106278,0.3524339
30676,0.029285893,0.1156376
30677,0.23989373,0.1938957
30678,0.8403716,0.9605554
30679,0.06745207,0.6030947
30680,0.73471165,0.8398646
30681,0.32679206,0.5081919
30682,0.20573398,0.39704418
30683,0.29765362,0.34660527
30684,0.04259911,0.13964017
30685,0.10284949,0.76772857
30686,0.61243176,0.6540517
30687,0.3090621,0.07134194
30688,0.13096505,0.32402238
30689,0.2823039,0.751521
30690,0.058052406,0.85878986
30691,0.09302989,0.34258932
30692,0.6834382,0.7535167
30693,0.028237285,0.06379156
30694,0.11419799,0.45570186
30695,0.58789593,0.84216577
30696,0.433263,0.19033097
30697,0.056708273,0.118981436
30698,0.031058287,0.19363
30699,0.11175001,0.33390158
30700,0.4246658,0.83397007
30701,0.34278262,0.54236466
30702,0.100461766,0.89930606
30703,0.11711798,0.9679587
30704,0.17978221,0.19092016
30705,0.06403003,0.21499644
30706,0.0888475,0.32373792
30707,0.266318,0.58193946
30708,0.16039462,0.12102652
30709,0.68842787,0.9557848
30710,0.8385778,0.95922756
30711,0.10807443,0.1752969
30712,0.051692966,0.18456022
30713,0.85065955,0.9337307
30714,0.8565973,0.8814635
30715,0.09806005,0.40873325
30716,0.07937993,0.898533
30717,0.11687033,0.42768115
30718,0.079315975,0.3702506
30719,0.07222669,0.08941077
30720,0.14894447,0.13569102
30721,0.12133235,0.1406045
30722,0.023600563,0.043608602
30723,0.17753793,0.87484604
30724,0.09158111,0.92313755
30725,0.080461465,0.8502997
30726,0.10975152,0.27337646
30727,0.71899474,0.90228087
30728,0.77889144,0.90506446
30729,0.038710203,0.048052024
30730,0.117500514,0.7439369
30731,0.9460284,0.9775344
30732,0.4184965,0.10084688
30733,0.44092655,0.7714689
30734,0.15932944,0.69493943
30735,0.13030158,0.85529476
30736,0.616919,0.8686234
30737,0.08804617,0.053073205
30738,0.2930998,0.118590124
30739,0.08399485,0.23249635
30740,0.085170254,0.20868957
30741,0.119036004,0.32441708
30742,0.08349259,0.07975116
30743,0.080842026,0.48395294
30744,0.100863874,0.16468136
30745,0.09236461,0.94715756
30746,0.32783058,0.44261727
30747,0.11504272,0.08844842
30748,0.11317367,0.5704544
30749,0.031090688,0.081810616
30750,0.06826744,0.10384151
30751,0.0392065,0.18909203
30752,0.51596093,0.4575327
30753,0.11690071,0.92352915
30754,0.50762904,0.86241597
30755,0.233697,0.30724356
30756,0.07163921,0.64832926
30757,0.059760764,0.869892
30758,0.053248897,0.14160427
30759,0.030197512,0.87272334
30760,0.10288628,0.5620615
30761,0.90675163,0.91026884
30762,0.35349974,0.56883776
30763,0.30910322,0.38923523
30764,0.06637581,0.16547674
30765,0.7327854,0.8830153
30766,0.18823,0.59635067
30767,0.18808536,0.21578985
30768,0.062351134,0.1043183
30769,0.3732889,0.3747664
30770,0.06259169,0.029547397
30771,0.1876961,0.83748674
30772,0.1271566,0.95434904
30773,0.092982315,0.14216173
30774,0.13517235,0.19069025
30775,0.04887867,0.22543879
30776,0.05292565,0.120316625
30777,0.16910328,0.43008217
30778,0.45616272,0.7855664
30779,0.28067312,0.828333
30780,0.101386204,0.108776234
30781,0.00827461,0.010613229
30782,0.14603172,0.5851952
30783,0.079746835,0.073505305
30784,0.3743876,0.63384944
30785,0.35836717,0.86038435
30786,0.085677825,0.11454819
30787,0.15189739,0.70494354
30788,0.20579521,0.19170643
30789,0.2762272,0.42115393
30790,0.1777509,0.1793262
30791,0.07497259,0.61878663
30792,0.74067837,0.66168946
30793,0.07226651,0.24880163
30794,0.014720727,0.027014766
30795,0.2794317,0.35997173
30796,0.5604172,0.7578286
30797,0.026607016,0.07801862
30798,0.057506535,0.09391434
30799,0.12736034,0.13721997
30800,0.51588225,0.66168547
30801,0.034282017,0.026444972
30802,0.06158387,0.32253924
30803,0.08105073,0.66587687
30804,0.35843202,0.94310737
30805,0.08379999,0.24938254
30806,0.10081215,0.23229095
30807,0.18729916,0.30724084
30808,0.057970643,0.072157875
30809,0.18974727,0.665702
30810,0.7192465,0.22100148
30811,0.6505891,0.8762621
30812,0.032884236,0.05262865
30813,0.06521538,0.43309158
30814,0.7727949,0.9133613
30815,0.18160768,0.9382775
30816,0.061624043,0.18582226
30817,0.1239993,0.82376003
30818,0.08048788,0.91210455
30819,0.048402112,0.7545387
30820,0.07212915,0.048290197
30821,0.19097652,0.48413193
30822,0.06371966,0.73850703
30823,0.123716645,0.13788228
30824,0.7408411,0.7437744
30825,0.08980678,0.18839824
30826,0.3200979,0.5773252
30827,0.57589555,0.13191564
30828,0.056790683,0.018555589
30829,0.06560892,0.08799986
30830,0.45583978,0.27571347
30831,0.3595926,0.46928334
30832,0.05889275,0.0355154
30833,0.12491548,0.09062536
30834,0.4301366,0.3535489
30835,0.34783342,0.7782239
30836,0.025472587,0.034140736
30837,0.10987495,0.45191053
30838,0.08038175,0.7927584
30839,0.14714868,0.30941486
30840,0.12593657,0.63778526
30841,0.06754404,0.059104472
30842,0.07929013,0.64314455
30843,0.04007536,0.30249083
30844,0.3029174,0.29897952
30845,0.21174298,0.29067197
30846,0.70535487,0.7210596
30847,0.1282858,0.10518424
30848,0.021782426,0.040854067
30849,0.034567393,0.027431913
30850,0.05505586,0.4147643
30851,0.21699926,0.28037557
30852,0.026699701,0.09506825
30853,0.055776928,0.08968672
30854,0.2053603,0.5213435
30855,0.15568054,0.6336147
30856,0.013546766,0.10370784
30857,0.028387949,0.24039923
30858,0.3500746,0.36346564
30859,0.04876286,0.18796863
30860,0.17943111,0.46596658
30861,0.92607665,0.9116974
30862,0.45926738,0.84094465
30863,0.040819325,0.34698045
30864,0.08683584,0.074396305
30865,0.03556805,0.17627488
30866,0.0338761,0.032412853
30867,0.7709447,0.6728293
30868,0.24825768,0.52595043
30869,0.27749097,0.5600766
30870,0.08776526,0.75770247
30871,0.21909517,0.42346683
30872,0.05713301,0.081358045
30873,0.7977246,0.90662867
30874,0.21070471,0.12784855
30875,0.021605603,0.10127408
30876,0.0958484,0.3155934
30877,0.2786975,0.8538279
30878,0.1388674,0.18852948
30879,0.15453379,0.17502306
30880,0.036830075,0.21952526
30881,0.13483809,0.83187735
30882,0.08670057,0.25842443
30883,0.061644636,0.12352345
30884,0.05599361,0.8678133
30885,0.08253309,0.3262733
30886,0.052804947,0.9093073
30887,0.04879714,0.12783009
30888,0.035845455,0.16846173
30889,0.6603694,0.33204368
30890,0.781485,0.66135114
30891,0.085631065,0.524397
30892,0.015274757,0.046080194
30893,0.48521003,0.45229214
30894,0.5631433,0.21940784
30895,0.60115695,0.8700184
30896,0.58226335,0.42527333
30897,0.08390948,0.6101392
30898,0.05613999,0.7260661
30899,0.13547793,0.9363297
30900,0.11695177,0.18014823
30901,0.53795797,0.8315871
30902,0.021703837,0.031459272
30903,0.064226605,0.11068045
30904,0.06993047,0.23831931
30905,0.64370865,0.74215126
30906,0.06702303,0.15811335
30907,0.06913505,0.11909154
30908,0.1875451,0.13459446
30909,0.060406115,0.7651543
30910,0.87317336,0.78669137
30911,0.08099639,0.6336101
30912,0.1148933,0.5858279
30913,0.0655782,0.24284774
30914,0.03199993,0.03798609
30915,0.70798975,0.895776
30916,0.05804826,0.08316269
30917,0.58899575,0.70665556
30918,0.07860946,0.560293
30919,0.07251114,0.2683646
30920,0.13116486,0.039253272
30921,0.2775763,0.445036
30922,0.4347977,0.124135315
30923,0.10346096,0.6275415
30924,0.09450236,0.07716914
30925,0.5932285,0.811143
30926,0.47043422,0.37132975
30927,0.035289284,0.1948936
30928,0.47572955,0.32251045
30929,0.1022296,0.23465128
30930,0.49459535,0.80149853
30931,0.16557778,0.8238185
30932,0.3017142,0.6331703
30933,0.14901589,0.5271251
30934,0.13654418,0.17450139
30935,0.11745949,0.5352233
30936,0.28548476,0.23486738
30937,0.17029522,0.8082542
30938,0.13371186,0.9059286
30939,0.07529354,0.37126723
30940,0.055559635,0.8986924
30941,0.048042253,0.07081948
30942,0.093117096,0.71135676
30943,0.096889354,0.9221331
30944,0.32794857,0.43352687
30945,0.01931154,0.028106984
30946,0.07699028,0.724525
30947,0.2910362,0.34329528
30948,0.109962694,0.82217944
30949,0.16125138,0.772797
30950,0.110182375,0.8908018
30951,0.08620293,0.14226678
30952,0.054931674,0.17148547
30953,0.042352073,0.6409425
30954,0.70331746,0.6717256
30955,0.079495475,0.7500255
30956,0.3946062,0.5773486
30957,0.05397254,0.08808481
30958,0.48532882,0.7032744
30959,0.80845547,0.8217025
30960,0.4063495,0.39562038
30961,0.38139218,0.63410014
30962,0.065545715,0.11034974
30963,0.2680012,0.9287595
30964,0.10574883,0.4413298
30965,0.12342264,0.3727548
30966,0.017536877,0.040675398
30967,0.8135718,0.86316735
30968,0.06618934,0.66076535
30969,0.23472747,0.78333473
30970,0.091161616,0.21160594
30971,0.03268845,0.04770377
30972,0.5102002,0.54908365
30973,0.124112606,0.12297262
30974,0.07004398,0.82652706
30975,0.57237506,0.4847885
30976,0.15991649,0.20128392
30977,0.17008388,0.3292359
30978,0.21251689,0.5482984
30979,0.4577754,0.8538457
30980,0.78958225,0.93306166
30981,0.14267755,0.19713856
30982,0.08379536,0.17801525
30983,0.036103774,0.9370946
30984,0.33590683,0.33791128
30985,0.7954804,0.73896724
30986,0.058545157,0.09203368
30987,0.05852699,0.18265854
30988,0.50399095,0.8916935
30989,0.074828565,0.8285227
30990,0.8689096,0.91082174
30991,0.08692818,0.14012621
30992,0.18443884,0.19032471
30993,0.037246883,0.097190246
30994,0.018210065,0.17644389
30995,0.12159675,0.08253706
30996,0.23584427,0.5610073
30997,0.33521795,0.81031543
30998,0.22886,0.6034483
30999,0.1623513,0.86361957
31000,0.04099256,0.06426891
31001,0.69620633,0.8184661
31002,0.095572546,0.18187547
31003,0.055367682,0.08425542
31004,0.72050923,0.8942114
31005,0.33523855,0.5759945
31006,0.07969998,0.09860242
31007,0.08161796,0.6649061
31008,0.3920268,0.31234244
31009,0.03249079,0.120757416
31010,0.47380844,0.30581984
31011,0.41056046,0.6981056
31012,0.69369364,0.33755338
31013,0.305326,0.13616823
31014,0.14328587,0.1613193
31015,0.01846694,0.0809466
31016,0.3582079,0.5049109
31017,0.08700914,0.19673671
31018,0.24943908,0.1801306
31019,0.08396488,0.6328541
31020,0.12384061,0.5230268
31021,0.071840346,0.024638778
31022,0.18846798,0.8622551
31023,0.13031636,0.075175345
31024,0.020503841,0.055449706
31025,0.74720293,0.964806
31026,0.039477818,0.08916722
31027,0.7432396,0.8177492
31028,0.038898442,0.830627
31029,0.050511274,0.14718397
31030,0.19532846,0.185765
31031,0.025053006,0.38657174
31032,0.073499024,0.44425413
31033,0.04475805,0.1248018
31034,0.08018293,0.8292102
31035,0.6971031,0.9132057
31036,0.48658162,0.7939515
31037,0.05844126,0.18839292
31038,0.04026819,0.2760984
31039,0.14700387,0.89111906
31040,0.123114005,0.17987975
31041,0.075931534,0.95683515
31042,0.095865875,0.25481334
31043,0.060015835,0.3452292
31044,0.051383868,0.10792066
31045,0.09528012,0.62777853
31046,0.09422746,0.6829666
31047,0.03968764,0.07380701
31048,0.54210544,0.8720996
31049,0.13350923,0.101647
31050,0.0642122,0.1759571
31051,0.07696116,0.16257115
31052,0.5574215,0.5751586
31053,0.04955508,0.12421028
31054,0.48041606,0.49650207
31055,0.37831628,0.3249287
31056,0.035909697,0.033760164
31057,0.7541475,0.5178249
31058,0.05780787,0.7681522
31059,0.11304497,0.47943997
31060,0.7182492,0.86297226
31061,0.016564902,0.13419333
31062,0.47685,0.6454956
31063,0.37728286,0.897346
31064,0.20542587,0.15431225
31065,0.10479039,0.045989353
31066,0.5541069,0.9169939
31067,0.08969282,0.036010746
31068,0.1498839,0.2840409
31069,0.8614046,0.89383876
31070,0.051538058,0.36315113
31071,0.3415955,0.4329599
31072,0.06435511,0.11602487
31073,0.5173253,0.920729
31074,0.053851906,0.9352399
31075,0.04534267,0.6873297
31076,0.70532465,0.8890658
31077,0.13981467,0.23257747
31078,0.028029902,0.025534239
31079,0.524783,0.8716822
31080,0.6861673,0.861447
31081,0.050407723,0.4644432
31082,0.22189005,0.57882714
31083,0.14173067,0.9190172
31084,0.059551146,0.116210945
31085,0.075314134,0.12239914
31086,0.05402509,0.3302458
31087,0.121484615,0.86688423
31088,0.10348194,0.5823067
31089,0.07372604,0.14363776
31090,0.3130654,0.4284889
31091,0.07837589,0.728367
31092,0.06570546,0.15356928
31093,0.04269389,0.11222909
31094,0.08552927,0.72386944
31095,0.09337096,0.14182404
31096,0.070300825,0.055283315
31097,0.8575159,0.94195145
31098,0.02811908,0.041189983
31099,0.045425605,0.25431857
31100,0.10918716,0.7652242
31101,0.2478263,0.23812889
31102,0.5105282,0.79721206
31103,0.74110824,0.9130596
31104,0.07493901,0.75500095
31105,0.044299822,0.7387677
31106,0.09620273,0.7178876
31107,0.12427087,0.42522615
31108,0.06716131,0.10302749
31109,0.18053582,0.061159622
31110,0.05072232,0.08526343
31111,0.115613185,0.5043792
31112,0.022497253,0.122358516
31113,0.13051896,0.26924613
31114,0.14120375,0.84015185
31115,0.024163917,0.09530137
31116,0.08000299,0.085378885
31117,0.48677674,0.9412877
31118,0.037182637,0.5160297
31119,0.15771931,0.36511087
31120,0.08968513,0.19506599
31121,0.7887466,0.8951664
31122,0.78630054,0.94656074
31123,0.13199903,0.08061701
31124,0.038674116,0.03646338
31125,0.320339,0.21798313
31126,0.027919857,0.12506045
31127,0.1534238,0.051923238
31128,0.05382821,0.6443367
31129,0.037264302,0.08223362
31130,0.08061275,0.014323782
31131,0.7157848,0.8342371
31132,0.18401179,0.93091685
31133,0.045275,0.10184144
31134,0.070503734,0.4294017
31135,0.033642575,0.8015899
31136,0.6226157,0.79467374
31137,0.031248733,0.02780407
31138,0.78986514,0.4355186
31139,0.35398868,0.49519047
31140,0.051544063,0.062738076
31141,0.31491774,0.89207655
31142,0.9383245,0.94000673
31143,0.28773206,0.42695144
31144,0.06656058,0.8000567
31145,0.39178425,0.47518167
31146,0.05930775,0.070413545
31147,0.26091504,0.2688371
31148,0.24783345,0.69322973
31149,0.040668465,0.06753306
31150,0.115839764,0.7223685
31151,0.041005366,0.07714079
31152,0.0643911,0.35399744
31153,0.09082381,0.19431224
31154,0.31489646,0.1311511
31155,0.73945135,0.96192515
31156,0.07593978,0.14916264
31157,0.19043912,0.82570356
31158,0.84856325,0.9532649
31159,0.025757508,0.03454983
31160,0.0327112,0.27818647
31161,0.16009603,0.36090147
31162,0.47603232,0.83923167
31163,0.24586815,0.13835298
31164,0.09184918,0.39645454
31165,0.20027855,0.123079926
31166,0.08106584,0.2100218
31167,0.043211125,0.13015926
31168,0.07884678,0.3717517
31169,0.031863466,0.26882488
31170,0.15739392,0.15564205
31171,0.12029334,0.079036064
31172,0.7496091,0.8222469
31173,0.18982796,0.7007051
31174,0.29737023,0.12854709
31175,0.13989837,0.17866904
31176,0.6893601,0.51743937
31177,0.09444383,0.74270546
31178,0.48203787,0.87418705
31179,0.3489259,0.8377212
31180,0.020470949,0.34178087
31181,0.63316786,0.5403053
31182,0.05680916,0.40698484
31183,0.19877876,0.34141436
31184,0.016856605,0.017938282
31185,0.1683539,0.16493034
31186,0.10556797,0.27851126
31187,0.023958761,0.06512019
31188,0.109103255,0.14268486
31189,0.075596586,0.24236874
31190,0.0747411,0.25403324
31191,0.286646,0.3719501
31192,0.071779385,0.12464342
31193,0.07880231,0.26885986
31194,0.06646722,0.20538631
31195,0.48679447,0.18817607
31196,0.3061183,0.70159906
31197,0.053288758,0.31234857
31198,0.03039164,0.033792783
31199,0.038203295,0.2310145
31200,0.08754539,0.4535645
31201,0.05774931,0.10132321
31202,0.46905637,0.89745885
31203,0.020432081,0.023877436
31204,0.028448306,0.047319677
31205,0.046917606,0.9172889
31206,0.08001473,0.13265398
31207,0.16224138,0.13303582
31208,0.30015233,0.81493974
31209,0.37280443,0.57165027
31210,0.21792382,0.70351344
31211,0.04282921,0.08193833
31212,0.14638123,0.42727587
31213,0.08039436,0.27029422
31214,0.12352389,0.1677644
31215,0.084698595,0.6921108
31216,0.068887845,0.06414721
31217,0.24361843,0.82763004
31218,0.6910424,0.871569
31219,0.8221986,0.8378115
31220,0.15825287,0.44832155
31221,0.10845722,0.29540673
31222,0.12453793,0.52999794
31223,0.2949738,0.39991167
31224,0.07219722,0.83109736
31225,0.02546126,0.045550905
31226,0.5861215,0.9611225
31227,0.10213481,0.2593926
31228,0.48865902,0.6865851
31229,0.64213413,0.8430411
31230,0.059705865,0.24858624
31231,0.04022037,0.048813045
31232,0.05182907,0.84596026
31233,0.6184339,0.9605829
31234,0.38197425,0.93343544
31235,0.35009062,0.5671471
31236,0.33121926,0.806066
31237,0.08257307,0.4548814
31238,0.34702066,0.9504412
31239,0.93871564,0.9650716
31240,0.56387484,0.55691516
31241,0.053320013,0.17883524
31242,0.06750736,0.12971207
31243,0.039005425,0.7391262
31244,0.47468528,0.54356545
31245,0.16824728,0.38958797
31246,0.05870758,0.20726307
31247,0.103455275,0.7286684
31248,0.69191694,0.77079475
31249,0.10173849,0.09398657
31250,0.38915694,0.67565846
31251,0.64861864,0.87293094
31252,0.31877258,0.12567575
31253,0.15143329,0.91049546
31254,0.12120918,0.22128777
31255,0.18618718,0.46825728
31256,0.09735494,0.11555995
31257,0.083366156,0.27105194
31258,0.055407092,0.1553021
31259,0.44682136,0.9119067
31260,0.049703225,0.07189636
31261,0.08660921,0.184803
31262,0.68828744,0.9129251
31263,0.31469584,0.1285857
31264,0.0581376,0.15212683
31265,0.5014587,0.5954064
31266,0.049428843,0.043798633
31267,0.25446624,0.9155537
31268,0.60692614,0.8793572
31269,0.08386135,0.3233265
31270,0.33273786,0.7573385
31271,0.13864323,0.08413891
31272,0.6173666,0.76183176
31273,0.38016254,0.33643535
31274,0.18183471,0.49499154
31275,0.072208606,0.056989208
31276,0.05279406,0.93646896
31277,0.08680819,0.13471898
31278,0.1779521,0.3449922
31279,0.10218914,0.100053504
31280,0.07842029,0.7225341
31281,0.043511745,0.048818327
31282,0.16128659,0.60309505
31283,0.078139216,0.21258739
31284,0.05569157,0.14907452
31285,0.07625779,0.96990687
31286,0.41449124,0.55422884
31287,0.028233238,0.6667771
31288,0.07678895,0.14406566
31289,0.28644958,0.7693353
31290,0.057796653,0.09082814
31291,0.07601214,0.032341566
31292,0.047616158,0.77595764
31293,0.08971764,0.5634775
31294,0.85055226,0.923474
31295,0.05214171,0.10821838
31296,0.49388593,0.44806775
31297,0.07592493,0.931196
31298,0.076303,0.9357879
31299,0.23650332,0.19055037
31300,0.31546655,0.708446
31301,0.670565,0.6962466
31302,0.06550319,0.5564669
31303,0.05817196,0.122650884
31304,0.041706737,0.13803776
31305,0.46494973,0.73077
31306,0.30074546,0.8064706
31307,0.022536453,0.01027875
31308,0.34493923,0.35650942
31309,0.18088055,0.8122358
31310,0.26887083,0.6870047
31311,0.114421345,0.20127858
31312,0.2940373,0.797107
31313,0.095830835,0.1801114
31314,0.33055404,0.48380595
31315,0.13074608,0.21638103
31316,0.07513749,0.1321361
31317,0.06925612,0.075909026
31318,0.06594511,0.5826724
31319,0.14574844,0.63732076
31320,0.03922445,0.8406015
31321,0.19461718,0.08903014
31322,0.7693005,0.86634874
31323,0.64390564,0.8693124
31324,0.09752457,0.17025188
31325,0.27315885,0.38762727
31326,0.7488608,0.740513
31327,0.09274893,0.35563865
31328,0.90528685,0.97886366
31329,0.06597985,0.68014234
31330,0.037795026,0.030398328
31331,0.11786217,0.25915965
31332,0.74805105,0.9094971
31333,0.08607919,0.6158122
31334,0.2365911,0.22477007
31335,0.1852083,0.1221609
31336,0.07199523,0.48867473
31337,0.06844512,0.1304856
31338,0.0639183,0.105867535
31339,0.076811604,0.7718618
31340,0.05594235,0.11124783
31341,0.10276247,0.5289844
31342,0.15358622,0.36589473
31343,0.056103982,0.3317416
31344,0.5620919,0.38396016
31345,0.59991467,0.85508215
31346,0.28169835,0.50499755
31347,0.15963353,0.39982343
31348,0.8101585,0.7827394
31349,0.11644281,0.14975138
31350,0.13376184,0.89648765
31351,0.049575698,0.69418854
31352,0.04280348,0.09343887
31353,0.058878426,0.2558703
31354,0.05422654,0.71203953
31355,0.16004255,0.80371034
31356,0.123716846,0.26038948
31357,0.31938738,0.35972592
31358,0.044498228,0.192938
31359,0.107377544,0.1494129
31360,0.1176564,0.12524068
31361,0.4342613,0.5432731
31362,0.04097875,0.3154289
31363,0.60494256,0.8299441
31364,0.1100482,0.38708547
31365,0.5068345,0.6570195
31366,0.14349982,0.055293985
31367,0.08289069,0.10641303
31368,0.37785813,0.4959203
31369,0.4375214,0.7664689
31370,0.042495664,0.15799989
31371,0.06589672,0.058995135
31372,0.9003365,0.7794607
31373,0.043490954,0.4807363
31374,0.21857938,0.19189014
31375,0.23807314,0.90727085
31376,0.14551732,0.7049709
31377,0.83881754,0.9518177
31378,0.07604373,0.21733251
31379,0.68858504,0.6716697
31380,0.50584847,0.4787368
31381,0.08315758,0.07578858
31382,0.12648201,0.36959827
31383,0.8899537,0.9653729
31384,0.84077734,0.87189895
31385,0.18474631,0.6220295
31386,0.2833394,0.4366355
31387,0.29183096,0.7055202
31388,0.77723277,0.20970513
31389,0.05080191,0.91631186
31390,0.04770026,0.57745606
31391,0.7804806,0.90241474
31392,0.28250283,0.7963081
31393,0.067207895,0.04311016
31394,0.37767214,0.29633957
31395,0.041433893,0.08691632
31396,0.7526975,0.7531088
31397,0.06663374,0.32097703
31398,0.16671135,0.26992038
31399,0.76829165,0.9517289
31400,0.92847383,0.9273687
31401,0.11940852,0.7732967
31402,0.6119993,0.77231735
31403,0.2506027,0.02825614
31404,0.054993268,0.06328754
31405,0.03567572,0.6988628
31406,0.09099024,0.5518371
31407,0.7003925,0.45590508
31408,0.104525566,0.09204896
31409,0.04609648,0.046851385
31410,0.24826618,0.22787999
31411,0.38590974,0.28083643
31412,0.044329375,0.46048605
31413,0.15844704,0.16268265
31414,0.07026314,0.05697134
31415,0.14864743,0.3062472
31416,0.23915166,0.59078306
31417,0.32903352,0.9408039
31418,0.019524181,0.057440344
31419,0.66530305,0.94644916
31420,0.020146182,0.008447708
31421,0.056974135,0.21553467
31422,0.06864646,0.08817975
31423,0.6556608,0.941541
31424,0.08424621,0.5628876
31425,0.09061712,0.1984143
31426,0.17013161,0.7754973
31427,0.09652515,0.4991706
31428,0.17936672,0.859119
31429,0.32479206,0.7700315
31430,0.13185915,0.46077824
31431,0.11348591,0.06845673
31432,0.097947985,0.068920195
31433,0.8945708,0.9644304
31434,0.51761883,0.5674196
31435,0.05977407,0.24489135
31436,0.47421247,0.591463
31437,0.5380525,0.68492407
31438,0.16445306,0.32544467
31439,0.5201848,0.78716
31440,0.1432394,0.66180706
31441,0.31681034,0.6632747
31442,0.8291152,0.7644414
31443,0.022907881,0.02537114
31444,0.050955355,0.19399142
31445,0.29168624,0.19163664
31446,0.50913835,0.87551993
31447,0.3987554,0.58373666
31448,0.8956723,0.97340333
31449,0.08024779,0.06488614
31450,0.34300724,0.9645577
31451,0.30083367,0.6427312
31452,0.23066594,0.071035005
31453,0.25917453,0.291166
31454,0.8124986,0.9086078
31455,0.1226617,0.93469155
31456,0.10414222,0.33014438
31457,0.1644572,0.14943905
31458,0.23886254,0.6755891
31459,0.103507206,0.13772486
31460,0.04429774,0.11090162
31461,0.08061586,0.47445977
31462,0.17026104,0.9270844
31463,0.11572487,0.80383843
31464,0.06458854,0.3222404
31465,0.7490208,0.90999836
31466,0.0140313525,0.13368653
31467,0.5793498,0.94390696
31468,0.12818599,0.42319813
31469,0.51531917,0.38802922
31470,0.09540574,0.7443135
31471,0.089097664,0.5958421
31472,0.36886784,0.7387615
31473,0.7560583,0.8739916
31474,0.27587503,0.67605376
31475,0.43657246,0.7636134
31476,0.06257043,0.1341345
31477,0.10304291,0.11578512
31478,0.066203766,0.14410591
31479,0.45399338,0.89426345
31480,0.04305319,0.086771905
31481,0.1548163,0.5481816
31482,0.21231824,0.8379199
31483,0.13799948,0.14533645
31484,0.03742625,0.026414849
31485,0.030567952,0.03951304
31486,0.11318609,0.6550263
31487,0.6744361,0.7855234
31488,0.06880831,0.10080778
31489,0.8791038,0.9059793
31490,0.7628492,0.86619794
31491,0.4856992,0.64391637
31492,0.33255783,0.23339728
31493,0.043467063,0.10991444
31494,0.061444733,0.097044215
31495,0.11213767,0.6414312
31496,0.07718098,0.67531383
31497,0.044201992,0.13848351
31498,0.116459884,0.2507037
31499,0.16288497,0.45032242
31500,0.85780334,0.95407
31501,0.1311924,0.62042886
31502,0.024023935,0.22094786
31503,0.13381736,0.19328542
31504,0.2337754,0.59741753
31505,0.6937715,0.9109145
31506,0.18702386,0.20233709
31507,0.074788034,0.6224294
31508,0.23488201,0.5995909
31509,0.099462695,0.8287282
31510,0.112146854,0.7048513
31511,0.08337703,0.42804053
31512,0.2674986,0.20083584
31513,0.2751427,0.31829157
31514,0.74478275,0.86211985
31515,0.3054937,0.35050958
31516,0.07500659,0.09821829
31517,0.3604269,0.4426025
31518,0.12165495,0.82408607
31519,0.12575477,0.4952044
31520,0.060166184,0.6471271
31521,0.0770951,0.9048854
31522,0.8137221,0.93796074
31523,0.13967517,0.5429497
31524,0.0353643,0.048672125
31525,0.5475622,0.8906497
31526,0.31060842,0.91616714
31527,0.069101565,0.3892976
31528,0.14065912,0.34710106
31529,0.21449895,0.41772702
31530,0.056483984,0.16360271
31531,0.19938523,0.4507894
31532,0.052331693,0.07868053
31533,0.89490277,0.9467727
31534,0.16722663,0.07562668
31535,0.3633931,0.71114683
31536,0.10831939,0.89883715
31537,0.0406098,0.17907964
31538,0.07322094,0.29000252
31539,0.7493746,0.75348824
31540,0.120036095,0.60456884
31541,0.035755485,0.3362248
31542,0.2050042,0.33748195
31543,0.12704957,0.27527326
31544,0.6224605,0.77485657
31545,0.08309411,0.5126584
31546,0.061672706,0.06669954
31547,0.8568078,0.95598143
31548,0.2450781,0.47677004
31549,0.24901316,0.7933549
31550,0.05799503,0.13559917
31551,0.6401324,0.65309113
31552,0.042220846,0.9320009
31553,0.117457554,0.25812075
31554,0.059154507,0.05801263
31555,0.46696678,0.7849971
31556,0.4080611,0.4668866
31557,0.021398375,0.026356496
31558,0.15678495,0.28108504
31559,0.4657916,0.7861106
31560,0.6449663,0.8478024
31561,0.040349703,0.06433666
31562,0.037135124,0.014691315
31563,0.09666602,0.09706818
31564,0.18037976,0.5143631
31565,0.17421241,0.91596746
31566,0.16497022,0.19231105
31567,0.18219809,0.26403487
31568,0.05631595,0.8417737
31569,0.032250963,0.027373996
31570,0.42415413,0.771219
31571,0.0774977,0.27431908
31572,0.078227796,0.114531256
31573,0.24188688,0.17351083
31574,0.35342282,0.8232816
31575,0.31385368,0.39423457
31576,0.1725111,0.74531394
31577,0.056116875,0.36327556
31578,0.21773508,0.87781316
31579,0.07892568,0.19463323
31580,0.38555637,0.79460263
31581,0.67799705,0.9397191
31582,0.0865737,0.37358215
31583,0.2400158,0.85567665
31584,0.16122012,0.2676373
31585,0.06047217,0.173169
31586,0.022218227,0.12735832
31587,0.4627594,0.62951404
31588,0.35154372,0.60088944
31589,0.09433885,0.068760045
31590,0.52863437,0.111306146
31591,0.074986875,0.3358838
31592,0.13233209,0.084078774
31593,0.13613985,0.4435325
31594,0.026552947,0.49411651
31595,0.1596636,0.23474157
31596,0.7296759,0.809832
31597,0.086036034,0.55621475
31598,0.6623765,0.76599634
31599,0.2687419,0.89951444
31600,0.12131345,0.48960558
31601,0.16632791,0.7790773
31602,0.043790463,0.08141794
31603,0.13884181,0.4428485
31604,0.06412905,0.32448637
31605,0.1304684,0.27117062
31606,0.060204167,0.1953831
31607,0.18326081,0.29873505
31608,0.41384473,0.39764908
31609,0.07804925,0.110263236
31610,0.027467933,0.12317706
31611,0.07548547,0.3785859
31612,0.3984192,0.36472905
31613,0.03371398,0.011541274
31614,0.036095295,0.08277726
31615,0.16897613,0.35570917
31616,0.055700533,0.2620719
31617,0.5935525,0.83467114
31618,0.20765473,0.35246465
31619,0.38238233,0.39008668
31620,0.019224524,0.08193035
31621,0.02731041,0.033592433
31622,0.75810915,0.82424915
31623,0.11175168,0.21217988
31624,0.028573541,0.034208577
31625,0.11950913,0.8302161
31626,0.4572909,0.49478742
31627,0.07859841,0.10425627
31628,0.12537533,0.7326291
31629,0.2894386,0.30200198
31630,0.062121063,0.8682936
31631,0.046160538,0.078864485
31632,0.4662525,0.45897403
31633,0.14435388,0.12473201
31634,0.073685266,0.5440332
31635,0.15455909,0.15155075
31636,0.7921051,0.51821053
31637,0.06217415,0.17531452
31638,0.33679664,0.8637186
31639,0.16422576,0.6152766
31640,0.06413969,0.20937969
31641,0.84178305,0.9554087
31642,0.54948276,0.8279938
31643,0.15995583,0.21845488
31644,0.15582265,0.7530799
31645,0.03135084,0.06298429
31646,0.08877991,0.556655
31647,0.25463387,0.8885967
31648,0.16966653,0.42801952
31649,0.5881402,0.8154245
31650,0.56028473,0.19691052
31651,0.80624086,0.8590327
31652,0.81923026,0.75399953
31653,0.12517108,0.43085793
31654,0.036719114,0.039387826
31655,0.08753392,0.18071961
31656,0.111656584,0.6398079
31657,0.072015874,0.32415408
31658,0.09208812,0.33689258
31659,0.20034827,0.7310953
31660,0.7913667,0.89628476
31661,0.31652668,0.91098255
31662,0.14059865,0.07540324
31663,0.66598487,0.48773643
31664,0.5879014,0.8893929
31665,0.048766546,0.89137006
31666,0.13578121,0.69301116
31667,0.100695245,0.20411482
31668,0.055695176,0.09771652
31669,0.0643775,0.1897884
31670,0.2989054,0.88417757
31671,0.10835276,0.38002566
31672,0.05074242,0.12093943
31673,0.07391949,0.59162337
31674,0.31521136,0.5438673
31675,0.45078462,0.28624967
31676,0.06451346,0.31670868
31677,0.13341068,0.2909409
31678,0.7385053,0.8880257
31679,0.20594946,0.80721873
31680,0.06859383,0.88570243
31681,0.04171805,0.17176893
31682,0.087324254,0.56635135
31683,0.055051543,0.09817737
31684,0.054805633,0.07796257
31685,0.2375483,0.53310764
31686,0.17766376,0.023270786
31687,0.091408215,0.40447783
31688,0.045181185,0.05074967
31689,0.13025905,0.90774643
31690,0.13774736,0.35927203
31691,0.22459695,0.6634202
31692,0.029612817,0.25145137
31693,0.05065948,0.14029649
31694,0.236026,0.8313879
31695,0.46833014,0.42649028
31696,0.08465983,0.22785667
31697,0.752778,0.85261434
31698,0.12714836,0.069394395
31699,0.14356276,0.7433199
31700,0.067167774,0.32263327
31701,0.17476888,0.8965482
31702,0.04667729,0.8719142
31703,0.0657781,0.059918903
31704,0.7819935,0.76419955
31705,0.1091582,0.41731602
31706,0.13837919,0.8446675
31707,0.52497244,0.7961651
31708,0.20943941,0.6056933
31709,0.792252,0.8109959
31710,0.5190972,0.5516665
31711,0.14185648,0.33027336
31712,0.12734905,0.6173178
31713,0.052507855,0.11326909
31714,0.06996054,0.3580208
31715,0.62617177,0.8471682
31716,0.04293597,0.13011792
31717,0.065575,0.4880522
31718,0.19001062,0.28264484
31719,0.18139577,0.40860826
31720,0.35933515,0.8756118
31721,0.020810636,0.0875408
31722,0.28955626,0.9220268
31723,0.13128796,0.29631397
31724,0.5002751,0.38973603
31725,0.038108304,0.065182336
31726,0.035563283,0.118029766
31727,0.11451778,0.52725285
31728,0.082496434,0.6862832
31729,0.15946728,0.3429861
31730,0.45674378,0.90665424
31731,0.01616466,0.1331349
31732,0.39379758,0.4006203
31733,0.51224744,0.72788155
31734,0.11137898,0.43917856
31735,0.18446283,0.59193623
31736,0.056919932,0.26362002
31737,0.14171371,0.15973684
31738,0.14529286,0.5255849
31739,0.07698462,0.8494068
31740,0.29422536,0.46605295
31741,0.095920675,0.19724146
31742,0.42130283,0.85417515
31743,0.16186054,0.40149415
31744,0.22815529,0.51690245
31745,0.14713629,0.23232172
31746,0.09212706,0.12616314
31747,0.12214019,0.26173967
31748,0.054466885,0.058154184
31749,0.06455449,0.86895126
31750,0.113142945,0.21489866
31751,0.041517872,0.012554032
31752,0.04732903,0.10413532
31753,0.1564066,0.91973513
31754,0.17978662,0.8084706
31755,0.06316131,0.07857255
31756,0.18374142,0.894933
31757,0.3425394,0.7895021
31758,0.85394514,0.7831385
31759,0.124824144,0.15145162
31760,0.14036606,0.25175992
31761,0.114634804,0.25420398
31762,0.12630463,0.36061633
31763,0.850799,0.47879812
31764,0.108175494,0.27170387
31765,0.40169635,0.6367045
31766,0.18748625,0.1719212
31767,0.29079866,0.9489703
31768,0.033393264,0.05143488
31769,0.04261779,0.039947674
31770,0.1632027,0.54027134
31771,0.23843433,0.43631583
31772,0.36136803,0.770236
31773,0.023886962,0.3383071
31774,0.08031026,0.45690662
31775,0.13023,0.9348481
31776,0.7290848,0.7901657
31777,0.11891397,0.25124276
31778,0.060972903,0.106442615
31779,0.019949246,0.031499345
31780,0.09789388,0.40359002
31781,0.07026718,0.07800005
31782,0.22727206,0.6086781
31783,0.25916204,0.20407641
31784,0.06786551,0.13581187
31785,0.1594605,0.13927728
31786,0.10748451,0.0406353
31787,0.099927515,0.4021841
31788,0.05361586,0.31185782
31789,0.07161413,0.36964262
31790,0.14124765,0.1585719
31791,0.06314552,0.07744037
31792,0.090364136,0.3756212
31793,0.04738444,0.3048097
31794,0.13481964,0.5157157
31795,0.17596358,0.09961919
31796,0.32308936,0.32103768
31797,0.38914225,0.719749
31798,0.23906848,0.60624707
31799,0.025172831,0.038673718
31800,0.28613746,0.34907472
31801,0.45622206,0.70344555
31802,0.8030505,0.96964294
31803,0.28022838,0.92829704
31804,0.040388327,0.11669841
31805,0.1262111,0.16324183
31806,0.11572803,0.043969583
31807,0.6256394,0.66936886
31808,0.047498275,0.8418415
31809,0.5510569,0.2114241
31810,0.04295421,0.07262506
31811,0.56891483,0.11956661
31812,0.13270104,0.95004934
31813,0.26867932,0.69514567
31814,0.31246167,0.29152888
31815,0.14185466,0.4329465
31816,0.15550433,0.7326899
31817,0.13163373,0.108255245
31818,0.81518286,0.92199486
31819,0.051108565,0.14681397
31820,0.17315765,0.18099432
31821,0.09372459,0.24260502
31822,0.39299306,0.7245311
31823,0.16093758,0.59186774
31824,0.24105029,0.902797
31825,0.1871569,0.39162832
31826,0.10490238,0.5080827
31827,0.6026516,0.2583507
31828,0.1431398,0.36478114
31829,0.03533603,0.05591159
31830,0.13474959,0.2769974
31831,0.053828515,0.7015669
31832,0.23703092,0.6498076
31833,0.07297893,0.5229736
31834,0.13462402,0.46997458
31835,0.034711417,0.05733352
31836,0.0352516,0.016095284
31837,0.7982664,0.93678
31838,0.41631445,0.6607674
31839,0.07058981,0.13632104
31840,0.03604595,0.15762146
31841,0.036890127,0.109794766
31842,0.10797716,0.22641318
31843,0.62521356,0.869561
31844,0.2598079,0.8922676
31845,0.29786578,0.57342213
31846,0.614872,0.86261225
31847,0.030963603,0.6613495
31848,0.051081594,0.12783282
31849,0.060417093,0.12098237
31850,0.028313162,0.09143053
31851,0.06515994,0.15642335
31852,0.23089498,0.21197562
31853,0.59799397,0.7354847
31854,0.6761545,0.94464904
31855,0.85314417,0.93620163
31856,0.05362535,0.06131631
31857,0.15878466,0.7421444
31858,0.15326269,0.47391012
31859,0.45674774,0.6283859
31860,0.21824709,0.40049973
31861,0.038100973,0.06892298
31862,0.023030166,0.037062008
31863,0.269462,0.7098624
31864,0.025395194,0.4778298
31865,0.06873799,0.7447474
31866,0.09341565,0.21782912
31867,0.14561246,0.4788044
31868,0.051749315,0.0470698
31869,0.044004336,0.14422783
31870,0.04061012,0.14401598
31871,0.7359634,0.91636163
31872,0.13814415,0.19626041
31873,0.17570773,0.34799585
31874,0.12890364,0.12035507
31875,0.2443262,0.3683384
31876,0.07309765,0.090466246
31877,0.04912677,0.065196924
31878,0.052500904,0.86699414
31879,0.19911978,0.64791363
31880,0.066151775,0.038991354
31881,0.75184894,0.41203365
31882,0.018958658,0.07631288
31883,0.19240573,0.33760908
31884,0.037839588,0.05063079
31885,0.30747044,0.83160543
31886,0.07446776,0.21568723
31887,0.11092593,0.08471222
31888,0.055574488,0.21916728
31889,0.13556924,0.8545702
31890,0.18424483,0.16185185
31891,0.046806253,0.103950694
31892,0.4222496,0.8213513
31893,0.24161452,0.70162165
31894,0.5898588,0.8456558
31895,0.09863947,0.17282273
31896,0.14952882,0.839071
31897,0.4300593,0.8396766
31898,0.1784248,0.10948867
31899,0.45968634,0.5045838
31900,0.61245286,0.23724395
31901,0.1420177,0.30929768
31902,0.08376,0.12670544
31903,0.46649113,0.27152413
31904,0.040412165,0.11163101
31905,0.100159325,0.073930494
31906,0.041560713,0.17887384
31907,0.0733794,0.7028099
31908,0.031031493,0.032249957
31909,0.09249157,0.3102857
31910,0.017996922,0.5228526
31911,0.041410986,0.9656232
31912,0.19295013,0.3077712
31913,0.107639864,0.5044259
31914,0.18258217,0.9036604
31915,0.14699605,0.8558046
31916,0.07274232,0.8499824
31917,0.35328877,0.06992742
31918,0.067085855,0.9072473
31919,0.38874647,0.2673848
31920,0.032756895,0.94262826
31921,0.073402144,0.45079607
31922,0.048636906,0.040028535
31923,0.0363608,0.09449176
31924,0.12640898,0.27143925
31925,0.119448714,0.84096843
31926,0.020958848,0.0650998
31927,0.21043049,0.49545085
31928,0.15489925,0.94435346
31929,0.119363636,0.18148963
31930,0.17382412,0.36807123
31931,0.16321339,0.8768562
31932,0.08069241,0.24850364
31933,0.5678825,0.07265132
31934,0.10449453,0.31569016
31935,0.58207625,0.9197583
31936,0.048501745,0.09383131
31937,0.08969484,0.4761292
31938,0.5386039,0.456369
31939,0.022990165,0.030666623
31940,0.043216653,0.051225353
31941,0.049332973,0.55854774
31942,0.017237404,0.038760155
31943,0.05512576,0.13274884
31944,0.11424766,0.59646374
31945,0.22610876,0.48282936
31946,0.23853825,0.079557024
31947,0.043489512,0.095501676
31948,0.068115264,0.91589916
31949,0.0495293,0.14759494
31950,0.04230189,0.16948196
31951,0.43105403,0.37294954
31952,0.040712345,0.38365242
31953,0.05250937,0.31264263
31954,0.4009003,0.8237382
31955,0.10742975,0.22744119
31956,0.10051169,0.08401771
31957,0.30815405,0.7137245
31958,0.022838045,0.021966204
31959,0.06992605,0.12894996
31960,0.06606699,0.2763343
31961,0.048070855,0.10670416
31962,0.21520716,0.80324286
31963,0.69434774,0.80611295
31964,0.06754489,0.109153315
31965,0.06344866,0.9103121
31966,0.18718903,0.24787246
31967,0.03140581,0.07184367
31968,0.45438924,0.31075114
31969,0.32325858,0.49009734
31970,0.5474493,0.5419836
31971,0.09188309,0.6024458
31972,0.0913151,0.21223417
31973,0.10246207,0.116932444
31974,0.030130198,0.0726988
31975,0.022836205,0.03910063
31976,0.07000625,0.20534259
31977,0.016358042,0.036995735
31978,0.19925389,0.43254262
31979,0.025646107,0.0814398
31980,0.24551733,0.781548
31981,0.26759595,0.27479067
31982,0.065934464,0.16031152
31983,0.5115743,0.2532052
31984,0.037685104,0.03498626
31985,0.09033486,0.08901546
31986,0.39247423,0.9115871
31987,0.07136917,0.553124
31988,0.57431656,0.70360297
31989,0.16808395,0.9606655
31990,0.031197598,0.94956076
31991,0.37743556,0.62783355
31992,0.1331406,0.057210743
31993,0.57257956,0.39183986
31994,0.12742591,0.16953033
31995,0.5379369,0.47088927
31996,0.07023154,0.028082732
31997,0.08001459,0.9032688
31998,0.010485622,0.15430762
31999,0.04623255,0.07002521
32000,0.47955707,0.8981693
32001,0.10141826,0.4510904
32002,0.5291853,0.54191005
32003,0.16601351,0.42291552
32004,0.38767046,0.7511843
32005,0.059194185,0.076583825
32006,0.1374674,0.72124726
32007,0.6174693,0.962023
32008,0.05692519,0.074557684
32009,0.09851183,0.16869706
32010,0.19963965,0.22802794
32011,0.11636139,0.84513766
32012,0.19438155,0.9252971
32013,0.25650892,0.8992967
32014,0.08606326,0.19690555
32015,0.19436093,0.14675337
32016,0.5572511,0.7671103
32017,0.05712739,0.14544939
32018,0.054422442,0.037540868
32019,0.20424035,0.53720856
32020,0.48319694,0.65838116
32021,0.041332528,0.14709449
32022,0.19142564,0.32874876
32023,0.07036175,0.6186095
32024,0.24846236,0.2409161
32025,0.483613,0.37946624
32026,0.68580854,0.9386488
32027,0.0815275,0.9398675
32028,0.72732633,0.80384284
32029,0.043031644,0.052205652
32030,0.56600064,0.30068985
32031,0.06484784,0.09319716
32032,0.69637257,0.27564895
32033,0.03577808,0.08878038
32034,0.13046488,0.4493057
32035,0.05397255,0.061715364
32036,0.21596617,0.8083577
32037,0.10464092,0.61173064
32038,0.25524604,0.6217179
32039,0.4835975,0.20376395
32040,0.24708076,0.89093703
32041,0.83207935,0.94883025
32042,0.11779169,0.50093347
32043,0.48613155,0.5918395
32044,0.02435597,0.06370252
32045,0.13921893,0.91616344
32046,0.16515356,0.36099535
32047,0.85548115,0.93502116
32048,0.09874887,0.56479853
32049,0.02851387,0.19861981
32050,0.30473295,0.44396728
32051,0.063164465,0.6506199
32052,0.5200309,0.85097337
32053,0.01555524,0.019765541
32054,0.10187797,0.13351946
32055,0.070885904,0.3414659
32056,0.08331194,0.23446935
32057,0.030995788,0.031383503
32058,0.022413595,0.17867012
32059,0.115539685,0.6252111
32060,0.1464188,0.85080206
32061,0.123904526,0.056089997
32062,0.074799836,0.13670412
32063,0.0433954,0.77693117
32064,0.05496848,0.113503255
32065,0.12824343,0.41844454
32066,0.08410296,0.16294286
32067,0.02129807,0.0098172445
32068,0.029441478,0.2229108
32069,0.6877726,0.94410956
32070,0.71269655,0.9381307
32071,0.40597588,0.59590113
32072,0.65330106,0.8963269
32073,0.028003529,0.0741263
32074,0.049744993,0.356535
32075,0.041223377,0.093629695
32076,0.049774397,0.80981225
32077,0.07304184,0.2000724
32078,0.03734142,0.08818333
32079,0.035931975,0.10085914
32080,0.019389484,0.11514351
32081,0.45532465,0.83561367
32082,0.015618323,0.021137323
32083,0.09636977,0.1600919
32084,0.101289466,0.6006956
32085,0.07472508,0.5703486
32086,0.7025083,0.83973986
32087,0.09946007,0.9369946
32088,0.07275246,0.71189696
32089,0.5313412,0.90729696
32090,0.026385456,0.47882643
32091,0.31722754,0.2224727
32092,0.5374598,0.8567045
32093,0.07174368,0.21803743
32094,0.25395715,0.29210064
32095,0.8476992,0.8548517
32096,0.13804267,0.87871474
32097,0.22824793,0.38762861
32098,0.061325822,0.11324077
32099,0.14395767,0.39211148
32100,0.044858627,0.24941726
32101,0.49825564,0.6609258
32102,0.04465289,0.1801953
32103,0.18136278,0.35232532
32104,0.013405147,0.3123892
32105,0.31307805,0.7811747
32106,0.43181768,0.7125941
32107,0.13172306,0.15730926
32108,0.10821852,0.1501383
32109,0.11676449,0.23049825
32110,0.07394833,0.3303534
32111,0.3288804,0.47792023
32112,0.8219528,0.6203997
32113,0.09837061,0.4409518
32114,0.8253763,0.6033958
32115,0.06384751,0.12786691
32116,0.03133231,0.038333803
32117,0.48975968,0.8759256
32118,0.10272937,0.5679505
32119,0.29135603,0.58856934
32120,0.4118596,0.8461411
32121,0.57134175,0.68542826
32122,0.23416007,0.6251194
32123,0.046785668,0.19814782
32124,0.0940222,0.9805705
32125,0.010720851,0.1510173
32126,0.81374025,0.8691556
32127,0.2022342,0.44816586
32128,0.32765853,0.6712816
32129,0.06703614,0.10350714
32130,0.4719307,0.438882
32131,0.8891458,0.98152953
32132,0.044222597,0.838938
32133,0.01905278,0.037023403
32134,0.101336434,0.8689618
32135,0.122586675,0.56235427
32136,0.16654882,0.19146118
32137,0.1590449,0.80581445
32138,0.14007016,0.5407273
32139,0.09750172,0.24996054
32140,0.57126045,0.08230349
32141,0.0681812,0.13978209
32142,0.09939336,0.88785267
32143,0.12742515,0.44624543
32144,0.26696482,0.21250673
32145,0.39312965,0.3625371
32146,0.076371066,0.008871074
32147,0.036550276,0.16786894
32148,0.44505706,0.84644324
32149,0.081230514,0.32540053
32150,0.047542576,0.8873125
32151,0.021339595,0.04601082
32152,0.14336377,0.51703036
32153,0.08169657,0.45903784
32154,0.022132775,0.02842063
32155,0.045329947,0.22798555
32156,0.02661403,0.0646306
32157,0.03578096,0.025979707
32158,0.024516119,0.54247314
32159,0.7901169,0.88275594
32160,0.14308667,0.14155294
32161,0.38432106,0.063696995
32162,0.07789214,0.20030074
32163,0.07454125,0.1205767
32164,0.21700777,0.06364329
32165,0.12966841,0.75157136
32166,0.14872788,0.2569793
32167,0.06363805,0.5236156
32168,0.14947155,0.2008286
32169,0.02837603,0.17134753
32170,0.59594077,0.7716508
32171,0.050355997,0.72234875
32172,0.8435561,0.9491342
32173,0.12077489,0.3040768
32174,0.052994672,0.24844329
32175,0.14000042,0.91154414
32176,0.81714296,0.91283154
32177,0.071378216,0.31099734
32178,0.07271816,0.24265392
32179,0.07297696,0.5203585
32180,0.0833348,0.22513486
32181,0.119004875,0.19392931
32182,0.17139795,0.22366093
32183,0.3189808,0.92149264
32184,0.08427496,0.32307294
32185,0.4428098,0.3133897
32186,0.15441625,0.35264915
32187,0.20545511,0.5609637
32188,0.31200245,0.20496896
32189,0.3420151,0.79114884
32190,0.34175506,0.7044049
32191,0.083164066,0.17696886
32192,0.03409584,0.2766091
32193,0.06572138,0.1962813
32194,0.021319842,0.034452416
32195,0.09971177,0.20121755
32196,0.3744267,0.92849594
32197,0.014128842,0.050601307
32198,0.39575163,0.6809615
32199,0.59130126,0.94328827
32200,0.26727247,0.14004625
32201,0.1260988,0.13222912
32202,0.06484248,0.9209451
32203,0.21110368,0.884871
32204,0.17670685,0.6922946
32205,0.1001424,0.7872181
32206,0.14374809,0.8421283
32207,0.5635733,0.84596246
32208,0.059224665,0.18626827
32209,0.030799583,0.1647625
32210,0.04394194,0.7760031
32211,0.037520275,0.04584958
32212,0.02095087,0.28301594
32213,0.061592698,0.10683475
32214,0.05646743,0.16039418
32215,0.19836427,0.25430563
32216,0.8315075,0.8773376
32217,0.05268957,0.11098082
32218,0.101672016,0.7381764
32219,0.08510122,0.12232751
32220,0.8061584,0.9449843
32221,0.5455634,0.5492008
32222,0.02749374,0.026312334
32223,0.46164533,0.8565473
32224,0.46019706,0.6539971
32225,0.2652061,0.40231094
32226,0.25386983,0.88958967
32227,0.19066802,0.34705344
32228,0.83153665,0.96266943
32229,0.054624584,0.1766069
32230,0.045439254,0.099028446
32231,0.4208153,0.63629365
32232,0.33135733,0.52440757
32233,0.06239052,0.6048783
32234,0.11135865,0.5311918
32235,0.35907903,0.7845029
32236,0.068803266,0.958115
32237,0.84349793,0.96016663
32238,0.08392238,0.025804257
32239,0.023576576,0.048106335
32240,0.04374646,0.21021235
32241,0.6422965,0.6674918
32242,0.06307322,0.48349035
32243,0.14740404,0.34264967
32244,0.08681646,0.07625383
32245,0.25161853,0.48765442
32246,0.43447828,0.4069002
32247,0.061317313,0.6833428
32248,0.27262095,0.6687733
32249,0.09114808,0.32812113
32250,0.0938007,0.3660208
32251,0.14717767,0.20586802
32252,0.41483974,0.56468904
32253,0.049860597,0.1369167
32254,0.043028887,0.05483316
32255,0.109206416,0.51552063
32256,0.27897185,0.38176647
32257,0.112175554,0.7056748
32258,0.06951477,0.109272905
32259,0.07946863,0.6390017
32260,0.06835592,0.30424896
32261,0.080541745,0.23250312
32262,0.08952862,0.09639986
32263,0.12150579,0.48576018
32264,0.1903992,0.19894893
32265,0.21017675,0.72020525
32266,0.06601487,0.2941933
32267,0.06511014,0.18472081
32268,0.03792437,0.1452408
32269,0.41618556,0.5633452
32270,0.60836846,0.5503172
32271,0.5234864,0.852826
32272,0.03378475,0.17565659
32273,0.13520788,0.38251677
32274,0.3991104,0.84140164
32275,0.07351381,0.7415612
32276,0.26362634,0.09854997
32277,0.10749416,0.25377083
32278,0.075810604,0.4011737
32279,0.029690437,0.06914521
32280,0.14734629,0.05100081
32281,0.7926202,0.8649117
32282,0.21801312,0.07368966
32283,0.08325847,0.68699414
32284,0.5607461,0.67659354
32285,0.1495417,0.40464655
32286,0.21584356,0.64068025
32287,0.056264233,0.33856684
32288,0.118732974,0.5976498
32289,0.46754456,0.866458
32290,0.03970123,0.066332296
32291,0.13881513,0.16807525
32292,0.18567172,0.31419706
32293,0.32319778,0.8137072
32294,0.2028461,0.35025057
32295,0.091447055,0.29664862
32296,0.14882034,0.71461934
32297,0.56641334,0.83744645
32298,0.017890958,0.032191798
32299,0.13847546,0.16037872
32300,0.020535022,0.1338923
32301,0.057779957,0.37128827
32302,0.06809043,0.15845647
32303,0.24626389,0.40462133
32304,0.07139928,0.40010324
32305,0.09345541,0.2345192
32306,0.39320785,0.5246546
32307,0.17378898,0.28163064
32308,0.24163532,0.7719044
32309,0.37790474,0.6027106
32310,0.3607165,0.5546899
32311,0.04717972,0.27823934
32312,0.48358384,0.2619707
32313,0.052965734,0.12817694
32314,0.077943176,0.5102114
32315,0.11831629,0.19840898
32316,0.05288569,0.9297025
32317,0.051571388,0.30621162
32318,0.07917226,0.61168736
32319,0.2592627,0.9560068
32320,0.011056576,0.036094982
32321,0.2399555,0.43674138
32322,0.042078633,0.13209718
32323,0.7788313,0.8184622
32324,0.26555464,0.74569553
32325,0.13019274,0.23402779
32326,0.19927247,0.18185937
32327,0.03535326,0.08300097
32328,0.03015379,0.14242981
32329,0.5376987,0.53833973
32330,0.06575274,0.40132755
32331,0.04588125,0.6109984
32332,0.03228807,0.07743794
32333,0.016110672,0.024482353
32334,0.11308397,0.34713468
32335,0.052796375,0.15900236
32336,0.0628101,0.2284747
32337,0.113871425,0.15775909
32338,0.2908401,0.6906762
32339,0.3477348,0.4194346
32340,0.122621596,0.8611053
32341,0.47909728,0.64919186
32342,0.048295278,0.6917442
32343,0.56196994,0.78916377
32344,0.6773196,0.9476046
32345,0.069522575,0.21572433
32346,0.05161586,0.09818555
32347,0.17518888,0.5512549
32348,0.104426205,0.9581164
32349,0.17600185,0.629627
32350,0.13970184,0.7538968
32351,0.76171064,0.80675334
32352,0.020861525,0.04428639
32353,0.10606642,0.064794436
32354,0.26515418,0.39494637
32355,0.102989554,0.62325025
32356,0.1789636,0.42548677
32357,0.46270233,0.55572313
32358,0.34218618,0.9374551
32359,0.57642937,0.5574235
32360,0.32783386,0.7107082
32361,0.07618427,0.84746176
32362,0.0966169,0.20427905
32363,0.022980759,0.86928123
32364,0.0686289,0.03778299
32365,0.05815143,0.11536708
32366,0.08253119,0.2677095
32367,0.30518162,0.8708095
32368,0.11051865,0.6890274
32369,0.37776542,0.71991295
32370,0.073822245,0.2584488
32371,0.08500741,0.19339621
32372,0.049451586,0.09218941
32373,0.073389605,0.26881704
32374,0.4766274,0.8584045
32375,0.14882016,0.66649216
32376,0.10006894,0.15412895
32377,0.043638065,0.6024239
32378,0.101573676,0.41952243
32379,0.04703149,0.28999442
32380,0.14203906,0.4591461
32381,0.045677274,0.27097514
32382,0.25939703,0.14545254
32383,0.14515013,0.84198517
32384,0.09986382,0.183142
32385,0.04206142,0.11007113
32386,0.12701294,0.6086633
32387,0.39515972,0.2163253
32388,0.07133619,0.1909086
32389,0.013460061,0.04004272
32390,0.027758162,0.65628266
32391,0.2593872,0.7862944
32392,0.08499482,0.647714
32393,0.6395819,0.6966892
32394,0.11983482,0.1947778
32395,0.07553187,0.8140542
32396,0.06366411,0.11920265
32397,0.0845904,0.33360672
32398,0.11481415,0.30001712
32399,0.6148287,0.6330769
32400,0.65964675,0.64710605
32401,0.11428118,0.9179522
32402,0.024268853,0.14864519
32403,0.08944646,0.8646289
32404,0.024956627,0.10981424
32405,0.14468464,0.9133444
32406,0.3812389,0.2743643
32407,0.075027436,0.14744197
32408,0.11944242,0.7036072
32409,0.115778886,0.61832255
32410,0.24759308,0.82854533
32411,0.12254086,0.22938845
32412,0.03560768,0.05896916
32413,0.08223713,0.45920742
32414,0.16510835,0.88804454
32415,0.04417312,0.2229418
32416,0.6497457,0.95981586
32417,0.09506306,0.75544125
32418,0.082693964,0.14442338
32419,0.06699173,0.078841224
32420,0.74741626,0.5147112
32421,0.048612088,0.42140418
32422,0.030019457,0.02927375
32423,0.08420305,0.5702319
32424,0.28627753,0.38936132
32425,0.728425,0.5904614
32426,0.088478856,0.041059468
32427,0.1870057,0.18798031
32428,0.12639073,0.35987914
32429,0.4822527,0.83614683
32430,0.16267976,0.26471308
32431,0.68939,0.969159
32432,0.11658488,0.1727432
32433,0.3755586,0.25947
32434,0.09667092,0.4249107
32435,0.16492909,0.95067126
32436,0.09181728,0.38395038
32437,0.0718228,0.14659901
32438,0.06779551,0.062160704
32439,0.3183688,0.7351175
32440,0.09175668,0.3994602
32441,0.29054308,0.5247121
32442,0.049114574,0.5871698
32443,0.094238594,0.7036102
32444,0.7770208,0.8643747
32445,0.076781854,0.13887951
32446,0.32479882,0.8493974
32447,0.07006193,0.20868349
32448,0.10312591,0.40936908
32449,0.04109549,0.08738837
32450,0.7560624,0.8999533
32451,0.04530308,0.30661437
32452,0.051916257,0.2153368
32453,0.49534476,0.09216946
32454,0.40662563,0.5034765
32455,0.14945212,0.23256832
32456,0.06248914,0.111240774
32457,0.061807275,0.47153842
32458,0.2804725,0.38282785
32459,0.046303492,0.16914055
32460,0.1545,0.90176207
32461,0.03541205,0.03276478
32462,0.04571205,0.81772405
32463,0.29992417,0.7958869
32464,0.2699775,0.56231534
32465,0.10354188,0.9076247
32466,0.063766174,0.12036729
32467,0.09039451,0.11645286
32468,0.028990004,0.06815657
32469,0.079399094,0.55183035
32470,0.050577823,0.25931358
32471,0.0803713,0.25930834
32472,0.11886775,0.36412302
32473,0.056137677,0.117777616
32474,0.053735778,0.0899129
32475,0.24435,0.95289356
32476,0.040918138,0.43232659
32477,0.043094542,0.18423332
32478,0.17064844,0.7600853
32479,0.016687129,0.1879437
32480,0.17406835,0.08352558
32481,0.27645984,0.20620789
32482,0.14849587,0.862895
32483,0.1453149,0.7121931
32484,0.44988838,0.7779456
32485,0.061074857,0.09681212
32486,0.048658248,0.111864164
32487,0.30149394,0.42391792
32488,0.22040367,0.33568284
32489,0.29915613,0.56432915
32490,0.22172254,0.87206614
32491,0.6716476,0.97447795
32492,0.15223138,0.4308762
32493,0.040836237,0.083657645
32494,0.2022524,0.9281562
32495,0.32253212,0.67093277
32496,0.07878426,0.23154695
32497,0.11175258,0.27711084
32498,0.6792273,0.6935541
32499,0.027125431,0.09417528
32500,0.055418957,0.06811272
32501,0.7944429,0.76212627
32502,0.47805125,0.62259316
32503,0.06601306,0.31235915
32504,0.43002766,0.53066254
32505,0.024334015,0.85410166
32506,0.70873475,0.8232343
32507,0.02969492,0.1078869
32508,0.36783674,0.47078985
32509,0.07583637,0.41036496
32510,0.25827175,0.8568305
32511,0.51881313,0.2785516
32512,0.08066559,0.35504332
32513,0.60932344,0.47918966
32514,0.07784176,0.25387043
32515,0.37361696,0.1145104
32516,0.22294687,0.41919363
32517,0.1179486,0.17472203
32518,0.6894053,0.5642359
32519,0.22347423,0.8056221
32520,0.042558756,0.11270415
32521,0.040199623,0.121620156
32522,0.05782548,0.2481254
32523,0.0955274,0.63830423
32524,0.22792228,0.3892837
32525,0.4030846,0.6962412
32526,0.066329256,0.18553035
32527,0.5416965,0.6945981
32528,0.5481792,0.9142242
32529,0.049004924,0.71928054
32530,0.55024844,0.7614939
32531,0.061420057,0.07405545
32532,0.13618588,0.3238352
32533,0.8110479,0.95091736
32534,0.8124517,0.704369
32535,0.038935866,0.057888705
32536,0.15804213,0.12632157
32537,0.64691025,0.8950841
32538,0.18475255,0.18204685
32539,0.08675001,0.10224919
32540,0.0485722,0.3252767
32541,0.121997945,0.32593808
32542,0.17367905,0.6644475
32543,0.08343884,0.5598097
32544,0.027008807,0.10121626
32545,0.47936946,0.9693931
32546,0.42841727,0.22075763
32547,0.0649465,0.85134923
32548,0.033706654,0.18637767
32549,0.05827927,0.052517034
32550,0.13526656,0.8272509
32551,0.06137269,0.07644324
32552,0.5647411,0.9340471
32553,0.025059534,0.32160082
32554,0.5467105,0.7125812
32555,0.039741717,0.5754993
32556,0.31936163,0.6214088
32557,0.038296957,0.08979532
32558,0.21109028,0.22895837
32559,0.19876215,0.36274183
32560,0.68167543,0.76142055
32561,0.08100833,0.13500786
32562,0.093187176,0.14474219
32563,0.8754559,0.8807263
32564,0.51047176,0.92196894
32565,0.06336627,0.37536684
32566,0.09741182,0.5985713
32567,0.21459499,0.65130925
32568,0.10759,0.21503434
32569,0.2867485,0.8067069
32570,0.028298533,0.21391052
32571,0.3827712,0.49573773
32572,0.19231771,0.907748
32573,0.035587866,0.039553184
32574,0.052672435,0.87523085
32575,0.1045215,0.062494703
32576,0.20608976,0.8027271
32577,0.046679825,0.0651663
32578,0.11916216,0.8123085
32579,0.74105644,0.7547069
32580,0.48677436,0.6319304
32581,0.12786515,0.7847601
32582,0.14515573,0.9351351
32583,0.074965976,0.48490432
32584,0.7364281,0.88941646
32585,0.085730135,0.23344783
32586,0.13665737,0.4860858
32587,0.17582427,0.77741474
32588,0.07197026,0.22033726
32589,0.6265737,0.72454596
32590,0.054453235,0.072387576
32591,0.0702938,0.90294427
32592,0.5145839,0.49817443
32593,0.064665,0.78432745
32594,0.10604135,0.5287491
32595,0.08334573,0.4642009
32596,0.2720292,0.12305933
32597,0.030616187,0.9291981
32598,0.17495875,0.4565942
32599,0.04039604,0.108457334
32600,0.22627449,0.29052848
32601,0.04977064,0.6002203
32602,0.6800773,0.9189259
32603,0.05208981,0.10213368
32604,0.13407819,0.20096144
32605,0.08601811,0.20504999
32606,0.046673458,0.5477398
32607,0.25321138,0.60935766
32608,0.12020576,0.09910227
32609,0.39109072,0.93462396
32610,0.7176776,0.861413
32611,0.6254154,0.8905177
32612,0.0718056,0.31498712
32613,0.04793713,0.117477395
32614,0.12844692,0.369653
32615,0.15384601,0.9606677
32616,0.11330358,0.85167724
32617,0.060105465,0.94286925
32618,0.5696107,0.2861787
32619,0.10001429,0.2941695
32620,0.5137359,0.9243685
32621,0.10680959,0.50410163
32622,0.19189356,0.10116326
32623,0.0926802,0.18541896
32624,0.22747433,0.45499405
32625,0.2939106,0.31791124
32626,0.12296896,0.63243663
32627,0.053783942,0.081827074
32628,0.80450183,0.940153
32629,0.0927646,0.11630151
32630,0.081589065,0.7191136
32631,0.13090302,0.90352917
32632,0.0861671,0.06275827
32633,0.76548773,0.7954035
32634,0.07159497,0.14407822
32635,0.06510479,0.2705454
32636,0.13243999,0.17987111
32637,0.050534733,0.115166046
32638,0.45928052,0.7153873
32639,0.027941994,0.28111526
32640,0.049804762,0.8814908
32641,0.25113305,0.8358829
32642,0.35034585,0.56707966
32643,0.07947861,0.8850028
32644,0.74474114,0.7085378
32645,0.13906024,0.29413745
32646,0.12928636,0.74981666
32647,0.56924963,0.6933124
32648,0.5047834,0.46479824
32649,0.35562235,0.6908133
32650,0.07244141,0.52173686
32651,0.35223994,0.3567475
32652,0.6741906,0.520913
32653,0.25009307,0.6084395
32654,0.0771484,0.68584543
32655,0.026956368,0.6641633
32656,0.4702569,0.3929887
32657,0.37835935,0.1424137
32658,0.037190914,0.38447097
32659,0.27500087,0.3653401
32660,0.07915635,0.22692128
32661,0.14566237,0.909697
32662,0.07571301,0.06860328
32663,0.193497,0.9611367
32664,0.088393874,0.035013232
32665,0.058218975,0.90003383
32666,0.14832789,0.456467
32667,0.5664346,0.7638482
32668,0.015097509,0.021386925
32669,0.06121413,0.51959944
32670,0.5276419,0.29298756
32671,0.041503757,0.15296517
32672,0.29885194,0.36535275
32673,0.11479254,0.22155695
32674,0.04728463,0.16308688
32675,0.02143264,0.097093046
32676,0.3510521,0.6181762
32677,0.042676646,0.79819864
32678,0.06508922,0.13439412
32679,0.055163614,0.03682229
32680,0.058899697,0.15420243
32681,0.07381357,0.34457222
32682,0.11557613,0.9246978
32683,0.33613726,0.17873517
32684,0.09664125,0.038309604
32685,0.028179713,0.3350503
32686,0.06631639,0.15902084
32687,0.08274791,0.43659618
32688,0.022627471,0.07555426
32689,0.8342992,0.94963324
32690,0.08514931,0.6129738
32691,0.074792214,0.14100139
32692,0.023835052,0.14209333
32693,0.06405515,0.18921468
32694,0.11800124,0.2959238
32695,0.485029,0.9183971
32696,0.20116632,0.75027657
32697,0.08650125,0.15992323
32698,0.07506871,0.6536873
32699,0.36856848,0.24039929
32700,0.081793316,0.30027172
32701,0.0161744,0.036097124
32702,0.070214845,0.39044115
32703,0.04235483,0.040470567
32704,0.18099666,0.13548899
32705,0.13371319,0.07812712
32706,0.12780479,0.46419278
32707,0.08057586,0.20160356
32708,0.054043528,0.14481331
32709,0.22052814,0.50286853
32710,0.07629003,0.10250813
32711,0.16935477,0.89852846
32712,0.10468675,0.43553627
32713,0.06580301,0.12176677
32714,0.13714786,0.62769735
32715,0.113058224,0.37935618
32716,0.061603278,0.13904154
32717,0.07595218,0.65054494
32718,0.055366427,0.14020649
32719,0.023127703,0.07014592
32720,0.065602876,0.934089
32721,0.16576986,0.66825867
32722,0.1702375,0.5444772
32723,0.059395865,0.062571965
32724,0.5354587,0.10703929
32725,0.38734213,0.8261251
32726,0.1869682,0.68507963
32727,0.2013049,0.4356682
32728,0.043063033,0.10013674
32729,0.0785346,0.17815769
32730,0.026227653,0.04169476
32731,0.7514227,0.961411
32732,0.10494999,0.78529453
32733,0.2312184,0.30660072
32734,0.051802844,0.038425975
32735,0.04640113,0.0917002
32736,0.040119667,0.08399294
32737,0.060189337,0.2660097
32738,0.7254807,0.7813631
32739,0.037411682,0.05784675
32740,0.06494408,0.87516975
32741,0.041139852,0.25066307
32742,0.14723213,0.80076236
32743,0.028447056,0.044021096
32744,0.15609647,0.86438453
32745,0.43966973,0.6307427
32746,0.37021902,0.2945212
32747,0.07380412,0.23852476
32748,0.24965917,0.81156206
32749,0.12203963,0.22765933
32750,0.526458,0.75467473
32751,0.053650256,0.96349484
32752,0.09224836,0.18219376
32753,0.24808039,0.16201875
32754,0.028177382,0.02614327
32755,0.7105562,0.9126547
32756,0.14292836,0.28835043
32757,0.01546361,0.009806672
32758,0.7919933,0.94657296
32759,0.12415633,0.5686881
32760,0.13247809,0.14960743
32761,0.14205956,0.8498925
32762,0.037927896,0.07934319
32763,0.038595542,0.072581045
32764,0.0338548,0.035380002
32765,0.084990755,0.15316574
32766,0.046217415,0.11925008
32767,0.069514595,0.14861034
32768,0.10493084,0.20009737
32769,0.038503107,0.03641343
32770,0.51983356,0.865962
32771,0.035474878,0.05257275
32772,0.26137686,0.5629068
32773,0.023949942,0.08925517
32774,0.07100015,0.12812336
32775,0.09613403,0.4712714
32776,0.05542367,0.8536463
32777,0.41078395,0.5062508
32778,0.06306957,0.07190425
32779,0.3769578,0.58716744
32780,0.05955888,0.03819837
32781,0.4447954,0.40310064
32782,0.061792918,0.9521036
32783,0.022143511,0.1266647
32784,0.40944725,0.2758795
32785,0.036051583,0.1338399
32786,0.5045784,0.7422822
32787,0.27491522,0.79455024
32788,0.20977817,0.46680173
32789,0.5190335,0.7644341
32790,0.79711485,0.6340681
32791,0.19453524,0.8351673
32792,0.42647776,0.46827295
32793,0.08640305,0.09469009
32794,0.06912135,0.49607873
32795,0.039320387,0.10197215
32796,0.6785317,0.6288957
32797,0.04087658,0.20758061
32798,0.04727531,0.17484291
32799,0.21782364,0.9270154
32800,0.013363023,0.10929447
32801,0.6225172,0.43892425
32802,0.20984305,0.30897474
32803,0.07059795,0.09522639
32804,0.27805653,0.75887007
32805,0.07375071,0.2522029
32806,0.06750058,0.17488062
32807,0.040592466,0.60618955
32808,0.0534726,0.23940873
32809,0.21313153,0.2793221
32810,0.28791347,0.6348345
32811,0.14131355,0.1652543
32812,0.044500913,0.1425314
32813,0.03292299,0.06690989
32814,0.03551697,0.078525506
32815,0.09194965,0.6556531
32816,0.35084495,0.83143234
32817,0.088594586,0.8830407
32818,0.54958785,0.878223
32819,0.13256593,0.138564
32820,0.73137546,0.63057125
32821,0.66976863,0.4703405
32822,0.09395889,0.6222832
32823,0.21854249,0.33845443
32824,0.07443448,0.36313435
32825,0.30651003,0.39708146
32826,0.5971471,0.830196
32827,0.04912054,0.78041416
32828,0.12576564,0.8384421
32829,0.7200459,0.90803784
32830,0.11048819,0.18705678
32831,0.038002517,0.052822407
32832,0.077119075,0.13247527
32833,0.043687504,0.06445243
32834,0.31126586,0.8056031
32835,0.15385376,0.6585874
32836,0.48887187,0.32350662
32837,0.48409572,0.6473266
32838,0.14914536,0.79489815
32839,0.11585469,0.19182137
32840,0.07914019,0.07805835
32841,0.48124298,0.39218155
32842,0.07657772,0.087233186
32843,0.75291055,0.90271515
32844,0.039481968,0.121673
32845,0.04839345,0.13315137
32846,0.11100775,0.2113073
32847,0.092429616,0.22919384
32848,0.09508061,0.37203354
32849,0.05279106,0.029982906
32850,0.05518208,0.13280861
32851,0.35962355,0.070580505
32852,0.46560046,0.86814123
32853,0.05727085,0.14899777
32854,0.27055866,0.7889004
32855,0.05766576,0.13096938
32856,0.060507633,0.9538706
32857,0.107108876,0.49618846
32858,0.25270653,0.08809224
32859,0.047872834,0.3730935
32860,0.68761957,0.9635934
32861,0.13907036,0.78450483
32862,0.41896367,0.3598417
32863,0.07322264,0.10812472
32864,0.12686506,0.15208483
32865,0.13708815,0.22830935
32866,0.03913548,0.06242985
32867,0.41485846,0.5623909
32868,0.14493705,0.28253216
32869,0.056977324,0.09421717
32870,0.1417893,0.531558
32871,0.06880145,0.1066149
32872,0.17247148,0.51403266
32873,0.5264096,0.51766586
32874,0.018639857,0.12921463
32875,0.067327105,0.038111564
32876,0.88698083,0.95996654
32877,0.019240636,0.035732154
32878,0.07335247,0.18508336
32879,0.012458884,0.040155385
32880,0.4227461,0.78991914
32881,0.58158934,0.6122839
32882,0.22738113,0.37254804
32883,0.099014476,0.55835545
32884,0.11240588,0.16429996
32885,0.45114887,0.7038709
32886,0.06994306,0.16323526
32887,0.096464634,0.75460947
32888,0.093417525,0.10130827
32889,0.4458336,0.24333017
32890,0.060667817,0.4725296
32891,0.62852293,0.5114655
32892,0.32430893,0.46202585
32893,0.20713226,0.33213064
32894,0.35108134,0.26977798
32895,0.21964587,0.7905085
32896,0.07959233,0.17325734
32897,0.14874144,0.12081136
32898,0.44162822,0.6611143
32899,0.43239284,0.61246073
32900,0.24569935,0.83932906
32901,0.13933317,0.8786944
32902,0.064511426,0.2820771
32903,0.3631967,0.5306777
32904,0.0384735,0.04657016
32905,0.021492288,0.029157476
32906,0.5150538,0.46632135
32907,0.6204734,0.7355811
32908,0.7355984,0.7574581
32909,0.06490318,0.5402078
32910,0.070530504,0.5683636
32911,0.25008374,0.29614517
32912,0.044723775,0.12706304
32913,0.8253218,0.79459155
32914,0.24620596,0.64008504
32915,0.14482974,0.3234466
32916,0.053023715,0.3503949
32917,0.09694306,0.84714043
32918,0.28936312,0.8253549
32919,0.7431213,0.20190437
32920,0.20749092,0.47828478
32921,0.5150816,0.13969104
32922,0.025458599,0.042612903
32923,0.15185486,0.9610288
32924,0.4325454,0.89868
32925,0.18245964,0.22256339
32926,0.066802815,0.13544826
32927,0.039542846,0.08501761
32928,0.11580865,0.16306654
32929,0.23306204,0.37030032
32930,0.3529219,0.57077575
32931,0.06845004,0.10971578
32932,0.10261535,0.14714055
32933,0.025680805,0.05787109
32934,0.27241784,0.3685434
32935,0.39343277,0.4838981
32936,0.32224104,0.2601566
32937,0.7502826,0.6917395
32938,0.058792494,0.047593284
32939,0.034955624,0.06412446
32940,0.387441,0.31711084
32941,0.055496313,0.31081632
32942,0.05267677,0.15682843
32943,0.05320405,0.31705225
32944,0.41068077,0.74134713
32945,0.09294784,0.20197298
32946,0.0524986,0.22939816
32947,0.08873139,0.07729949
32948,0.17084259,0.43417543
32949,0.13351598,0.1358765
32950,0.12565258,0.888983
32951,0.5482623,0.20558615
32952,0.69057894,0.7066261
32953,0.25786468,0.71727633
32954,0.075181805,0.4404944
32955,0.28878966,0.7627623
32956,0.65955687,0.63894403
32957,0.019982701,0.16200511
32958,0.29944542,0.6054872
32959,0.063907005,0.07040758
32960,0.053667422,0.8695858
32961,0.46097028,0.39677978
32962,0.06569458,0.033409655
32963,0.20097145,0.5504273
32964,0.08961226,0.29780814
32965,0.36794364,0.4881725
32966,0.14251189,0.90132856
32967,0.088221416,0.36950257
32968,0.05326933,0.2974885
32969,0.09505492,0.3434664
32970,0.039160103,0.42508134
32971,0.015190126,0.053207744
32972,0.09455757,0.20210914
32973,0.47838274,0.9068454
32974,0.1232258,0.08883056
32975,0.52280235,0.59089446
32976,0.06597324,0.3224063
32977,0.056424446,0.15411988
32978,0.07914115,0.54362565
32979,0.08990121,0.86557966
32980,0.10125854,0.19710837
32981,0.014608955,0.05192972
32982,0.12150723,0.43692565
32983,0.86199963,0.8030014
32984,0.47239643,0.8208286
32985,0.18347763,0.34858167
32986,0.1321787,0.6848935
32987,0.40226102,0.7915874
32988,0.068765976,0.2609567
32989,0.050089467,0.07397365
32990,0.7571926,0.8817009
32991,0.07557487,0.042781357
32992,0.5325266,0.5988546
32993,0.094267175,0.10595215
32994,0.0662547,0.38295427
32995,0.25227848,0.61114615
32996,0.23462795,0.68206155
32997,0.13336891,0.19618343
32998,0.06328155,0.066683695
32999,0.06658661,0.24651405
33000,0.067880444,0.1734671
33001,0.10913229,0.5470885
33002,0.16594233,0.7350706
33003,0.049214557,0.82672894
33004,0.06782318,0.3182475
33005,0.25228348,0.18649264
33006,0.59714884,0.57811874
33007,0.061469715,0.10805953
33008,0.050744224,0.079889305
33009,0.42032507,0.15798444
33010,0.14394586,0.3191138
33011,0.066694126,0.7607833
33012,0.050969403,0.06792462
33013,0.11767233,0.9358796
33014,0.09586007,0.97200936
33015,0.15194976,0.27488184
33016,0.028564913,0.41307417
33017,0.5884956,0.6551353
33018,0.1481426,0.57243544
33019,0.83928984,0.91943765
33020,0.16916387,0.06662407
33021,0.023755522,0.070064835
33022,0.34175992,0.8454797
33023,0.051409196,0.07109655
33024,0.23865846,0.77624774
33025,0.23214613,0.719051
33026,0.8194048,0.9378408
33027,0.11376139,0.9188398
33028,0.21509182,0.2583643
33029,0.37305987,0.84409493
33030,0.09591524,0.2707639
33031,0.10718121,0.6083386
33032,0.42346987,0.9039776
33033,0.04701543,0.42354968
33034,0.056681383,0.14345747
33035,0.009589464,0.02009206
33036,0.0985142,0.79149175
33037,0.6622551,0.8493281
33038,0.156438,0.19491807
33039,0.0909583,0.11690311
33040,0.33459747,0.8221595
33041,0.054209914,0.06783056
33042,0.038668994,0.07873899
33043,0.026299896,0.030676851
33044,0.096796386,0.06623256
33045,0.019448662,0.02319544
33046,0.094071664,0.11538291
33047,0.08315293,0.29481035
33048,0.57879174,0.90150505
33049,0.06732611,0.2198903
33050,0.36498728,0.6822965
33051,0.01438483,0.018850716
33052,0.47922656,0.8903819
33053,0.062193356,0.50024074
33054,0.045451608,0.37172544
33055,0.087146275,0.6968109
33056,0.23696771,0.7199717
33057,0.049085576,0.09306002
33058,0.13728021,0.33958533
33059,0.10341925,0.106990665
33060,0.27585375,0.82310027
33061,0.031070096,0.02989598
33062,0.0991962,0.4957468
33063,0.027800113,0.043219414
33064,0.13971274,0.032525904
33065,0.49393693,0.6677917
33066,0.1905402,0.12595256
33067,0.078762785,0.17576556
33068,0.0259723,0.066659436
33069,0.046351526,0.11585034
33070,0.09666308,0.62521714
33071,0.46580103,0.92845774
33072,0.17088068,0.91393805
33073,0.10300196,0.56183076
33074,0.15547192,0.5981718
33075,0.07078842,0.16390905
33076,0.09686417,0.28568783
33077,0.27899963,0.92254364
33078,0.56747484,0.82873476
33079,0.05594982,0.061762076
33080,0.06603996,0.1364992
33081,0.05442913,0.16223358
33082,0.16833366,0.8318432
33083,0.8626668,0.94852895
33084,0.3415318,0.606474
33085,0.40920606,0.6409769
33086,0.09173491,0.7567792
33087,0.018975506,0.09141077
33088,0.12076801,0.3182513
33089,0.04519393,0.85532147
33090,0.03418512,0.101812765
33091,0.28569064,0.68570095
33092,0.04837311,0.056596883
33093,0.3106977,0.17214002
33094,0.53184354,0.8714518
33095,0.4162582,0.5881277
33096,0.15058343,0.25740576
33097,0.10646555,0.24866363
33098,0.40965617,0.7231697
33099,0.07198763,0.25148153
33100,0.069892354,0.15506138
33101,0.039164636,0.044544984
33102,0.55675054,0.7785285
33103,0.14114612,0.6624106
33104,0.12783465,0.69545406
33105,0.082935326,0.08366699
33106,0.17280555,0.737103
33107,0.02643611,0.21026728
33108,0.0543159,0.03500157
33109,0.13577145,0.75561804
33110,0.036474638,0.0845734
33111,0.021115731,0.04506579
33112,0.08126586,0.71624804
33113,0.33263695,0.9669544
33114,0.5762086,0.80558175
33115,0.5801783,0.54015553
33116,0.060355555,0.09594642
33117,0.11186646,0.87198365
33118,0.10957377,0.26168388
33119,0.6036647,0.5020363
33120,0.22087155,0.030417245
33121,0.5029326,0.90456235
33122,0.09448639,0.8355938
33123,0.07564975,0.14846417
33124,0.05552138,0.08526077
33125,0.6852258,0.8807016
33126,0.1328082,0.42431465
33127,0.28275523,0.44531912
33128,0.03435596,0.25631893
33129,0.23408589,0.64059794
33130,0.046112344,0.20137188
33131,0.14524052,0.54922825
33132,0.4741296,0.690142
33133,0.35901794,0.79998124
33134,0.0632627,0.14262137
33135,0.20386133,0.4759149
33136,0.78802204,0.63676804
33137,0.10486767,0.2786789
33138,0.3594035,0.7164821
33139,0.09467807,0.7561081
33140,0.037624653,0.05253851
33141,0.38775992,0.16196536
33142,0.051984843,0.15038916
33143,0.13981871,0.14354464
33144,0.25693175,0.25930044
33145,0.067277566,0.9333942
33146,0.115434974,0.12406824
33147,0.030948367,0.008168547
33148,0.5796834,0.865093
33149,0.25177428,0.32528222
33150,0.084361404,0.62498915
33151,0.20784098,0.08506254
33152,0.20923686,0.8889588
33153,0.21629627,0.38170457
33154,0.061321225,0.9036973
33155,0.10709063,0.17428277
33156,0.17099199,0.22158653
33157,0.1202771,0.89352363
33158,0.06491365,0.13598613
33159,0.06573925,0.21796048
33160,0.41351235,0.33902928
33161,0.08455411,0.10077096
33162,0.02814734,0.03677863
33163,0.026049165,0.06597526
33164,0.091945596,0.6061641
33165,0.13852037,0.7712668
33166,0.033951025,0.542091
33167,0.11071667,0.1910118
33168,0.1899256,0.19447772
33169,0.1736908,0.5226708
33170,0.15402077,0.862226
33171,0.5436621,0.6608189
33172,0.55821675,0.6608239
33173,0.117199,0.7376463
33174,0.025985548,0.01313168
33175,0.11222975,0.21427532
33176,0.055673994,0.4135017
33177,0.07577752,0.9132609
33178,0.3503491,0.20019133
33179,0.09535858,0.033510894
33180,0.03519821,0.089956254
33181,0.26173067,0.3237546
33182,0.031736482,0.103326224
33183,0.088647135,0.44175446
33184,0.10956155,0.58009356
33185,0.12596421,0.26754633
33186,0.04416066,0.956505
33187,0.15604036,0.34759733
33188,0.067059,0.92175686
33189,0.0789354,0.07899573
33190,0.052972503,0.033498757
33191,0.023915859,0.04561228
33192,0.052780613,0.050417207
33193,0.3457564,0.6783408
33194,0.10594617,0.9450498
33195,0.13140069,0.6491998
33196,0.074206926,0.10575373
33197,0.12533481,0.5506184
33198,0.48158193,0.7717989
33199,0.25989777,0.12915638
33200,0.2365797,0.4314153
33201,0.7349993,0.6200827
33202,0.11681635,0.099628165
33203,0.3582115,0.48485667
33204,0.07922497,0.50821996
33205,0.1043229,0.109029084
33206,0.21906985,0.8136629
33207,0.032974176,0.19862486
33208,0.4361657,0.70532763
33209,0.05213335,0.29772273
33210,0.3185677,0.70238596
33211,0.044701044,0.17269848
33212,0.03735071,0.06944051
33213,0.4329158,0.5163027
33214,0.02671072,0.045367613
33215,0.023740647,0.044768788
33216,0.05634557,0.17852916
33217,0.14353994,0.7643887
33218,0.08860348,0.8180568
33219,0.18852687,0.062029593
33220,0.070177495,0.42721206
33221,0.39237246,0.8522571
33222,0.64156777,0.721143
33223,0.3807628,0.4056103
33224,0.20314433,0.5478764
33225,0.5937194,0.73276335
33226,0.06342357,0.1496943
33227,0.027320558,0.05109242
33228,0.35550174,0.1802952
33229,0.10228522,0.6917073
33230,0.024423715,0.08381952
33231,0.044271357,0.09342728
33232,0.045208037,0.072285786
33233,0.3040332,0.30027327
33234,0.6793902,0.46808037
33235,0.12828963,0.46612546
33236,0.27462646,0.29988015
33237,0.14262106,0.112980396
33238,0.048814975,0.0715156
33239,0.09446808,0.45095804
33240,0.35979977,0.5907822
33241,0.34270674,0.35265633
33242,0.1446516,0.7500022
33243,0.60564774,0.869357
33244,0.55941266,0.8252495
33245,0.3026178,0.3446389
33246,0.85604477,0.9694708
33247,0.05005878,0.056092914
33248,0.36700884,0.71921855
33249,0.029906262,0.060602836
33250,0.2769738,0.4913326
33251,0.046718396,0.063263595
33252,0.8311921,0.91948867
33253,0.7703652,0.91021204
33254,0.033524495,0.90009654
33255,0.099549,0.8452343
33256,0.092461005,0.07699504
33257,0.031030884,0.047375288
33258,0.11078948,0.21591574
33259,0.17498253,0.7269312
33260,0.5347424,0.26055464
33261,0.27128837,0.56096923
33262,0.6508082,0.91543823
33263,0.022755938,0.051596176
33264,0.06332432,0.94202435
33265,0.2547507,0.7222366
33266,0.023378205,0.04300023
33267,0.09323294,0.37556764
33268,0.41937822,0.5916988
33269,0.055422444,0.93095446
33270,0.09170057,0.32587895
33271,0.33700812,0.6194983
33272,0.35016215,0.9667595
33273,0.23083775,0.880717
33274,0.01716611,0.06678619
33275,0.6437257,0.8553128
33276,0.4389974,0.72358656
33277,0.049460307,0.22753003
33278,0.048287846,0.096338905
33279,0.35412025,0.24729012
33280,0.6301877,0.9469321
33281,0.032776434,0.062094286
33282,0.21442461,0.6507041
33283,0.15726693,0.7934621
33284,0.06109892,0.17753519
33285,0.5832117,0.62713134
33286,0.055983804,0.63039124
33287,0.30136964,0.8613811
33288,0.06879812,0.07673181
33289,0.28161275,0.120676614
33290,0.4110209,0.7132325
33291,0.040226813,0.058223553
33292,0.15795423,0.22685248
33293,0.15569282,0.3395288
33294,0.11962033,0.15452951
33295,0.24629147,0.12545912
33296,0.22069398,0.76045847
33297,0.12133214,0.18180817
33298,0.08033795,0.045365248
33299,0.19545297,0.27998012
33300,0.26505375,0.7913107
33301,0.06207392,0.82751507
33302,0.09505942,0.5386685
33303,0.8242942,0.86094886
33304,0.12664938,0.52288616
33305,0.34525976,0.15718633
33306,0.03250846,0.01629238
33307,0.15309002,0.09139242
33308,0.01568653,0.21867007
33309,0.12041116,0.36217993
33310,0.07876339,0.06868191
33311,0.16806898,0.5861594
33312,0.031682156,0.0589394
33313,0.1277502,0.49297833
33314,0.08906465,0.37097472
33315,0.07672558,0.19096696
33316,0.07446474,0.15980698
33317,0.07609844,0.42178947
33318,0.1563751,0.81648946
33319,0.20239317,0.31117392
33320,0.059480775,0.16912033
33321,0.058190472,0.101918675
33322,0.27076286,0.06259016
33323,0.06404388,0.18959591
33324,0.04725678,0.17788784
33325,0.14325556,0.14517477
33326,0.19921473,0.27222502
33327,0.05950666,0.048116326
33328,0.23604897,0.2784849
33329,0.08841988,0.14374003
33330,0.18866919,0.6864734
33331,0.1125623,0.6098042
33332,0.24369235,0.18807906
33333,0.03264521,0.05811058
33334,0.06488582,0.2464754
33335,0.5892086,0.6125412
33336,0.087539636,0.6584322
33337,0.16532189,0.79572487
33338,0.058118124,0.12400471
33339,0.047008574,0.05757686
33340,0.1689399,0.11315845
33341,0.13917719,0.23369773
33342,0.768846,0.7704309
33343,0.14589405,0.9291778
33344,0.45824173,0.5212779
33345,0.11527219,0.14699896
33346,0.076095276,0.8532089
33347,0.66380006,0.48766768
33348,0.17590503,0.4917439
33349,0.09328237,0.13266852
33350,0.09395912,0.2388589
33351,0.36693943,0.5071758
33352,0.17078632,0.21501736
33353,0.07154222,0.17727396
33354,0.6310623,0.8275758
33355,0.76362586,0.9235632
33356,0.12595318,0.16342393
33357,0.79313916,0.83896995
33358,0.31187364,0.5700145
33359,0.16152874,0.9211289
33360,0.0746791,0.015822832
33361,0.461187,0.37631786
33362,0.027490852,0.021886416
33363,0.049159266,0.8877377
33364,0.082265,0.45135093
33365,0.740302,0.76223767
33366,0.11488779,0.8287206
33367,0.20162666,0.80656433
33368,0.1457829,0.27878404
33369,0.12647061,0.7279301
33370,0.12457424,0.3570025
33371,0.8259359,0.8751028
33372,0.08540493,0.8028819
33373,0.18624386,0.31911856
33374,0.050521433,0.1095753
33375,0.035604235,0.072448984
33376,0.06864625,0.1342585
33377,0.20193641,0.4483654
33378,0.08535829,0.24618407
33379,0.2939123,0.6859403
33380,0.5320023,0.78003514
33381,0.081826806,0.47632623
33382,0.3068517,0.3362238
33383,0.06532279,0.25413737
33384,0.07031127,0.5499258
33385,0.21167956,0.39059046
33386,0.10557981,0.09103049
33387,0.030751264,0.045269538
33388,0.09714268,0.29698777
33389,0.08748482,0.61779964
33390,0.1174968,0.9468011
33391,0.1933335,0.3898957
33392,0.29933876,0.8556816
33393,0.15465616,0.5231794
33394,0.050912596,0.25663528
33395,0.2840458,0.19396584
33396,0.15461493,0.1209378
33397,0.059584573,0.03458703
33398,0.34616148,0.043806072
33399,0.19809487,0.43258193
33400,0.24846424,0.78350794
33401,0.01996548,0.05357299
33402,0.802314,0.89350164
33403,0.058673996,0.13928252
33404,0.020423912,0.019543525
33405,0.31471223,0.35604143
33406,0.33104485,0.6251379
33407,0.7001971,0.80211437
33408,0.06232786,0.0553081
33409,0.08127166,0.23312351
33410,0.024788557,0.19388336
33411,0.05772177,0.07945535
33412,0.5910181,0.7437884
33413,0.12571782,0.5274824
33414,0.24040772,0.8146917
33415,0.34467196,0.45061144
33416,0.053104427,0.09801887
33417,0.48341992,0.36564887
33418,0.042819362,0.0816509
33419,0.72626853,0.92831826
33420,0.34711808,0.28136268
33421,0.12036438,0.86933815
33422,0.16335247,0.9473778
33423,0.06450303,0.11456271
33424,0.07572383,0.12531726
33425,0.041591857,0.059365034
33426,0.07413082,0.19664992
33427,0.10833781,0.5926246
33428,0.04649911,0.07348907
33429,0.13100527,0.7898458
33430,0.3882902,0.35857517
33431,0.51623046,0.90001804
33432,0.11020009,0.4447981
33433,0.9372493,0.9623733
33434,0.07870515,0.8721515
33435,0.58785325,0.75081336
33436,0.106748074,0.39568606
33437,0.122331604,0.5854664
33438,0.057974886,0.3884001
33439,0.054834947,0.045829017
33440,0.059055846,0.47707194
33441,0.17311507,0.5487914
33442,0.13241468,0.84773535
33443,0.11477094,0.07975795
33444,0.09442995,0.5550477
33445,0.068766095,0.18012255
33446,0.8300485,0.86321235
33447,0.19949423,0.7925917
33448,0.11737525,0.8987837
33449,0.058176465,0.1757841
33450,0.084069595,0.26436177
33451,0.053985227,0.24298978
33452,0.08188175,0.71397763
33453,0.40673545,0.5224181
33454,0.7036775,0.909851
33455,0.19941983,0.93387324
33456,0.19933723,0.3576144
33457,0.0971219,0.6900558
33458,0.5603379,0.6021001
33459,0.07519782,0.3936903
33460,0.07418683,0.24971832
33461,0.17480843,0.82409954
33462,0.44517764,0.59823734
33463,0.028770447,0.14806479
33464,0.0594728,0.37947914
33465,0.2605654,0.8031141
33466,0.2105185,0.41886133
33467,0.6093053,0.86768556
33468,0.27076346,0.5396002
33469,0.17908315,0.935354
33470,0.056575794,0.1308474
33471,0.026868027,0.06597982
33472,0.5200406,0.70345145
33473,0.697017,0.8125497
33474,0.20238271,0.24825615
33475,0.05079516,0.1707492
33476,0.050326314,0.06595163
33477,0.5035308,0.1685154
33478,0.135744,0.7018452
33479,0.45132872,0.63603854
33480,0.030785492,0.027987244
33481,0.42750615,0.961447
33482,0.069803625,0.15578946
33483,0.016062673,0.04547418
33484,0.025760356,0.083984874
33485,0.06489969,0.12891383
33486,0.5134909,0.5135489
33487,0.058292247,0.115943335
33488,0.45473304,0.8511739
33489,0.055540524,0.40469238
33490,0.2827887,0.74170923
33491,0.0967622,0.51823795
33492,0.10131006,0.30717915
33493,0.2168919,0.6745883
33494,0.9096526,0.9371174
33495,0.09053215,0.28571856
33496,0.13736853,0.6986747
33497,0.14883597,0.6228513
33498,0.13403505,0.16610563
33499,0.07366366,0.8220387
33500,0.08960394,0.19079015
33501,0.08618801,0.07279308
33502,0.028952818,0.08091313
33503,0.29013932,0.15589868
33504,0.017346038,0.03009997
33505,0.2679048,0.33838758
33506,0.14695598,0.07677254
33507,0.11319859,0.2703323
33508,0.16178533,0.5412074
33509,0.28408313,0.32489952
33510,0.66747785,0.6304611
33511,0.68472093,0.86484027
33512,0.1807959,0.90728575
33513,0.019164821,0.51800776
33514,0.18807055,0.88210905
33515,0.271351,0.82599056
33516,0.05515389,0.18650332
33517,0.11112513,0.8294498
33518,0.04495858,0.34870315
33519,0.20373604,0.25355032
33520,0.05398945,0.40044102
33521,0.09927791,0.0754594
33522,0.054018088,0.13224532
33523,0.07831255,0.085176446
33524,0.15171652,0.19263273
33525,0.03476471,0.12551893
33526,0.39787745,0.6375067
33527,0.7434835,0.88595945
33528,0.115112364,0.8159882
33529,0.68286633,0.68147236
33530,0.08240152,0.1930622
33531,0.20392694,0.17265874
33532,0.053535268,0.09062394
33533,0.021859631,0.02962507
33534,0.017646572,0.012493553
33535,0.09787826,0.22410484
33536,0.15995926,0.6238832
33537,0.28922114,0.6424313
33538,0.19093536,0.02641604
33539,0.053428005,0.13464755
33540,0.05331202,0.16221115
33541,0.45355478,0.3365443
33542,0.079844475,0.19478287
33543,0.13443524,0.11773509
33544,0.04139594,0.06971533
33545,0.19744526,0.48079658
33546,0.16407283,0.9241292
33547,0.098612145,0.33084536
33548,0.14206979,0.21204044
33549,0.045409046,0.07179333
33550,0.03229138,0.6879274
33551,0.051982846,0.7550672
33552,0.2238057,0.74481213
33553,0.043548174,0.054729827
33554,0.05505421,0.47842237
33555,0.40852633,0.60389286
33556,0.06372678,0.688722
33557,0.31259963,0.8384633
33558,0.06314334,0.13699055
33559,0.07680793,0.49979457
33560,0.13602073,0.39229733
33561,0.07549694,0.19558586
33562,0.21867386,0.70202297
33563,0.027818015,0.29015073
33564,0.13196456,0.43077993
33565,0.16487497,0.21966244
33566,0.27720755,0.74601036
33567,0.0687446,0.19742787
33568,0.08702537,0.1286135
33569,0.08859795,0.16219047
33570,0.7251221,0.848427
33571,0.26454616,0.3494204
33572,0.07990496,0.36029145
33573,0.025395364,0.024051925
33574,0.10912156,0.1795098
33575,0.16360374,0.390175
33576,0.5417777,0.74820524
33577,0.40370038,0.1955782
33578,0.1332601,0.07393392
33579,0.077572644,0.3170791
33580,0.06741183,0.4411843
33581,0.27313846,0.6926062
33582,0.52418745,0.68710005
33583,0.46076205,0.21643731
33584,0.6317208,0.7576615
33585,0.53620416,0.62969893
33586,0.07001902,0.07870107
33587,0.093919896,0.3431141
33588,0.017874444,0.027270917
33589,0.14245474,0.18966039
33590,0.036731914,0.14264096
33591,0.12013385,0.22052641
33592,0.047832366,0.07305491
33593,0.3443163,0.25867862
33594,0.16180739,0.24577063
33595,0.17196438,0.550727
33596,0.033635423,0.7129837
33597,0.48267686,0.5812339
33598,0.74367857,0.8943819
33599,0.052833356,0.6445632
33600,0.05879624,0.090379596
33601,0.6518582,0.31542027
33602,0.30668953,0.6254173
33603,0.07085355,0.6974021
33604,0.48133937,0.8688609
33605,0.15420797,0.10978732
33606,0.69811136,0.6683714
33607,0.74188393,0.8503573
33608,0.03308112,0.3094568
33609,0.2641855,0.74845845
33610,0.053347964,0.76990354
33611,0.45909417,0.093540624
33612,0.16853142,0.61269295
33613,0.657625,0.47144228
33614,0.66491455,0.37239903
33615,0.09536807,0.25218135
33616,0.49801272,0.7379201
33617,0.07229943,0.06603304
33618,0.17997134,0.84477353
33619,0.06915819,0.6093219
33620,0.023531092,0.04209983
33621,0.13210927,0.82971674
33622,0.71489877,0.8798204
33623,0.06628423,0.5052719
33624,0.05592736,0.07639853
33625,0.058063347,0.3562056
33626,0.2866951,0.43472746
33627,0.15156133,0.49132657
33628,0.082893334,0.8958068
33629,0.21921882,0.18855911
33630,0.059592348,0.83121306
33631,0.09133714,0.36393672
33632,0.07647522,0.20353396
33633,0.06542234,0.06604387
33634,0.14857537,0.15856892
33635,0.73166615,0.8040085
33636,0.08771295,0.83316857
33637,0.23284556,0.80058867
33638,0.04459469,0.42043212
33639,0.09927054,0.9115712
33640,0.5047783,0.67516524
33641,0.34955028,0.10180435
33642,0.09094799,0.1140708
33643,0.11077629,0.195943
33644,0.44341084,0.871982
33645,0.2217137,0.8871692
33646,0.017568642,0.061486717
33647,0.47615743,0.28751028
33648,0.5619289,0.92584926
33649,0.12871283,0.17126496
33650,0.52279127,0.10259575
33651,0.18720531,0.616992
33652,0.03680762,0.08645844
33653,0.08676594,0.13702466
33654,0.14849268,0.65998876
33655,0.08337421,0.05302908
33656,0.030739171,0.034970224
33657,0.12270838,0.10268668
33658,0.831717,0.91413265
33659,0.21399252,0.17257816
33660,0.3834943,0.85520357
33661,0.24219869,0.765886
33662,0.71800935,0.83262104
33663,0.09998279,0.19751199
33664,0.0893886,0.16739598
33665,0.10304628,0.7769199
33666,0.081133395,0.17426157
33667,0.07183136,0.54304343
33668,0.56477946,0.7559005
33669,0.3555621,0.70445967
33670,0.11770667,0.43639898
33671,0.12679431,0.90422094
33672,0.23409821,0.7272684
33673,0.07219419,0.06789762
33674,0.032872815,0.24609888
33675,0.061804608,0.8976945
33676,0.4519377,0.37017557
33677,0.11603119,0.18937585
33678,0.04979807,0.17878447
33679,0.022010118,0.18007219
33680,0.14710541,0.89913803
33681,0.20824979,0.79947245
33682,0.039090443,0.061012927
33683,0.023440631,0.05467373
33684,0.45016772,0.7277255
33685,0.107516006,0.4638269
33686,0.047234435,0.16410555
33687,0.5901986,0.84795445
33688,0.08290612,0.6078739
33689,0.21616714,0.5966239
33690,0.22953175,0.19956523
33691,0.04355438,0.054723743
33692,0.04485054,0.20892958
33693,0.41497773,0.36984375
33694,0.37782446,0.78071547
33695,0.19177668,0.3666505
33696,0.0591727,0.33398816
33697,0.09656383,0.6007367
33698,0.3414977,0.7093091
33699,0.4851684,0.48614112
33700,0.09134205,0.33173686
33701,0.01526239,0.04427439
33702,0.113604315,0.92246664
33703,0.36882976,0.22126277
33704,0.031654403,0.26126173
33705,0.1262203,0.4064543
33706,0.40085644,0.76877165
33707,0.039833203,0.09618277
33708,0.1456413,0.16257681
33709,0.051685918,0.13290504
33710,0.08497989,0.35159993
33711,0.16564392,0.6405054
33712,0.076784946,0.45460376
33713,0.09802417,0.30928904
33714,0.7909469,0.43776798
33715,0.113178626,0.91191596
33716,0.5205333,0.6491574
33717,0.110618,0.33708048
33718,0.044500623,0.09106041
33719,0.07967721,0.29584566
33720,0.037931506,0.035234123
33721,0.17337051,0.18288599
33722,0.09597523,0.71716684
33723,0.78062654,0.8639085
33724,0.056362588,0.95232844
33725,0.14932515,0.8008327
33726,0.080186866,0.05330621
33727,0.22898108,0.08585264
33728,0.09225197,0.7881918
33729,0.31918472,0.06827207
33730,0.046719808,0.04770015
33731,0.10166374,0.41679224
33732,0.113796026,0.23316124
33733,0.042109948,0.19225074
33734,0.6706475,0.8506279
33735,0.032702044,0.07709924
33736,0.067864366,0.11119683
33737,0.18927626,0.70927167
33738,0.62674046,0.6392039
33739,0.04528048,0.06891181
33740,0.14379384,0.86063236
33741,0.46702877,0.28894207
33742,0.17208199,0.5727331
33743,0.07921154,0.89482725
33744,0.32175237,0.07400299
33745,0.1930789,0.5974568
33746,0.10455386,0.7562901
33747,0.4210869,0.20805104
33748,0.10455345,0.93640834
33749,0.91627795,0.9721218
33750,0.51443344,0.39819822
33751,0.68991137,0.7225744
33752,0.5405723,0.5431282
33753,0.054386847,0.4793631
33754,0.4534168,0.8017638
33755,0.16985297,0.23030801
33756,0.10977279,0.19430423
33757,0.2505717,0.42825967
33758,0.6875848,0.9243024
33759,0.03523323,0.10953518
33760,0.06681347,0.29130632
33761,0.088436656,0.2283208
33762,0.1909542,0.11083718
33763,0.6360407,0.688481
33764,0.1948887,0.10664497
33765,0.28093803,0.8492131
33766,0.011615917,0.08777807
33767,0.08007949,0.37993437
33768,0.51274276,0.087227106
33769,0.118545905,0.27981588
33770,0.4669387,0.2934617
33771,0.37322825,0.09783198
33772,0.09207266,0.094846144
33773,0.12421677,0.6923892
33774,0.046772685,0.09945605
33775,0.043760423,0.13144082
33776,0.48510575,0.5553335
33777,0.16110784,0.15975632
33778,0.07887934,0.32853252
33779,0.07590899,0.83997
33780,0.05397176,0.2608269
33781,0.0461309,0.026559861
33782,0.04071229,0.105538055
33783,0.10903852,0.7092326
33784,0.07200238,0.14278848
33785,0.102787696,0.26932314
33786,0.16712523,0.36469
33787,0.05772641,0.3358078
33788,0.06938426,0.7326059
33789,0.061847594,0.24432638
33790,0.14723766,0.046396084
33791,0.04491546,0.091843925
33792,0.037244756,0.022062682
33793,0.383337,0.5811608
33794,0.055426262,0.06171096
33795,0.5054302,0.9406102
33796,0.6028232,0.468983
33797,0.2923105,0.50515
33798,0.060377978,0.87556154
33799,0.20725372,0.8487576
33800,0.20844647,0.40052536
33801,0.11201362,0.85106975
33802,0.10552187,0.13983342
33803,0.16260192,0.8501508
33804,0.0665393,0.13460033
33805,0.8835043,0.83096886
33806,0.032004658,0.041907925
33807,0.11569079,0.89825195
33808,0.053323705,0.28385392
33809,0.06429436,0.06429859
33810,0.7883375,0.9030743
33811,0.095532715,0.113899454
33812,0.032893877,0.05107221
33813,0.36920527,0.25633848
33814,0.039424766,0.10913875
33815,0.2977657,0.9414033
33816,0.10569327,0.68935895
33817,0.12519275,0.11191636
33818,0.6132895,0.86600757
33819,0.81440765,0.88578594
33820,0.01830063,0.11402547
33821,0.59938204,0.9574937
33822,0.1733234,0.68591297
33823,0.026407516,0.038912572
33824,0.13495772,0.19516517
33825,0.20668495,0.5185317
33826,0.13670446,0.4630376
33827,0.18083511,0.31022307
33828,0.70316833,0.7219728
33829,0.6739683,0.74341154
33830,0.20625883,0.56380373
33831,0.71382576,0.92109656
33832,0.5320238,0.60979795
33833,0.055306543,0.62449616
33834,0.020334238,0.03374749
33835,0.038771145,0.067769274
33836,0.0404709,0.035433758
33837,0.07795743,0.32558405
33838,0.03413697,0.1744331
33839,0.07700649,0.07936199
33840,0.030061655,0.061539147
33841,0.6837902,0.8792066
33842,0.04901529,0.07652741
33843,0.06628488,0.10212937
33844,0.16559058,0.29841027
33845,0.6239984,0.87392277
33846,0.058549657,0.079220496
33847,0.1477416,0.3465939
33848,0.057988405,0.38211182
33849,0.18328351,0.07908429
33850,0.054950316,0.05963813
33851,0.045739982,0.35903308
33852,0.7620415,0.9697707
33853,0.13628419,0.9126064
33854,0.041833915,0.011188024
33855,0.5220754,0.9117302
33856,0.021054538,0.16096783
33857,0.040070966,0.84114796
33858,0.19117188,0.6415722
33859,0.08610021,0.35140365
33860,0.10009085,0.05168155
33861,0.387068,0.29507467
33862,0.11786926,0.81037515
33863,0.07260154,0.16970307
33864,0.15343845,0.9574623
33865,0.031591855,0.08409809
33866,0.6291602,0.6396867
33867,0.56224996,0.24303833
33868,0.062211066,0.46433687
33869,0.035198268,0.030147705
33870,0.06761175,0.3165976
33871,0.10059666,0.89681417
33872,0.28856042,0.64513195
33873,0.038636032,0.06216514
33874,0.093288094,0.18716098
33875,0.8041336,0.94000477
33876,0.016968304,0.017032811
33877,0.6733694,0.74942
33878,0.056306906,0.44458464
33879,0.027834797,0.088970415
33880,0.083943084,0.13479812
33881,0.028119994,0.11090761
33882,0.06985705,0.34224346
33883,0.19461006,0.23338662
33884,0.21299386,0.16554841
33885,0.11745266,0.71953666
33886,0.09825567,0.43365407
33887,0.14621301,0.1396668
33888,0.09761385,0.32872528
33889,0.18456171,0.78431016
33890,0.09684638,0.4468327
33891,0.13455024,0.9368117
33892,0.55943686,0.900791
33893,0.1125885,0.13567613
33894,0.7668024,0.9564785
33895,0.12713633,0.088715434
33896,0.116277605,0.7326321
33897,0.056347206,0.14044239
33898,0.05060236,0.3334024
33899,0.090545654,0.12789758
33900,0.04016035,0.11954832
33901,0.17929652,0.14666477
33902,0.10086683,0.824295
33903,0.078174874,0.062075883
33904,0.22065426,0.8909488
33905,0.11411221,0.27769768
33906,0.7437457,0.4817066
33907,0.09519105,0.7034596
33908,0.056252763,0.05799821
33909,0.03922083,0.8454421
33910,0.6184124,0.6725648
33911,0.1424099,0.4343775
33912,0.049903262,0.04758367
33913,0.56619674,0.80235696
33914,0.050340924,0.1786662
33915,0.67928565,0.89465946
33916,0.70885783,0.5314517
33917,0.025975091,0.23509276
33918,0.15743458,0.13839692
33919,0.0695217,0.10943518
33920,0.7980321,0.78868026
33921,0.2456289,0.35092264
33922,0.29779205,0.50980735
33923,0.3606831,0.8108354
33924,0.07269187,0.48834392
33925,0.07117212,0.24063066
33926,0.038432796,0.72370994
33927,0.5149617,0.6022533
33928,0.044690344,0.03695271
33929,0.041072678,0.029628297
33930,0.54340345,0.7926884
33931,0.071802564,0.5072127
33932,0.31460196,0.06780524
33933,0.5941456,0.7998037
33934,0.5144723,0.9245751
33935,0.106464304,0.3674914
33936,0.116065346,0.7463827
33937,0.2001417,0.32227322
33938,0.73941445,0.94873023
33939,0.83866405,0.9132682
33940,0.059567027,0.040793255
33941,0.08734337,0.12712802
33942,0.07284106,0.09200011
33943,0.30087525,0.42034397
33944,0.07859342,0.16624978
33945,0.24291539,0.8459209
33946,0.061587464,0.81170636
33947,0.11533972,0.43765497
33948,0.09797426,0.18475
33949,0.72611547,0.8843071
33950,0.03756505,0.09110901
33951,0.14758062,0.6436567
33952,0.022608329,0.05482289
33953,0.071999066,0.43049976
33954,0.88050914,0.9498954
33955,0.7677941,0.7456716
33956,0.0360399,0.06756109
33957,0.078377634,0.29505986
33958,0.06956788,0.0971537
33959,0.39857793,0.6331917
33960,0.11988677,0.0464458
33961,0.032645814,0.05437173
33962,0.4067342,0.8787055
33963,0.024864048,0.053479817
33964,0.040162355,0.3627357
33965,0.7695312,0.87794656
33966,0.7033442,0.6820821
33967,0.16328469,0.42404434
33968,0.49342635,0.6326103
33969,0.277846,0.58372355
33970,0.19482547,0.5565263
33971,0.08535425,0.40705037
33972,0.29937384,0.55038786
33973,0.05264631,0.12349971
33974,0.03448198,0.040874746
33975,0.23319821,0.09422736
33976,0.3172831,0.18829404
33977,0.23969705,0.21518415
33978,0.11686553,0.29143947
33979,0.08812908,0.14711678
33980,0.028044175,0.053426284
33981,0.40921253,0.8430376
33982,0.099391565,0.5307914
33983,0.7540366,0.8235034
33984,0.09514181,0.1543667
33985,0.041236673,0.12177512
33986,0.07818283,0.08543502
33987,0.0644824,0.4287486
33988,0.4021571,0.545145
33989,0.0729064,0.10529191
33990,0.1006481,0.94962037
33991,0.028801568,0.011432385
33992,0.058330804,0.13693027
33993,0.0475386,0.053962544
33994,0.05567321,0.090828985
33995,0.43358684,0.381646
33996,0.21997266,0.61822194
33997,0.1451142,0.8640181
33998,0.22866581,0.24513775
33999,0.5330719,0.52047014
34000,0.107813746,0.89288914
34001,0.7025312,0.5924398
34002,0.07493485,0.93607706
34003,0.09514539,0.29169202
34004,0.8768443,0.96040606
34005,0.16933492,0.28860062
34006,0.08039823,0.086556785
34007,0.17174825,0.2191097
34008,0.05736261,0.66912526
34009,0.059715554,0.24334674
34010,0.11039917,0.17371467
34011,0.6901174,0.8943439
34012,0.21545373,0.42542756
34013,0.019276556,0.047428977
34014,0.5499494,0.90225065
34015,0.024687756,0.050077304
34016,0.09879404,0.17658657
34017,0.04493897,0.30834424
34018,0.504847,0.29668954
34019,0.2902957,0.59035707
34020,0.084846355,0.68987143
34021,0.12485934,0.23082422
34022,0.45327753,0.8869486
34023,0.4104737,0.8915243
34024,0.049245413,0.08744771
34025,0.062083904,0.3152664
34026,0.070312016,0.7673176
34027,0.13303387,0.21830256
34028,0.22227526,0.4451871
34029,0.11062091,0.879201
34030,0.08284981,0.54440224
34031,0.035997234,0.7365723
34032,0.63807404,0.8699499
34033,0.8223789,0.83245075
34034,0.111846626,0.270202
34035,0.31136575,0.9167548
34036,0.42522967,0.70229864
34037,0.2770635,0.8132009
34038,0.04129293,0.09027585
34039,0.201427,0.7822359
34040,0.16479997,0.3714744
34041,0.20607102,0.58237827
34042,0.7405235,0.9778862
34043,0.6896064,0.865933
34044,0.04259145,0.1326886
34045,0.033421926,0.07617297
34046,0.0375101,0.08565156
34047,0.3344186,0.80173403
34048,0.205883,0.6212759
34049,0.04868757,0.07198221
34050,0.32166764,0.2639543
34051,0.17708781,0.13468929
34052,0.091777846,0.24543853
34053,0.1564566,0.29023105
34054,0.35477084,0.089585364
34055,0.07663832,0.2846102
34056,0.1384444,0.9604174
34057,0.6277599,0.6965574
34058,0.06350058,0.22091141
34059,0.7556309,0.7049109
34060,0.2133498,0.6939175
34061,0.42103586,0.43596834
34062,0.073476575,0.75750965
34063,0.63022506,0.46680313
34064,0.28089118,0.80928385
34065,0.09409808,0.1986141
34066,0.1467036,0.46305785
34067,0.6686082,0.6150094
34068,0.01936622,0.039982982
34069,0.059717767,0.07570664
34070,0.060219314,0.13183339
34071,0.12403794,0.9586533
34072,0.3381107,0.33506703
34073,0.7791813,0.08664441
34074,0.07679182,0.9305392
34075,0.1522211,0.7808269
34076,0.09637829,0.17439976
34077,0.77424526,0.9537598
34078,0.020599246,0.048159335
34079,0.27053866,0.5084096
34080,0.1177257,0.14352979
34081,0.361407,0.6877286
34082,0.19423683,0.08554526
34083,0.09141291,0.41999045
34084,0.055399403,0.29226324
34085,0.07064937,0.90727663
34086,0.069906846,0.1956723
34087,0.48618528,0.58068794
34088,0.031458136,0.09252933
34089,0.3079398,0.38852185
34090,0.39271694,0.13952483
34091,0.07266813,0.5466868
34092,0.14999026,0.13649245
34093,0.14880492,0.4221399
34094,0.37720805,0.52001035
34095,0.068558745,0.15612037
34096,0.12317512,0.03843661
34097,0.106023565,0.81434274
34098,0.054799072,0.077792846
34099,0.1070788,0.18435195
34100,0.4760141,0.33131793
34101,0.04214392,0.1630235
34102,0.053649455,0.10822855
34103,0.03357946,0.08011607
34104,0.044560444,0.050520554
34105,0.027371543,0.75226486
34106,0.20867267,0.3971796
34107,0.38201973,0.7425734
34108,0.09579353,0.12732382
34109,0.09848892,0.21061791
34110,0.04871726,0.048974503
34111,0.032865103,0.022525331
34112,0.22427376,0.2782419
34113,0.4784586,0.5703619
34114,0.029334102,0.04395698
34115,0.5723258,0.5139723
34116,0.5690679,0.4865028
34117,0.19040093,0.40217477
34118,0.13180278,0.17331003
34119,0.092961,0.08514834
34120,0.014498251,0.051593993
34121,0.081420615,0.37919912
34122,0.7192238,0.8648695
34123,0.06447148,0.10211763
34124,0.49387285,0.8094602
34125,0.041767955,0.06273475
34126,0.15451804,0.23675855
34127,0.073473684,0.71526235
34128,0.23539338,0.3737397
34129,0.19717358,0.5608913
34130,0.4770211,0.73688036
34131,0.054674312,0.9674721
34132,0.079480335,0.14799714
34133,0.035609275,0.46568173
34134,0.32611743,0.8472917
34135,0.371062,0.79609495
34136,0.07498125,0.29584357
34137,0.4943663,0.46857145
34138,0.77637875,0.66196734
34139,0.083215736,0.5814718
34140,0.22215137,0.4741492
34141,0.47249424,0.6701653
34142,0.3103262,0.50324386
34143,0.10670763,0.46067238
34144,0.8182773,0.87421066
34145,0.51725394,0.47042325
34146,0.8382035,0.7641485
34147,0.08158774,0.02488097
34148,0.34291613,0.7278678
34149,0.092330515,0.712676
34150,0.124269046,0.91327727
34151,0.095777296,0.30537248
34152,0.07267962,0.8534294
34153,0.13955197,0.87468094
34154,0.069482125,0.16702072
34155,0.039033033,0.13875718
34156,0.05691275,0.21275209
34157,0.11440814,0.15461612
34158,0.1274373,0.7926879
34159,0.30022904,0.7867872
34160,0.12550986,0.12756395
34161,0.26468033,0.47838128
34162,0.08439331,0.28614518
34163,0.100740895,0.6035374
34164,0.06393901,0.13733603
34165,0.15440449,0.90034914
34166,0.6514671,0.6414471
34167,0.43504694,0.65081865
34168,0.19461332,0.20945163
34169,0.09489145,0.15459554
34170,0.61522067,0.79279745
34171,0.066696666,0.16888833
34172,0.047203638,0.18276018
34173,0.024641763,0.10634518
34174,0.03518343,0.24694346
34175,0.4159889,0.3114294
34176,0.21747532,0.14729376
34177,0.073709294,0.51083314
34178,0.09032622,0.10511111
34179,0.1760291,0.48028263
34180,0.050829105,0.051863544
34181,0.14907676,0.7001561
34182,0.19017152,0.3790156
34183,0.011752921,0.043368753
34184,0.17626823,0.5263359
34185,0.081122205,0.38758874
34186,0.091548786,0.2416683
34187,0.12735337,0.87387526
34188,0.1714875,0.36729017
34189,0.09800391,0.93809515
34190,0.1875233,0.33366406
34191,0.5145063,0.8034155
34192,0.398552,0.9094347
34193,0.10347067,0.7581963
34194,0.06396936,0.03917165
34195,0.8769112,0.92133623
34196,0.03641887,0.037216015
34197,0.788375,0.6484312
34198,0.12421814,0.51559305
34199,0.087394014,0.95187014
34200,0.14613171,0.41065776
34201,0.10243779,0.8849156
34202,0.06511595,0.83309644
34203,0.048964694,0.29676956
34204,0.109268405,0.8785432
34205,0.60163116,0.8481777
34206,0.09251293,0.38057938
34207,0.07654194,0.12827578
34208,0.10148289,0.2733061
34209,0.22264609,0.33609477
34210,0.6065463,0.8274214
34211,0.39038447,0.22201113
34212,0.05670052,0.23396549
34213,0.18450177,0.663084
34214,0.5266093,0.85917014
34215,0.08375824,0.12205395
34216,0.16736469,0.96439505
34217,0.12591428,0.8049264
34218,0.107355155,0.75602484
34219,0.17357966,0.44238597
34220,0.2544073,0.9041675
34221,0.43463773,0.94539434
34222,0.7767814,0.34640858
34223,0.12060262,0.9101866
34224,0.1910685,0.7341464
34225,0.1423159,0.8398421
34226,0.021239476,0.061322365
34227,0.018434277,0.0498648
34228,0.01641155,0.036163107
34229,0.13689771,0.7635392
34230,0.053306002,0.37667006
34231,0.14141846,0.5368668
34232,0.049569026,0.9593233
34233,0.08373195,0.1107524
34234,0.6335822,0.8273055
34235,0.48025686,0.45374003
34236,0.055581793,0.16795284
34237,0.18110931,0.18139368
34238,0.049925458,0.25592217
34239,0.13209434,0.5810395
34240,0.04584202,0.0340731
34241,0.20689821,0.5884028
34242,0.1425423,0.14895551
34243,0.043020748,0.1043639
34244,0.47201717,0.74426633
34245,0.7755053,0.89438456
34246,0.20539705,0.83250785
34247,0.09744939,0.09548114
34248,0.104372144,0.9146615
34249,0.071962036,0.051542126
34250,0.36624238,0.57131463
34251,0.12926169,0.14909701
34252,0.7030379,0.8354331
34253,0.054357473,0.0802378
34254,0.37612557,0.6770381
34255,0.076385036,0.21416326
34256,0.22598504,0.32926974
34257,0.12608829,0.27594072
34258,0.041586667,0.19962667
34259,0.029751297,0.053115435
34260,0.10176893,0.15411177
34261,0.035685416,0.067754745
34262,0.7888903,0.88142556
34263,0.2141363,0.06549213
34264,0.12689643,0.14695407
34265,0.05694694,0.034885567
34266,0.43139386,0.7279549
34267,0.9353352,0.94507176
34268,0.043213744,0.0799476
34269,0.03932663,0.11256289
34270,0.15786633,0.38835067
34271,0.052620582,0.4110935
34272,0.116116695,0.03559984
34273,0.3037056,0.6963179
34274,0.096345365,0.28373435
34275,0.7711381,0.78907675
34276,0.4533944,0.7448566
34277,0.45373416,0.7939515
34278,0.32563475,0.29685342
34279,0.08492811,0.12642749
34280,0.04502076,0.02569288
34281,0.25923803,0.3222406
34282,0.2996864,0.6666875
34283,0.50038034,0.83751667
34284,0.071279675,0.50415975
34285,0.025695411,0.103266396
34286,0.12745342,0.4570988
34287,0.14438824,0.23307526
34288,0.53453606,0.7767714
34289,0.07957475,0.18890938
34290,0.70464665,0.84932053
34291,0.12960859,0.6761956
34292,0.1093067,0.22943445
34293,0.23742113,0.34466124
34294,0.03279083,0.1674334
34295,0.22338742,0.3059157
34296,0.10518673,0.32309878
34297,0.6450373,0.8370542
34298,0.106874995,0.5121965
34299,0.04381668,0.021668632
34300,0.2306046,0.06591872
34301,0.44237965,0.57009953
34302,0.12261577,0.6037068
34303,0.10554329,0.5212813
34304,0.07089183,0.06571665
34305,0.08251914,0.08152702
34306,0.07261135,0.36095813
34307,0.108421735,0.11841618
34308,0.028694589,0.122314036
34309,0.089167394,0.10154007
34310,0.05835128,0.094520934
34311,0.05711854,0.1851285
34312,0.069327995,0.15852042
34313,0.5872415,0.6995109
34314,0.08362652,0.11876401
34315,0.11292068,0.20764823
34316,0.7180528,0.84913105
34317,0.044767883,0.906441
34318,0.24494827,0.8420034
34319,0.23924595,0.60353035
34320,0.1195799,0.7236372
34321,0.4655708,0.8002795
34322,0.17712125,0.3653886
34323,0.090755716,0.18864933
34324,0.5595919,0.613471
34325,0.07064163,0.3386834
34326,0.13331635,0.17933866
34327,0.751545,0.92522234
34328,0.069988705,0.22566512
34329,0.23136581,0.7456885
34330,0.6736668,0.83553255
34331,0.44832772,0.050939888
34332,0.49133962,0.21814704
34333,0.06345705,0.27232352
34334,0.4592751,0.34635353
34335,0.034016404,0.023708856
34336,0.054762296,0.09158381
34337,0.36236125,0.20272784
34338,0.67140746,0.9349376
34339,0.042227644,0.1056088
34340,0.096768916,0.67860585
34341,0.16853622,0.4177743
34342,0.27413848,0.6258911
34343,0.10360852,0.11151276
34344,0.25244695,0.7935698
34345,0.060048856,0.05698852
34346,0.06733841,0.053079925
34347,0.21690087,0.34876612
34348,0.061998982,0.866693
34349,0.67598736,0.8786611
34350,0.21281096,0.28050587
34351,0.10863716,0.09980948
34352,0.24917743,0.29612675
34353,0.06463146,0.06683439
34354,0.3490802,0.27120993
34355,0.39152625,0.56662196
34356,0.62015146,0.4234403
34357,0.4395156,0.89546084
34358,0.12778938,0.7359478
34359,0.055365205,0.065711394
34360,0.09431767,0.8086717
34361,0.07268013,0.58646774
34362,0.0826309,0.18016198
34363,0.61552715,0.86450213
34364,0.21102816,0.70217943
34365,0.574142,0.72016406
34366,0.08024397,0.7870056
34367,0.12616888,0.06642046
34368,0.06037135,0.2787434
34369,0.10750407,0.7379602
34370,0.060410738,0.2563487
34371,0.071134865,0.53568965
34372,0.020106299,0.09143767
34373,0.1301887,0.21260367
34374,0.07279346,0.78544164
34375,0.067276925,0.42119074
34376,0.18580888,0.5296229
34377,0.17301853,0.46516243
34378,0.05331854,0.9535479
34379,0.197836,0.68029165
34380,0.07638712,0.37589094
34381,0.10374162,0.71213603
34382,0.33957392,0.8200463
34383,0.070259936,0.25455356
34384,0.3533932,0.84492105
34385,0.1017746,0.909267
34386,0.30536717,0.81515723
34387,0.038356386,0.09808224
34388,0.37546793,0.6280857
34389,0.51377225,0.71422684
34390,0.48874032,0.92379874
34391,0.115103014,0.3041452
34392,0.087757334,0.0965455
34393,0.056048177,0.53327876
34394,0.017696908,0.055693977
34395,0.18847117,0.15329483
34396,0.098590136,0.3736306
34397,0.08447301,0.06194004
34398,0.4673315,0.4719968
34399,0.052519053,0.2149041
34400,0.9070827,0.89892787
34401,0.290669,0.18909045
34402,0.059547324,0.09150844
34403,0.07343145,0.37538317
34404,0.037442055,0.8468673
34405,0.08748187,0.13610415
34406,0.7733678,0.8649049
34407,0.5148967,0.42428163
34408,0.092867404,0.2933562
34409,0.03228211,0.3689906
34410,0.12220913,0.76465994
34411,0.08907818,0.08604359
34412,0.25114885,0.34186238
34413,0.017927274,0.0520456
34414,0.8470522,0.93461823
34415,0.10417694,0.24081247
34416,0.1267024,0.15259412
34417,0.06618277,0.6423236
34418,0.123224795,0.5484181
34419,0.08213567,0.3429365
34420,0.06075913,0.09851876
34421,0.19128925,0.5095424
34422,0.06750172,0.08497269
34423,0.124363385,0.24295111
34424,0.06464089,0.936599
34425,0.057239756,0.044880968
34426,0.045052115,0.02828064
34427,0.82043964,0.85748655
34428,0.060485087,0.3278659
34429,0.08678063,0.2561707
34430,0.520661,0.4776311
34431,0.058716897,0.7024774
34432,0.031093348,0.12905206
34433,0.5134108,0.71603
34434,0.8457104,0.8615082
34435,0.5442787,0.80989367
34436,0.23486422,0.82429403
34437,0.039654333,0.029513596
34438,0.11680141,0.5207959
34439,0.037535146,0.07237736
34440,0.11981042,0.35287234
34441,0.0818166,0.12151038
34442,0.09671029,0.51836723
34443,0.056151554,0.1243634
34444,0.08451703,0.26914054
34445,0.023346394,0.029376922
34446,0.036391646,0.023200307
34447,0.16042446,0.6498223
34448,0.11663111,0.05219898
34449,0.057923913,0.2884894
34450,0.45592886,0.74275196
34451,0.12260027,0.22383866
34452,0.64943755,0.73605967
34453,0.1477093,0.7304476
34454,0.13726257,0.45756876
34455,0.3600298,0.27451614
34456,0.051919837,0.42346466
34457,0.42876065,0.7823679
34458,0.051286988,0.4145717
34459,0.17727122,0.45153454
34460,0.5147564,0.2917194
34461,0.23654643,0.13697173
34462,0.07097981,0.12633778
34463,0.4667946,0.69656724
34464,0.024483884,0.10801287
34465,0.026897423,0.074576885
34466,0.028602097,0.058913272
34467,0.5406478,0.9185998
34468,0.59980255,0.7740965
34469,0.20629568,0.30259028
34470,0.6205362,0.8708324
34471,0.057507865,0.062787555
34472,0.74092263,0.9219837
34473,0.0747038,0.27578223
34474,0.020737236,0.6068682
34475,0.088160925,0.14327244
34476,0.25209367,0.880468
34477,0.26400462,0.3171226
34478,0.10589347,0.6215914
34479,0.031586874,0.026068341
34480,0.06643342,0.19061573
34481,0.26554954,0.7983329
34482,0.23478054,0.68234587
34483,0.54815245,0.68989587
34484,0.058325015,0.15097831
34485,0.154817,0.45701334
34486,0.122709095,0.25500423
34487,0.051129054,0.07063639
34488,0.073466994,0.7608141
34489,0.06024043,0.098137945
34490,0.12955633,0.7771691
34491,0.08110425,0.672386
34492,0.09629919,0.11218765
34493,0.030497266,0.49078798
34494,0.47585046,0.6059351
34495,0.088228606,0.4442942
34496,0.3609157,0.26657623
34497,0.48179355,0.79230285
34498,0.06945775,0.11131361
34499,0.14138974,0.5709862
34500,0.064563565,0.55399597
34501,0.4039178,0.7916307
34502,0.056359,0.11231026
34503,0.2395114,0.23440716
34504,0.135108,0.20700213
34505,0.058031682,0.06160862
34506,0.04798502,0.073895715
34507,0.027669929,0.034201507
34508,0.13909686,0.87518317
34509,0.5285772,0.50870675
34510,0.030224418,0.68699396
34511,0.078718305,0.08971175
34512,0.0353162,0.44781664
34513,0.3004903,0.92573357
34514,0.041148297,0.72425216
34515,0.117751986,0.12496356
34516,0.23139957,0.6589468
34517,0.2842369,0.25923648
34518,0.04146794,0.2306219
34519,0.045508176,0.24015318
34520,0.13968746,0.3589267
34521,0.1038153,0.75313884
34522,0.55683994,0.74063915
34523,0.08625421,0.18119651
34524,0.38177553,0.9452756
34525,0.045525756,0.051729456
34526,0.40486485,0.061242938
34527,0.041615915,0.104749426
34528,0.24565998,0.042216584
34529,0.4754432,0.7727485
34530,0.14315905,0.39542767
34531,0.067529604,0.27579892
34532,0.08419801,0.07087652
34533,0.09309146,0.9092835
34534,0.053333122,0.16890143
34535,0.071440026,0.2826242
34536,0.10840515,0.7125656
34537,0.028184852,0.13098161
34538,0.37853208,0.57900006
34539,0.07884211,0.20052963
34540,0.032619096,0.7902453
34541,0.29187718,0.7230572
34542,0.62231165,0.46246877
34543,0.08498683,0.31874254
34544,0.050330576,0.16293667
34545,0.51678306,0.85046077
34546,0.31923065,0.37040207
34547,0.15769438,0.82125455
34548,0.09196355,0.39935362
34549,0.060809534,0.18758754
34550,0.05863307,0.3334259
34551,0.43662128,0.7081957
34552,0.097930185,0.04120486
34553,0.78147614,0.7911351
34554,0.17013282,0.1906224
34555,0.06535277,0.2983616
34556,0.051830634,0.5327057
34557,0.4701126,0.75747603
34558,0.26436737,0.8031822
34559,0.023601519,0.027162226
34560,0.13994476,0.22912908
34561,0.09794942,0.13587733
34562,0.05003554,0.06874637
34563,0.06664412,0.2536914
34564,0.15801355,0.86551577
34565,0.48592213,0.47247764
34566,0.08624479,0.9233851
34567,0.24725778,0.11472492
34568,0.106487885,0.08171755
34569,0.12635723,0.73651284
34570,0.3247164,0.70413935
34571,0.74202025,0.91070545
34572,0.22383904,0.528136
34573,0.041055515,0.15329145
34574,0.07234929,0.185446
34575,0.2915473,0.60242134
34576,0.31349483,0.1930705
34577,0.31755456,0.9828163
34578,0.49730098,0.9068491
34579,0.15841293,0.21309207
34580,0.0706891,0.10557396
34581,0.031787902,0.035175353
34582,0.17490701,0.23044284
34583,0.106565155,0.92800343
34584,0.1434604,0.49610272
34585,0.1425922,0.1378216
34586,0.021309925,0.02959978
34587,0.39166313,0.7168577
34588,0.35300088,0.6791241
34589,0.6990606,0.9007489
34590,0.7744993,0.8397707
34591,0.06219556,0.05947216
34592,0.1696686,0.91773164
34593,0.39068395,0.23281068
34594,0.10514481,0.10667454
34595,0.15184963,0.19018912
34596,0.6993033,0.59624803
34597,0.21677299,0.32132813
34598,0.063254066,0.11771032
34599,0.63869613,0.80395746
34600,0.75723886,0.7012865
34601,0.24737206,0.36942655
34602,0.10059992,0.19812521
34603,0.07640669,0.09662816
34604,0.09239044,0.41822067
34605,0.21790537,0.594578
34606,0.08769695,0.09709608
34607,0.20420754,0.831657
34608,0.51750684,0.7951917
34609,0.044496078,0.26873082
34610,0.030324265,0.04726252
34611,0.062110733,0.09069871
34612,0.07964664,0.10050523
34613,0.09343737,0.086325094
34614,0.50778955,0.8344264
34615,0.051583614,0.13367763
34616,0.3152516,0.69679713
34617,0.026845198,0.010430257
34618,0.19275357,0.6246829
34619,0.108616196,0.12886286
34620,0.3095679,0.5074877
34621,0.20078051,0.67744297
34622,0.11008304,0.1752804
34623,0.9464622,0.9715936
34624,0.4291573,0.4681793
34625,0.8322011,0.863986
34626,0.5901069,0.7022174
34627,0.03751352,0.028758071
34628,0.15225865,0.76258653
34629,0.040998727,0.027992629
34630,0.10591002,0.11931883
34631,0.046235546,0.85349977
34632,0.036709502,0.07399616
34633,0.32337898,0.41583464
34634,0.11151276,0.40995213
34635,0.06284499,0.1512401
34636,0.75095385,0.66791594
34637,0.07580487,0.15407914
34638,0.49766186,0.7545738
34639,0.10317532,0.06584853
34640,0.0631374,0.44637227
34641,0.12060552,0.08097192
34642,0.03859804,0.7200583
34643,0.8365961,0.93210196
34644,0.23300798,0.54109466
34645,0.07058981,0.16679865
34646,0.1526786,0.32389346
34647,0.85117406,0.5807901
34648,0.084054984,0.16504383
34649,0.07471942,0.13772643
34650,0.61796933,0.53351295
34651,0.60191125,0.5270405
34652,0.121395305,0.30162343
34653,0.69948834,0.8075637
34654,0.36596566,0.79557085
34655,0.15243989,0.22762576
34656,0.11341178,0.23178068
34657,0.33116496,0.895119
34658,0.17419252,0.55691546
34659,0.14712283,0.22936675
34660,0.0865014,0.7668678
34661,0.049239688,0.2933541
34662,0.165903,0.54923445
34663,0.3859251,0.5935113
34664,0.2542156,0.87341404
34665,0.09756932,0.2689416
34666,0.0558023,0.1657943
34667,0.046181936,0.102887094
34668,0.12586294,0.8147257
34669,0.15667802,0.34792897
34670,0.8755425,0.8619244
34671,0.05684517,0.9009613
34672,0.13222083,0.50473684
34673,0.4973156,0.6547272
34674,0.060150143,0.075957924
34675,0.68889076,0.83061296
34676,0.5384513,0.6939503
34677,0.19676821,0.22480907
34678,0.082750656,0.9584102
34679,0.4325962,0.55908644
34680,0.27606946,0.865337
34681,0.02686851,0.010849037
34682,0.6593463,0.5913573
34683,0.51265275,0.71421146
34684,0.04641464,0.051931955
34685,0.16784228,0.40010902
34686,0.06214381,0.42443612
34687,0.32522497,0.61609024
34688,0.054593578,0.50453997
34689,0.62976205,0.4817508
34690,0.7041036,0.54322356
34691,0.07040783,0.42778337
34692,0.68704385,0.8548964
34693,0.08688234,0.057937242
34694,0.07330792,0.41098225
34695,0.06836595,0.20652786
34696,0.08518769,0.86904424
34697,0.07751593,0.121381424
34698,0.4749144,0.29748636
34699,0.01948358,0.2504083
34700,0.1742958,0.26970625
34701,0.043044746,0.20328996
34702,0.12657422,0.13900264
34703,0.022608628,0.021687647
34704,0.0849956,0.75751895
34705,0.24995697,0.955299
34706,0.28454503,0.7494423
34707,0.033580437,0.08697895
34708,0.06832939,0.27904934
34709,0.0526556,0.09359546
34710,0.05578469,0.03945786
34711,0.81073403,0.87018883
34712,0.53280514,0.764835
34713,0.040560886,0.12123725
34714,0.17572503,0.11434404
34715,0.040997885,0.255353
34716,0.29605007,0.7468932
34717,0.050092075,0.43345842
34718,0.10522829,0.21425286
34719,0.09961331,0.4716284
34720,0.18603282,0.51569587
34721,0.037497707,0.08985437
34722,0.118581355,0.09330082
34723,0.11198935,0.07125356
34724,0.76863855,0.70316136
34725,0.46629345,0.8611144
34726,0.06664956,0.09422541
34727,0.05926785,0.88395077
34728,0.093593284,0.75937915
34729,0.72804505,0.87932277
34730,0.09496556,0.13662682
34731,0.063172124,0.07457084
34732,0.09128523,0.1453912
34733,0.15035565,0.88005245
34734,0.19812442,0.716498
34735,0.11574652,0.9244558
34736,0.041008696,0.93470824
34737,0.06104454,0.18154861
34738,0.031723626,0.05873995
34739,0.020238828,0.041251153
34740,0.052503493,0.4813828
34741,0.040689565,0.141339
34742,0.075243376,0.7042974
34743,0.07734273,0.14745317
34744,0.09703385,0.27506948
34745,0.018727554,0.2396054
34746,0.057800468,0.2779925
34747,0.16480242,0.17852253
34748,0.63487446,0.7514701
34749,0.079474315,0.15317993
34750,0.07207356,0.638554
34751,0.5547506,0.6834213
34752,0.52209675,0.9024947
34753,0.5616742,0.890394
34754,0.06048326,0.22379069
34755,0.7574624,0.93471444
34756,0.51224905,0.60405433
34757,0.09770489,0.538852
34758,0.20741008,0.4798065
34759,0.11798453,0.3701633
34760,0.6036204,0.4647282
34761,0.0212233,0.046138518
34762,0.3900818,0.8188423
34763,0.55708575,0.632393
34764,0.043118276,0.032266825
34765,0.19107272,0.2819903
34766,0.386104,0.93945205
34767,0.15918536,0.46912247
34768,0.64425033,0.6914624
34769,0.12220647,0.4099913
34770,0.10788282,0.41582957
34771,0.22134726,0.89087147
34772,0.30748478,0.3502853
34773,0.23667558,0.8135448
34774,0.54910225,0.8120082
34775,0.0748743,0.09313255
34776,0.18616298,0.11727936
34777,0.01817465,0.053445335
34778,0.43170276,0.7887298
34779,0.21753322,0.28767416
34780,0.14706066,0.21311554
34781,0.15651403,0.90526175
34782,0.045223676,0.043993697
34783,0.07440572,0.45295456
34784,0.0660966,0.13753444
34785,0.103275135,0.26929808
34786,0.77311724,0.73592395
34787,0.038301885,0.517524
34788,0.5273294,0.8633415
34789,0.042750474,0.7766743
34790,0.69448483,0.5959537
34791,0.03889802,0.11097797
34792,0.07991725,0.100249864
34793,0.6195169,0.37949914
34794,0.049630933,0.273852
34795,0.061708774,0.37701276
34796,0.11601654,0.9214085
34797,0.1822172,0.27869797
34798,0.41815987,0.91875166
34799,0.5424495,0.8418588
34800,0.060712203,0.4816704
34801,0.14932284,0.16446593
34802,0.2094742,0.12203645
34803,0.5357482,0.8155818
34804,0.47650152,0.6469476
34805,0.11610222,0.14643435
34806,0.2979255,0.72431517
34807,0.09752279,0.6806146
34808,0.39199096,0.2964565
34809,0.36390206,0.20405805
34810,0.50563717,0.47992405
34811,0.083621845,0.7996397
34812,0.26829636,0.40476823
34813,0.027798085,0.069288686
34814,0.034841396,0.21668041
34815,0.5773705,0.4150817
34816,0.09516213,0.19353013
34817,0.03426846,0.055671174
34818,0.0684382,0.54115397
34819,0.029837543,0.11323683
34820,0.107214816,0.21596572
34821,0.026543703,0.04062118
34822,0.09184712,0.22536553
34823,0.12237148,0.047676895
34824,0.08573522,0.090098366
34825,0.065601625,0.10161237
34826,0.030377733,0.079277314
34827,0.21422021,0.8432078
34828,0.058034014,0.07023082
34829,0.5161461,0.7619121
34830,0.49745467,0.68156594
34831,0.117105186,0.651394
34832,0.10946558,0.38788694
34833,0.052982286,0.09112204
34834,0.09886852,0.21022491
34835,0.082711644,0.7192454
34836,0.058807205,0.66381323
34837,0.18737751,0.25623602
34838,0.03879756,0.051810995
34839,0.123887956,0.62158614
34840,0.10208468,0.4313442
34841,0.1165745,0.09528892
34842,0.017864486,0.05166163
34843,0.089973316,0.15664636
34844,0.24699238,0.7932233
34845,0.046273317,0.08574071
34846,0.14035197,0.52621895
34847,0.6126325,0.9269208
34848,0.019530522,0.101194136
34849,0.32567838,0.9163805
34850,0.4544665,0.12284885
34851,0.19656378,0.27663872
34852,0.1443714,0.19845252
34853,0.09837641,0.18568718
34854,0.13844293,0.43708208
34855,0.21812797,0.57067347
34856,0.56766635,0.7610182
34857,0.023154575,0.007854306
34858,0.08292832,0.21625577
34859,0.112316936,0.3773711
34860,0.5749528,0.8371749
34861,0.08349421,0.42621434
34862,0.15813763,0.054532133
34863,0.03638826,0.039985694
34864,0.82380784,0.9353037
34865,0.7096141,0.92986906
34866,0.91131645,0.93243504
34867,0.11625056,0.04890165
34868,0.66722876,0.64663947
34869,0.1768062,0.55699456
34870,0.036765937,0.14807084
34871,0.016851889,0.1602143
34872,0.5481203,0.8935482
34873,0.10391757,0.1713173
34874,0.27887744,0.4760183
34875,0.42530984,0.57840717
34876,0.56579274,0.7511331
34877,0.20414862,0.74535257
34878,0.11663967,0.8630909
34879,0.058214586,0.18046276
34880,0.13287564,0.18256003
34881,0.64488024,0.88808995
34882,0.04873314,0.147542
34883,0.0455493,0.16813084
34884,0.07393239,0.16147119
34885,0.7405527,0.8877046
34886,0.43239883,0.8737084
34887,0.07854778,0.12124893
34888,0.5195962,0.9249026
34889,0.18184067,0.043295894
34890,0.053427212,0.056643788
34891,0.0427771,0.06428149
34892,0.84437704,0.9713576
34893,0.14916751,0.32682186
34894,0.047647025,0.11979467
34895,0.6376764,0.8520836
34896,0.02793053,0.5869522
34897,0.8026391,0.8804712
34898,0.09705932,0.85567707
34899,0.62252456,0.86702585
34900,0.067892455,0.1279413
34901,0.061493352,0.050765835
34902,0.03684729,0.13829336
34903,0.09033466,0.1384475
34904,0.055894118,0.026116563
34905,0.06106566,0.20449127
34906,0.11699812,0.555364
34907,0.05165738,0.106280774
34908,0.074186265,0.18501121
34909,0.11204832,0.12009337
34910,0.4819843,0.7534026
34911,0.8935674,0.39386377
34912,0.10225976,0.10745726
34913,0.16434239,0.19775419
34914,0.10483766,0.70419306
34915,0.059330102,0.12266925
34916,0.09260823,0.74482286
34917,0.3322172,0.94150424
34918,0.20779473,0.6360722
34919,0.33260232,0.44296747
34920,0.80067086,0.88057494
34921,0.36970037,0.5613239
34922,0.18017586,0.21756777
34923,0.061967272,0.41810456
34924,0.27298045,0.6042088
34925,0.029064802,0.04827282
34926,0.11194731,0.45425102
34927,0.12643178,0.9161102
34928,0.2094103,0.5721884
34929,0.09858321,0.67470187
34930,0.11813812,0.39229006
34931,0.08069991,0.6087701
34932,0.06177168,0.66269815
34933,0.31035104,0.34048927
34934,0.037989207,0.05648997
34935,0.38483047,0.8367865
34936,0.19098823,0.5381782
34937,0.03741176,0.02875351
34938,0.32480523,0.9427706
34939,0.07752691,0.30394003
34940,0.43410534,0.85034436
34941,0.037133187,0.050908785
34942,0.5465669,0.6773926
34943,0.08845252,0.4455361
34944,0.27305308,0.068917274
34945,0.22037308,0.14873645
34946,0.33587372,0.16510656
34947,0.11649163,0.19443081
34948,0.13837148,0.036299605
34949,0.1419668,0.1909569
34950,0.08213517,0.2636113
34951,0.14820005,0.33679554
34952,0.13970262,0.91869897
34953,0.372877,0.55041164
34954,0.54354244,0.9733051
34955,0.0478245,0.121263035
34956,0.7492488,0.86829305
34957,0.6501115,0.7381143
34958,0.16046688,0.6642286
34959,0.16080378,0.22554688
34960,0.07569496,0.73130727
34961,0.16133758,0.8518821
34962,0.473658,0.77020466
34963,0.083154,0.8262908
34964,0.036397547,0.03868511
34965,0.07886762,0.22286196
34966,0.047699142,0.14763133
34967,0.1767984,0.12198563
34968,0.3248099,0.37615415
34969,0.073960826,0.31328115
34970,0.10112513,0.21826851
34971,0.2562005,0.6305222
34972,0.08637848,0.4225313
34973,0.14033046,0.09732891
34974,0.5474476,0.68376374
34975,0.06551194,0.062658645
34976,0.041326106,0.21643883
34977,0.1369782,0.21644486
34978,0.16078016,0.5868508
34979,0.077500746,0.072123244
34980,0.81343555,0.7913736
34981,0.092279345,0.7625949
34982,0.72812456,0.83559865
34983,0.044538703,0.1881691
34984,0.47192127,0.76649743
34985,0.23528862,0.5619884
34986,0.7030664,0.40545171
34987,0.028514536,0.05101233
34988,0.19218615,0.34851226
34989,0.08137053,0.1630144
34990,0.076071575,0.7087565
34991,0.4486282,0.52181375
34992,0.14558916,0.95143455
34993,0.060025495,0.4921508
34994,0.3345145,0.8425681
34995,0.17741947,0.821269
34996,0.7971873,0.93708533
34997,0.39754364,0.24548991
34998,0.45166755,0.4875822
34999,0.11615549,0.46893042
35000,0.093669385,0.49647117
35001,0.028987126,0.23435853
35002,0.09876136,0.7255539
35003,0.1374224,0.3855391
35004,0.06482441,0.0695863
35005,0.082299545,0.38008288
35006,0.27950302,0.5868827
35007,0.039551076,0.20675097
35008,0.0968673,0.3506615
35009,0.059872914,0.7339526
35010,0.097853735,0.32876062
35011,0.16435347,0.3702505
35012,0.6793242,0.6410365
35013,0.06750333,0.36046737
35014,0.083750874,0.13525137
35015,0.26563606,0.31703344
35016,0.064771965,0.23734495
35017,0.7930858,0.9059669
35018,0.035562277,0.03509256
35019,0.10615703,0.746226
35020,0.72636503,0.8559423
35021,0.060876768,0.111785814
35022,0.027324906,0.12202005
35023,0.11006614,0.14475793
35024,0.25533485,0.14330092
35025,0.039404247,0.087156616
35026,0.07597086,0.19773725
35027,0.11757238,0.24181414
35028,0.51912236,0.9279783
35029,0.5855143,0.8441686
35030,0.29817054,0.34164974
35031,0.07200111,0.19527313
35032,0.17804661,0.63026404
35033,0.14144088,0.5939504
35034,0.09198823,0.4713329
35035,0.160697,0.7112415
35036,0.15515248,0.2904694
35037,0.07172724,0.33587757
35038,0.10177316,0.110453114
35039,0.6736638,0.7437331
35040,0.15547282,0.07915683
35041,0.20584646,0.19222
35042,0.10402107,0.20756729
35043,0.1399367,0.3324955
35044,0.06942869,0.1269871
35045,0.03350872,0.03364884
35046,0.6291077,0.81895864
35047,0.6069808,0.47645414
35048,0.09596839,0.421806
35049,0.24776581,0.5600007
35050,0.040884208,0.041840155
35051,0.16223228,0.24406381
35052,0.05975408,0.14597444
35053,0.06181277,0.84320873
35054,0.05372499,0.12005621
35055,0.2713566,0.49165893
35056,0.043521687,0.067671604
35057,0.040094398,0.06630373
35058,0.4687232,0.20674981
35059,0.120500274,0.10248731
35060,0.15700184,0.0572159
35061,0.113360986,0.15951772
35062,0.21852918,0.89501625
35063,0.043015726,0.04663922
35064,0.12583347,0.10063573
35065,0.7478945,0.88248
35066,0.05608387,0.19448
35067,0.032320753,0.09055056
35068,0.13130763,0.40437785
35069,0.099971764,0.24715437
35070,0.42503247,0.5981696
35071,0.2750388,0.3538645
35072,0.5191286,0.79771334
35073,0.355023,0.091043085
35074,0.5361505,0.26887703
35075,0.11278694,0.15957811
35076,0.1658415,0.3336382
35077,0.023518732,0.06580614
35078,0.36190888,0.3723774
35079,0.69025326,0.91443473
35080,0.16577376,0.5884445
35081,0.16654716,0.34976843
35082,0.027668107,0.033657074
35083,0.12822004,0.12728752
35084,0.7485175,0.9275128
35085,0.098763295,0.8336713
35086,0.09987136,0.15175241
35087,0.046401728,0.530912
35088,0.41608855,0.9443024
35089,0.107421495,0.11499352
35090,0.6033166,0.88451385
35091,0.07240024,0.09336906
35092,0.123284996,0.66811424
35093,0.054671366,0.09297505
35094,0.16776048,0.4396549
35095,0.35342604,0.46015286
35096,0.058264036,0.93376774
35097,0.72677714,0.9272255
35098,0.24243529,0.5349386
35099,0.046075843,0.103553325
35100,0.27027437,0.84083897
35101,0.110354654,0.52385616
35102,0.034276992,0.0622966
35103,0.094912775,0.04544304
35104,0.0898977,0.91259927
35105,0.19298597,0.4197416
35106,0.06925879,0.40212658
35107,0.10426827,0.6844056
35108,0.08156963,0.42074075
35109,0.3789373,0.12767126
35110,0.28824165,0.24245188
35111,0.6636601,0.8549888
35112,0.09209183,0.7110444
35113,0.10434124,0.19976419
35114,0.87286645,0.9437553
35115,0.05106648,0.5368084
35116,0.032770485,0.044395268
35117,0.12172809,0.17360075
35118,0.17254733,0.87321573
35119,0.028358214,0.17234913
35120,0.03496078,0.06174261
35121,0.5423307,0.7620152
35122,0.03135433,0.050880846
35123,0.27717397,0.5571539
35124,0.27372995,0.7942718
35125,0.045992218,0.36410654
35126,0.13718113,0.3682873
35127,0.075061895,0.32816988
35128,0.07150982,0.8449106
35129,0.18308939,0.72562474
35130,0.08175837,0.17203216
35131,0.05736217,0.29437807
35132,0.5876784,0.9009481
35133,0.11406036,0.06468841
35134,0.27991295,0.553608
35135,0.30454043,0.16034186
35136,0.5595441,0.82383627
35137,0.7156417,0.7279578
35138,0.06574447,0.06726277
35139,0.09760453,0.5300913
35140,0.17365114,0.54244554
35141,0.06607143,0.76039046
35142,0.016333891,0.15266342
35143,0.06042522,0.11639911
35144,0.12439607,0.2033468
35145,0.08359485,0.7799373
35146,0.16689043,0.5760075
35147,0.019065984,0.0560151
35148,0.085259676,0.115779534
35149,0.086031444,0.46716598
35150,0.18666962,0.2004387
35151,0.13369203,0.8089486
35152,0.052885808,0.18348509
35153,0.12782909,0.26391175
35154,0.69270253,0.86603475
35155,0.0310004,0.89327955
35156,0.41445854,0.10194091
35157,0.15098898,0.5768895
35158,0.60121506,0.78280544
35159,0.04438927,0.15297954
35160,0.06878609,0.9167998
35161,0.019332739,0.044129215
35162,0.4776994,0.75716907
35163,0.05371807,0.42462236
35164,0.23563288,0.17722368
35165,0.31126505,0.46073654
35166,0.057696838,0.083705544
35167,0.11032429,0.105977155
35168,0.12326778,0.14413458
35169,0.055704217,0.11314563
35170,0.13442108,0.39485064
35171,0.8173858,0.65467054
35172,0.096321136,0.3590487
35173,0.12513168,0.83356655
35174,0.044838224,0.17650409
35175,0.054118246,0.34620762
35176,0.12943645,0.5254363
35177,0.076857835,0.11497562
35178,0.0638395,0.0964557
35179,0.51615787,0.77343845
35180,0.177327,0.8590321
35181,0.033229157,0.38489345
35182,0.079234146,0.19644937
35183,0.45162633,0.6602734
35184,0.024386773,0.11845473
35185,0.10828855,0.15764153
35186,0.21828398,0.9111509
35187,0.540982,0.8834902
35188,0.69154716,0.6279577
35189,0.44043586,0.63454527
35190,0.08401296,0.06455904
35191,0.055632338,0.06877593
35192,0.07506905,0.41964912
35193,0.1677483,0.15140562
35194,0.052917045,0.040333476
35195,0.16702715,0.15574227
35196,0.3096519,0.42178437
35197,0.19851957,0.73203415
35198,0.15779187,0.45956293
35199,0.07959312,0.18633758
35200,0.17694126,0.8622087
35201,0.036479384,0.1054967
35202,0.07773352,0.90869206
35203,0.03805673,0.95893455
35204,0.08274555,0.37579826
35205,0.6148242,0.21607709
35206,0.120271556,0.5504169
35207,0.49417356,0.71090335
35208,0.24714522,0.22966704
35209,0.15225893,0.3943473
35210,0.41928202,0.90294516
35211,0.10517212,0.41478005
35212,0.663127,0.70536155
35213,0.058716293,0.11150662
35214,0.08995136,0.15069509
35215,0.026253436,0.047767937
35216,0.029474335,0.73957515
35217,0.1763664,0.46111622
35218,0.6938865,0.893205
35219,0.16663547,0.49610642
35220,0.052379128,0.085382424
35221,0.16082488,0.62928176
35222,0.04607277,0.096453294
35223,0.44207075,0.9361049
35224,0.037613183,0.061466128
35225,0.77109885,0.8727513
35226,0.04197215,0.09789207
35227,0.19005263,0.38874575
35228,0.14266062,0.14303115
35229,0.6206421,0.64352804
35230,0.06538899,0.12921403
35231,0.47304708,0.6884329
35232,0.18420152,0.2985116
35233,0.41640365,0.5784812
35234,0.06846705,0.031025749
35235,0.11059265,0.24209793
35236,0.047154207,0.025474563
35237,0.012004591,0.13714837
35238,0.64493644,0.9746798
35239,0.039181963,0.29998407
35240,0.084258676,0.8991596
35241,0.011565053,0.022415783
35242,0.039851554,0.047897678
35243,0.49196655,0.80224687
35244,0.24123801,0.32629585
35245,0.15220901,0.6450715
35246,0.08076074,0.19012415
35247,0.15121944,0.25054684
35248,0.46439293,0.3492503
35249,0.10956285,0.5074499
35250,0.1457902,0.20193557
35251,0.060059957,0.12973228
35252,0.041786492,0.1490083
35253,0.74479365,0.44798735
35254,0.1735591,0.5234764
35255,0.046830185,0.26472703
35256,0.07257067,0.2358008
35257,0.43319026,0.15782799
35258,0.14936832,0.11828095
35259,0.5796043,0.7712923
35260,0.7051298,0.91764945
35261,0.10606318,0.20154722
35262,0.3390813,0.30229077
35263,0.032690115,0.01862341
35264,0.35373753,0.5376684
35265,0.22151546,0.56437576
35266,0.77449965,0.9193777
35267,0.051821493,0.81525445
35268,0.34054843,0.1831076
35269,0.028777543,0.007926883
35270,0.6051709,0.27890468
35271,0.042740718,0.52231985
35272,0.8588193,0.93021005
35273,0.13654234,0.043756098
35274,0.388838,0.12532084
35275,0.058744986,0.07358658
35276,0.5343447,0.6486657
35277,0.13601021,0.95139825
35278,0.048990436,0.09096735
35279,0.36329302,0.43492553
35280,0.049983177,0.7002083
35281,0.047105018,0.042481955
35282,0.11399384,0.1905834
35283,0.3297323,0.26142722
35284,0.6105806,0.18764617
35285,0.09455132,0.34967452
35286,0.59474534,0.7767015
35287,0.18610303,0.43667608
35288,0.122208945,0.9155608
35289,0.018981587,0.032570325
35290,0.07018246,0.08948323
35291,0.10879178,0.7289581
35292,0.04349787,0.22576272
35293,0.02900466,0.02319513
35294,0.27928206,0.877393
35295,0.09232251,0.21132644
35296,0.034738664,0.10400374
35297,0.042723846,0.13746044
35298,0.2564526,0.16501684
35299,0.061133742,0.19375135
35300,0.050311945,0.40006006
35301,0.09988273,0.16096999
35302,0.08128003,0.29574305
35303,0.07927403,0.24084432
35304,0.33895043,0.9411194
35305,0.06044216,0.1474023
35306,0.041873198,0.024247691
35307,0.12060042,0.2675317
35308,0.07462144,0.7359869
35309,0.6860206,0.18241434
35310,0.03822012,0.66807353
35311,0.074787006,0.27472922
35312,0.06538707,0.15444331
35313,0.5410604,0.90188247
35314,0.18547842,0.21435064
35315,0.037327368,0.084246926
35316,0.38921314,0.6109068
35317,0.051405396,0.25512132
35318,0.10672809,0.11337533
35319,0.6734244,0.7476555
35320,0.09306964,0.7075928
35321,0.071823604,0.057063453
35322,0.046823554,0.059795715
35323,0.24154198,0.22000602
35324,0.83988184,0.94767106
35325,0.11328983,0.46587858
35326,0.85803014,0.9576567
35327,0.40534028,0.8567948
35328,0.21681516,0.1921193
35329,0.19309923,0.658314
35330,0.12697884,0.33549142
35331,0.053870127,0.033768162
35332,0.19067873,0.24031967
35333,0.49867138,0.68432766
35334,0.06320342,0.11930734
35335,0.04279117,0.36183304
35336,0.18861671,0.17687826
35337,0.48052567,0.54130256
35338,0.6017297,0.8379877
35339,0.037592676,0.057443168
35340,0.38916028,0.79255605
35341,0.048129804,0.04485614
35342,0.119294405,0.31395513
35343,0.044544354,0.17320783
35344,0.16697241,0.7208912
35345,0.020160964,0.082758166
35346,0.11240501,0.28633228
35347,0.096620746,0.7971037
35348,0.035163447,0.1990143
35349,0.6040709,0.45514184
35350,0.23436177,0.54478395
35351,0.015641138,0.8277285
35352,0.053199016,0.58793133
35353,0.035660345,0.039647724
35354,0.26548305,0.91979957
35355,0.04468052,0.049788427
35356,0.06219039,0.1632774
35357,0.035702832,0.75647277
35358,0.35682964,0.54221725
35359,0.58699465,0.7612196
35360,0.3050746,0.59631073
35361,0.22653392,0.13376066
35362,0.45065105,0.29012904
35363,0.56704795,0.6933692
35364,0.0854092,0.66175246
35365,0.17206357,0.89751947
35366,0.07667987,0.074204884
35367,0.05796706,0.17696832
35368,0.07739249,0.16822277
35369,0.1063055,0.7951019
35370,0.41413036,0.9418732
35371,0.11297564,0.15229166
35372,0.059972893,0.0847422
35373,0.23227264,0.30693796
35374,0.033154547,0.13520087
35375,0.05181635,0.7404486
35376,0.04909578,0.536489
35377,0.6041918,0.619887
35378,0.5866741,0.4543252
35379,0.072300516,0.9129354
35380,0.3899926,0.8973108
35381,0.1376959,0.34500727
35382,0.24708867,0.74956024
35383,0.047833636,0.26479286
35384,0.103763476,0.23411092
35385,0.112391226,0.35452196
35386,0.08188291,0.6388937
35387,0.030759007,0.112467535
35388,0.20104374,0.119885266
35389,0.05955087,0.12139123
35390,0.04219963,0.07864173
35391,0.042674553,0.05596696
35392,0.05705907,0.15590075
35393,0.17972143,0.13375197
35394,0.91813487,0.9680848
35395,0.24504775,0.31765336
35396,0.11375895,0.3100975
35397,0.056914374,0.14300148
35398,0.11930729,0.44066563
35399,0.058831464,0.89004743
35400,0.37361097,0.9574944
35401,0.6944383,0.7856348
35402,0.146784,0.57255036
35403,0.068672396,0.3223668
35404,0.24398181,0.24851023
35405,0.0657195,0.22157378
35406,0.042305674,0.038054638
35407,0.297569,0.7793081
35408,0.067191504,0.32657358
35409,0.62643814,0.9466615
35410,0.6581569,0.7036611
35411,0.13259934,0.40429184
35412,0.061321225,0.9366001
35413,0.052156832,0.10659315
35414,0.093474925,0.38148832
35415,0.01829082,0.6092288
35416,0.08387592,0.26378936
35417,0.021748591,0.08180254
35418,0.21585351,0.5093201
35419,0.06816224,0.5536103
35420,0.026409062,0.045325417
35421,0.012368311,0.028752564
35422,0.11632576,0.9313207
35423,0.20139001,0.1228849
35424,0.05388119,0.03792574
35425,0.070675544,0.13246989
35426,0.026134105,0.36162338
35427,0.055086296,0.15496561
35428,0.05103655,0.037366994
35429,0.12129704,0.77483445
35430,0.29414678,0.22485235
35431,0.45514044,0.7467466
35432,0.50665444,0.31868273
35433,0.81463414,0.3230748
35434,0.06773699,0.52688164
35435,0.122187875,0.90494907
35436,0.14290941,0.65692794
35437,0.03464827,0.5637027
35438,0.0866901,0.21482112
35439,0.05440161,0.32920974
35440,0.038774654,0.36892083
35441,0.12372416,0.8187437
35442,0.11256516,0.53338736
35443,0.066057116,0.20243339
35444,0.11527911,0.89735806
35445,0.2818163,0.9078866
35446,0.1350549,0.11579686
35447,0.09754559,0.3513825
35448,0.062753245,0.07020949
35449,0.835134,0.91566354
35450,0.18992846,0.6910543
35451,0.09207521,0.2790364
35452,0.023786023,0.12542488
35453,0.14135219,0.7427245
35454,0.032448538,0.09200089
35455,0.031137357,0.12531975
35456,0.10950702,0.7435475
35457,0.03075552,0.041221656
35458,0.082303286,0.25101015
35459,0.10649504,0.608539
35460,0.7947135,0.7176501
35461,0.079703055,0.40093783
35462,0.06789721,0.9411182
35463,0.539127,0.8520737
35464,0.26177153,0.713375
35465,0.09873401,0.7743329
35466,0.1139142,0.23373252
35467,0.10930122,0.9102154
35468,0.20074038,0.21226075
35469,0.34656504,0.6863849
35470,0.27552074,0.3928657
35471,0.03726762,0.06998885
35472,0.41799718,0.23598033
35473,0.048125587,0.2194117
35474,0.3540646,0.16639322
35475,0.41799843,0.8827681
35476,0.059931897,0.65749717
35477,0.039028525,0.17417945
35478,0.038761973,0.7869409
35479,0.017308665,0.032070976
35480,0.10734695,0.21022053
35481,0.86256397,0.9521075
35482,0.17062798,0.9686802
35483,0.08843806,0.06797435
35484,0.7433126,0.87942404
35485,0.20317511,0.22168405
35486,0.28302813,0.352088
35487,0.25468463,0.75182366
35488,0.016418396,0.055540334
35489,0.05606487,0.29243028
35490,0.3033977,0.64942384
35491,0.03941396,0.37989107
35492,0.037467934,0.07980176
35493,0.048073333,0.8627371
35494,0.022585517,0.1633089
35495,0.54529595,0.649541
35496,0.11590099,0.11139135
35497,0.022842806,0.04169981
35498,0.45074153,0.47505152
35499,0.032325197,0.092337534
35500,0.19174838,0.06773841
35501,0.38292634,0.16843694
35502,0.14074051,0.12496206
35503,0.6408119,0.82839096
35504,0.07427893,0.7528067
35505,0.071157485,0.13165754
35506,0.39467674,0.08648441
35507,0.7093067,0.951281
35508,0.14960125,0.38508505
35509,0.5635985,0.8307949
35510,0.22096674,0.19649728
35511,0.06751962,0.11504629
35512,0.09164512,0.91337454
35513,0.21081059,0.8621059
35514,0.072145365,0.3184596
35515,0.24502012,0.8226133
35516,0.4765032,0.54104555
35517,0.6063241,0.9324962
35518,0.4176606,0.20364378
35519,0.2113639,0.20721515
35520,0.27276802,0.7839149
35521,0.6159297,0.882544
35522,0.46504727,0.94385046
35523,0.42970926,0.4856379
35524,0.21190079,0.16945826
35525,0.044483017,0.084467635
35526,0.12405559,0.6221559
35527,0.40570632,0.34020713
35528,0.20051095,0.93217504
35529,0.7278227,0.872694
35530,0.09115116,0.8470793
35531,0.36599058,0.55594766
35532,0.1774099,0.7667934
35533,0.04928059,0.29054552
35534,0.06560336,0.17166415
35535,0.065569796,0.0691041
35536,0.8700859,0.94035167
35537,0.018479763,0.08640953
35538,0.83796424,0.86148095
35539,0.09669284,0.08670136
35540,0.33400723,0.49923953
35541,0.20156014,0.64463836
35542,0.17665328,0.16444229
35543,0.06939047,0.03737022
35544,0.47553453,0.6561648
35545,0.09345365,0.60903484
35546,0.2528337,0.18231036
35547,0.06098806,0.07228242
35548,0.08240348,0.71338487
35549,0.3109882,0.4306091
35550,0.2662766,0.7129003
35551,0.038200464,0.0710281
35552,0.06910371,0.8274304
35553,0.0803716,0.80690026
35554,0.50820243,0.6937571
35555,0.24644212,0.32533854
35556,0.03303976,0.020760464
35557,0.04381811,0.09480155
35558,0.035063427,0.029902458
35559,0.106984645,0.108033784
35560,0.49247277,0.26094896
35561,0.08319114,0.13342133
35562,0.07330627,0.29932258
35563,0.06677881,0.38886005
35564,0.048616283,0.069618195
35565,0.11491402,0.2645852
35566,0.10579252,0.65690124
35567,0.035536855,0.045072205
35568,0.46788785,0.6281552
35569,0.25694153,0.7762812
35570,0.16975446,0.36434427
35571,0.08419943,0.65963984
35572,0.10960636,0.59975916
35573,0.36001906,0.86109626
35574,0.047925424,0.10954189
35575,0.085320756,0.8913608
35576,0.05289904,0.13068435
35577,0.031445537,0.43740946
35578,0.076662585,0.2079836
35579,0.020973407,0.03539605
35580,0.11956618,0.3286408
35581,0.28673586,0.6660093
35582,0.6654214,0.97379726
35583,0.21250284,0.12316288
35584,0.08466846,0.65447307
35585,0.0974941,0.033771537
35586,0.7733847,0.9088333
35587,0.40621406,0.4124593
35588,0.04945149,0.49374413
35589,0.08384147,0.4914604
35590,0.17972393,0.28890345
35591,0.086901784,0.23151948
35592,0.058564942,0.2379355
35593,0.03453749,0.09139226
35594,0.1364385,0.55002373
35595,0.46769884,0.23971303
35596,0.42130488,0.4139475
35597,0.11858862,0.36681554
35598,0.077847525,0.11976141
35599,0.08716259,0.78165156
35600,0.19352236,0.5970912
35601,0.7904794,0.97471195
35602,0.47164828,0.25138223
35603,0.06611264,0.6792695
35604,0.662039,0.81876445
35605,0.109421164,0.7740084
35606,0.039310392,0.8052408
35607,0.0739563,0.11316084
35608,0.6826167,0.8265442
35609,0.13858095,0.8454242
35610,0.12621202,0.5863689
35611,0.14398114,0.42536354
35612,0.11587481,0.3625755
35613,0.10804424,0.22791311
35614,0.1982687,0.8466483
35615,0.20990159,0.33694494
35616,0.59334207,0.4709064
35617,0.10317567,0.060946655
35618,0.17946577,0.7064448
35619,0.26681283,0.4766251
35620,0.39460576,0.49611935
35621,0.09015788,0.50114644
35622,0.5072906,0.7324477
35623,0.17671232,0.32105032
35624,0.3843893,0.46234998
35625,0.16926502,0.65650666
35626,0.10163055,0.6601182
35627,0.15609261,0.84690946
35628,0.20661943,0.19668195
35629,0.08544791,0.5762864
35630,0.015693018,0.019393051
35631,0.0111060655,0.035500795
35632,0.101637356,0.30818337
35633,0.06082523,0.10547899
35634,0.039303802,0.03343134
35635,0.78737915,0.8871692
35636,0.3054084,0.7958645
35637,0.18564355,0.38279724
35638,0.034283943,0.16522568
35639,0.8323254,0.83158755
35640,0.05986455,0.15100953
35641,0.11158225,0.13854614
35642,0.12859397,0.14247736
35643,0.55765605,0.69816506
35644,0.026836049,0.014527365
35645,0.800664,0.7831297
35646,0.088437505,0.18655202
35647,0.20491387,0.2884842
35648,0.20295443,0.82963383
35649,0.054923847,0.2603892
35650,0.10064652,0.9333761
35651,0.331216,0.10375885
35652,0.5818354,0.78583384
35653,0.8779999,0.95836496
35654,0.039406665,0.2312809
35655,0.01971964,0.3491684
35656,0.11583582,0.22073445
35657,0.14834882,0.7971984
35658,0.07769986,0.31981328
35659,0.045190506,0.26669917
35660,0.4591532,0.61084014
35661,0.022614488,0.018460644
35662,0.1868874,0.13354138
35663,0.044971295,0.03153946
35664,0.5414369,0.8587425
35665,0.059299204,0.29576576
35666,0.06904102,0.13079008
35667,0.13986532,0.68387
35668,0.023508865,0.055259474
35669,0.6795572,0.9554976
35670,0.12428875,0.42914948
35671,0.09515856,0.8271038
35672,0.29953206,0.53581655
35673,0.012497036,0.08535249
35674,0.08076175,0.94205236
35675,0.4031768,0.3144769
35676,0.30427283,0.719758
35677,0.31216896,0.17696679
35678,0.058286544,0.24112567
35679,0.28155226,0.16037905
35680,0.043902524,0.041766714
35681,0.6150832,0.84051824
35682,0.05791865,0.08874538
35683,0.11283476,0.2904604
35684,0.14938271,0.42536062
35685,0.046946734,0.05612434
35686,0.2033007,0.42994866
35687,0.16806991,0.17065905
35688,0.09505275,0.11491967
35689,0.046080958,0.105724774
35690,0.06940312,0.086537786
35691,0.5090239,0.8283774
35692,0.072307974,0.069499396
35693,0.6141044,0.57855386
35694,0.8744116,0.9600673
35695,0.8093238,0.880059
35696,0.050111525,0.38982454
35697,0.123286806,0.7784494
35698,0.060142275,0.27430424
35699,0.04186566,0.04435706
35700,0.07660263,0.08298707
35701,0.039421126,0.09832249
35702,0.028726643,0.03248609
35703,0.08181011,0.14620413
35704,0.7564317,0.9625669
35705,0.05126108,0.42788252
35706,0.12194683,0.24906418
35707,0.09955828,0.9750093
35708,0.7898315,0.8035255
35709,0.014906966,0.029180102
35710,0.113553025,0.07108494
35711,0.081098445,0.945458
35712,0.027475385,0.07443575
35713,0.0890747,0.069112696
35714,0.23112796,0.94902766
35715,0.47185394,0.67197645
35716,0.07819405,0.08330887
35717,0.02195412,0.18716696
35718,0.22617173,0.23940004
35719,0.03242929,0.118204415
35720,0.098916,0.7759437
35721,0.06486078,0.20239766
35722,0.0941152,0.04944704
35723,0.49149704,0.95077854
35724,0.035600223,0.16094339
35725,0.090184934,0.059857976
35726,0.18538281,0.37696713
35727,0.12143806,0.426795
35728,0.090904415,0.08875558
35729,0.0711162,0.8205844
35730,0.044979516,0.22085671
35731,0.090300836,0.8825207
35732,0.04171048,0.11466755
35733,0.18396002,0.75191426
35734,0.8145914,0.97447056
35735,0.0598575,0.08931605
35736,0.15446834,0.17171018
35737,0.46391246,0.6707736
35738,0.025275592,0.08685167
35739,0.050174873,0.8083995
35740,0.05850047,0.6149877
35741,0.14623554,0.12686844
35742,0.2064289,0.8284294
35743,0.08541401,0.5295186
35744,0.117344566,0.43642622
35745,0.05231753,0.23346247
35746,0.06956055,0.104695596
35747,0.046905357,0.14693941
35748,0.13228793,0.25072765
35749,0.07175592,0.095033534
35750,0.11596064,0.07265971
35751,0.012769109,0.080795616
35752,0.13697335,0.3942164
35753,0.042810448,0.7764056
35754,0.14824533,0.18009451
35755,0.051516093,0.13693383
35756,0.59993815,0.90487504
35757,0.20586047,0.33160853
35758,0.033422753,0.057438035
35759,0.5064192,0.962744
35760,0.09706166,0.39088786
35761,0.7357088,0.7152805
35762,0.64709735,0.7522437
35763,0.21079877,0.33702216
35764,0.27675205,0.65585774
35765,0.089113325,0.80277026
35766,0.6681795,0.8796923
35767,0.31495085,0.64714533
35768,0.09480173,0.95169735
35769,0.24019614,0.6780821
35770,0.5555576,0.9367674
35771,0.20211877,0.27777463
35772,0.29225054,0.18263918
35773,0.08682697,0.27794355
35774,0.264086,0.4247732
35775,0.33972427,0.6601076
35776,0.16309282,0.39886355
35777,0.25807196,0.7934104
35778,0.03879179,0.15156356
35779,0.29897746,0.5508187
35780,0.12849206,0.20927514
35781,0.67125535,0.4089348
35782,0.13220504,0.76010597
35783,0.25185612,0.7289181
35784,0.82250625,0.89287996
35785,0.054235626,0.08015564
35786,0.058100823,0.262574
35787,0.04822969,0.87140673
35788,0.05397525,0.84215033
35789,0.16246888,0.0901379
35790,0.28668383,0.73639166
35791,0.18665023,0.9633176
35792,0.06435384,0.29845923
35793,0.51318896,0.824172
35794,0.11722191,0.11789331
35795,0.39072034,0.6708422
35796,0.046576977,0.09488131
35797,0.05852025,0.0968165
35798,0.13547382,0.19825771
35799,0.064347334,0.16708367
35800,0.35627353,0.3152359
35801,0.15377781,0.38741368
35802,0.051008385,0.060393814
35803,0.05975815,0.58266765
35804,0.049772583,0.207381
35805,0.036606893,0.34696513
35806,0.23875307,0.1830868
35807,0.26016793,0.32290837
35808,0.16890608,0.7222951
35809,0.10358276,0.27897814
35810,0.1808243,0.68203527
35811,0.09599439,0.26486757
35812,0.13675362,0.12946211
35813,0.5850541,0.18747821
35814,0.34940544,0.69692224
35815,0.21793845,0.46038294
35816,0.6578747,0.86478335
35817,0.060717534,0.18615283
35818,0.10193305,0.29631358
35819,0.6904185,0.95937115
35820,0.29033145,0.6771249
35821,0.39872214,0.3675938
35822,0.8559834,0.92511666
35823,0.38277188,0.48749244
35824,0.14684315,0.31859466
35825,0.91802627,0.97774875
35826,0.11464794,0.2876128
35827,0.07841941,0.3717243
35828,0.02128416,0.022786763
35829,0.025762396,0.05807687
35830,0.1045423,0.59025854
35831,0.034723587,0.07874774
35832,0.1353841,0.2012406
35833,0.049814645,0.040481817
35834,0.19948731,0.7064971
35835,0.042541593,0.46157414
35836,0.4473449,0.7333113
35837,0.024457509,0.31576708
35838,0.016610913,0.036097124
35839,0.32989427,0.45653138
35840,0.063096225,0.12879813
35841,0.20510599,0.7670102
35842,0.6894066,0.4550295
35843,0.7530239,0.66120714
35844,0.09881262,0.22919819
35845,0.03708019,0.02994084
35846,0.017418744,0.024737027
35847,0.14228986,0.3556007
35848,0.15059787,0.95425427
35849,0.1952746,0.3161876
35850,0.093392186,0.883341
35851,0.4191112,0.095780335
35852,0.05904819,0.12475188
35853,0.16838394,0.3734792
35854,0.39816004,0.8396468
35855,0.054459445,0.2902258
35856,0.36242908,0.3496241
35857,0.07508268,0.18529439
35858,0.10508509,0.43168104
35859,0.13365456,0.55364525
35860,0.18349177,0.20382696
35861,0.8167352,0.9485799
35862,0.30915105,0.6538521
35863,0.8999294,0.97723335
35864,0.4152833,0.6159711
35865,0.5356832,0.6103344
35866,0.060981873,0.09631506
35867,0.067809895,0.17384265
35868,0.047992144,0.20993066
35869,0.048052378,0.11908248
35870,0.11515299,0.75686
35871,0.36238524,0.6982879
35872,0.02264651,0.100612186
35873,0.08104835,0.6408126
35874,0.45244485,0.9401299
35875,0.07667032,0.24358965
35876,0.17248747,0.22393881
35877,0.18321511,0.052092094
35878,0.587455,0.9143786
35879,0.19612716,0.8147023
35880,0.16145144,0.6221066
35881,0.24750605,0.7718308
35882,0.5888702,0.89575446
35883,0.26511204,0.77176625
35884,0.06980747,0.23785561
35885,0.12807478,0.2210333
35886,0.041548908,0.050541475
35887,0.11262672,0.7591149
35888,0.19014443,0.55011195
35889,0.45508212,0.7569381
35890,0.11460521,0.4986253
35891,0.07924784,0.60555047
35892,0.278993,0.3467089
35893,0.32072338,0.75127095
35894,0.46069637,0.627489
35895,0.08127448,0.6839945
35896,0.21579908,0.43787527
35897,0.22085007,0.10478086
35898,0.4066315,0.39061618
35899,0.015089252,0.053139504
35900,0.13969292,0.060219955
35901,0.20010167,0.84700555
35902,0.050873097,0.09174421
35903,0.3220775,0.85172653
35904,0.2440248,0.747879
35905,0.09152678,0.46004465
35906,0.16609968,0.239761
35907,0.117899686,0.8914356
35908,0.06332071,0.114115156
35909,0.09405212,0.36157897
35910,0.34734097,0.96519166
35911,0.3018083,0.91905564
35912,0.18700965,0.21939343
35913,0.039252285,0.031041142
35914,0.10045477,0.31411058
35915,0.2302803,0.4484515
35916,0.20661929,0.28600574
35917,0.03028102,0.021764541
35918,0.17604569,0.71588594
35919,0.1424565,0.16345912
35920,0.166232,0.3986677
35921,0.08206005,0.36792853
35922,0.09622841,0.13111115
35923,0.13479128,0.09015147
35924,0.06691577,0.22312804
35925,0.7342199,0.91271776
35926,0.06503663,0.894946
35927,0.24695212,0.8896874
35928,0.034219645,0.3533431
35929,0.38317332,0.46095315
35930,0.097662225,0.83232975
35931,0.75718266,0.86097
35932,0.8262163,0.93290126
35933,0.07222445,0.2785722
35934,0.064532235,0.3281959
35935,0.13129373,0.16027176
35936,0.012916046,0.018929837
35937,0.036809437,0.023720281
35938,0.29154304,0.21253055
35939,0.06618392,0.03311311
35940,0.061471347,0.19860229
35941,0.056749646,0.431943
35942,0.057219382,0.042217925
35943,0.11808522,0.7863263
35944,0.08935637,0.1466608
35945,0.038230997,0.043230772
35946,0.19344258,0.73838365
35947,0.6919039,0.9524501
35948,0.16546054,0.71466106
35949,0.26089326,0.64571637
35950,0.39100567,0.5330707
35951,0.03707774,0.17441486
35952,0.15230583,0.6464218
35953,0.037551284,0.16914736
35954,0.06678969,0.13533455
35955,0.82927793,0.9037553
35956,0.86866343,0.95569336
35957,0.027383085,0.058527265
35958,0.051516782,0.68291616
35959,0.06350123,0.113419965
35960,0.1833317,0.77138245
35961,0.035283957,0.024939263
35962,0.03345195,0.2597436
35963,0.05166356,0.16382356
35964,0.08124571,0.22768608
35965,0.09568973,0.8333969
35966,0.12684108,0.7655485
35967,0.03328758,0.1450254
35968,0.09585094,0.24463446
35969,0.6506767,0.72889745
35970,0.1881867,0.9369929
35971,0.6049409,0.60917616
35972,0.14899173,0.7381932
35973,0.037727237,0.04001585
35974,0.23546024,0.3888492
35975,0.07898306,0.03612486
35976,0.054402277,0.11269691
35977,0.02918618,0.039401162
35978,0.10634359,0.25180238
35979,0.48133963,0.83689624
35980,0.2498081,0.9404126
35981,0.12532274,0.6851098
35982,0.11504409,0.66428226
35983,0.14537372,0.75932485
35984,0.025028873,0.025878375
35985,0.25648627,0.7330571
35986,0.171067,0.3073289
35987,0.086945646,0.62457305
35988,0.08138278,0.09023606
35989,0.083455585,0.32013145
35990,0.05453609,0.051278777
35991,0.27032223,0.31520078
35992,0.12139213,0.084852025
35993,0.1843662,0.055453178
35994,0.64198005,0.8375702
35995,0.07455999,0.28652364
35996,0.8307694,0.95665467
35997,0.55303174,0.8813324
35998,0.2612029,0.4813867
35999,0.025291862,0.083939396
36000,0.106065325,0.057987556
36001,0.12687503,0.22169714
36002,0.15601431,0.13501866
36003,0.7391741,0.93447995
36004,0.25195926,0.2883444
36005,0.06519893,0.5666476
36006,0.69794524,0.26093453
36007,0.33680794,0.6581104
36008,0.18216302,0.56117713
36009,0.13377433,0.41316664
36010,0.23693961,0.33090696
36011,0.05834156,0.10059427
36012,0.04703513,0.53950405
36013,0.2701577,0.26248744
36014,0.105656095,0.16868438
36015,0.17761104,0.67607635
36016,0.15919644,0.9279767
36017,0.03165741,0.12520583
36018,0.08134828,0.27795622
36019,0.13865526,0.09815888
36020,0.08186442,0.48113412
36021,0.07705898,0.28806677
36022,0.51704675,0.8371884
36023,0.07334498,0.8899186
36024,0.7425828,0.7866111
36025,0.100050524,0.8762059
36026,0.025371017,0.037455745
36027,0.033260837,0.63728654
36028,0.07765309,0.029135829
36029,0.50558466,0.87179023
36030,0.028270284,0.07500679
36031,0.08619546,0.061281674
36032,0.040829998,0.05488729
36033,0.051971506,0.82059115
36034,0.046987675,0.14981754
36035,0.042438112,0.1398163
36036,0.14563748,0.8424207
36037,0.6918646,0.6221839
36038,0.31606734,0.47018287
36039,0.07062586,0.14829826
36040,0.21201856,0.776465
36041,0.18736301,0.41948292
36042,0.22860658,0.8101694
36043,0.5169702,0.96879053
36044,0.2547371,0.8393476
36045,0.36578345,0.391493
36046,0.21919253,0.66468304
36047,0.23993589,0.40847594
36048,0.12006625,0.7955493
36049,0.046117473,0.8288882
36050,0.83311284,0.95446897
36051,0.08585901,0.2888788
36052,0.093272306,0.21870534
36053,0.5775646,0.6000485
36054,0.035924245,0.09592402
36055,0.095863886,0.19251773
36056,0.042940754,0.09875529
36057,0.05580786,0.08979782
36058,0.065272644,0.040567894
36059,0.2638242,0.64841586
36060,0.29491258,0.39359558
36061,0.07654074,0.5896524
36062,0.034736335,0.6377598
36063,0.18834978,0.86973006
36064,0.7941837,0.3183466
36065,0.7090426,0.828368
36066,0.043731235,0.6694989
36067,0.31186453,0.48180485
36068,0.088987164,0.12389961
36069,0.04887099,0.028254746
36070,0.05652114,0.47919083
36071,0.86163354,0.8861928
36072,0.0482647,0.548988
36073,0.019957853,0.10890302
36074,0.07724839,0.5915568
36075,0.05217487,0.08733933
36076,0.5761747,0.60210246
36077,0.5652246,0.8530922
36078,0.1635174,0.1313854
36079,0.101344496,0.11120583
36080,0.75556904,0.8696685
36081,0.086929865,0.4075553
36082,0.12086408,0.336826
36083,0.72379446,0.7971215
36084,0.15133914,0.9530144
36085,0.07056724,0.52312756
36086,0.04574248,0.05919948
36087,0.09189371,0.3932419
36088,0.27268398,0.4610702
36089,0.6780202,0.8253685
36090,0.12537956,0.23675194
36091,0.21157135,0.85821384
36092,0.096341364,0.6688422
36093,0.20708777,0.49338055
36094,0.047861293,0.10724403
36095,0.38681605,0.37220153
36096,0.2614382,0.97124803
36097,0.1500915,0.25582838
36098,0.15880702,0.8711165
36099,0.10113552,0.89910835
36100,0.035613347,0.2660276
36101,0.87583596,0.89999413
36102,0.037686802,0.09178124
36103,0.34432766,0.8200925
36104,0.30968362,0.45115557
36105,0.114922725,0.16698551
36106,0.1218399,0.40815902
36107,0.16807882,0.72103655
36108,0.08087813,0.02293668
36109,0.7956024,0.8764058
36110,0.023609882,0.13661906
36111,0.3527253,0.91306776
36112,0.73526025,0.9702279
36113,0.108546376,0.11218805
36114,0.3626828,0.6181104
36115,0.40006918,0.4634238
36116,0.18731631,0.09020935
36117,0.3321014,0.47291937
36118,0.053816855,0.50163835
36119,0.15968585,0.9350427
36120,0.054012213,0.04810142
36121,0.027863344,0.044973508
36122,0.30450895,0.2904601
36123,0.3988175,0.4196927
36124,0.03681156,0.077359475
36125,0.065603785,0.91999346
36126,0.123057686,0.25664493
36127,0.1252603,0.03522232
36128,0.09995053,0.7725611
36129,0.4090677,0.8025054
36130,0.39731708,0.7433957
36131,0.10527985,0.3009909
36132,0.11576971,0.35701683
36133,0.19415392,0.3665466
36134,0.034523327,0.37422746
36135,0.077532336,0.82307696
36136,0.014118351,0.06721229
36137,0.1575658,0.16915466
36138,0.091855444,0.7742119
36139,0.6638428,0.84909153
36140,0.113987215,0.7910632
36141,0.09260755,0.86517173
36142,0.16932243,0.31415385
36143,0.099647544,0.38599768
36144,0.06893692,0.801675
36145,0.026507456,0.085812695
36146,0.844883,0.9295497
36147,0.5951758,0.5674565
36148,0.035891607,0.05273761
36149,0.05682884,0.15104313
36150,0.053562406,0.96682566
36151,0.09636606,0.1356104
36152,0.35206047,0.7971428
36153,0.41454712,0.88769126
36154,0.18820995,0.67527354
36155,0.0729244,0.12126523
36156,0.0229979,0.04639476
36157,0.14707929,0.12319431
36158,0.20175694,0.8671037
36159,0.04235244,0.06636006
36160,0.05918483,0.048514213
36161,0.72244924,0.8569838
36162,0.7155578,0.9344629
36163,0.21489005,0.8559182
36164,0.05507928,0.5167391
36165,0.032723848,0.32528868
36166,0.07451925,0.19621556
36167,0.0862537,0.3924387
36168,0.083846785,0.23657951
36169,0.064810865,0.2556005
36170,0.17973372,0.06496593
36171,0.04198028,0.08803185
36172,0.43737662,0.57806945
36173,0.32061094,0.15255041
36174,0.032094263,0.041188136
36175,0.2819974,0.5842267
36176,0.04305378,0.047624353
36177,0.6800778,0.063235015
36178,0.43015027,0.77688044
36179,0.062269364,0.22018786
36180,0.31831583,0.29053214
36181,0.07481878,0.1478433
36182,0.16186231,0.249218
36183,0.54872084,0.6868055
36184,0.8856206,0.94295245
36185,0.1697097,0.83559453
36186,0.10127062,0.18466078
36187,0.4885518,0.9005335
36188,0.100522794,0.81661665
36189,0.02598092,0.84777534
36190,0.76913595,0.7726484
36191,0.02929368,0.592257
36192,0.17553385,0.41271397
36193,0.15478703,0.2690898
36194,0.6103918,0.2695905
36195,0.476333,0.72319126
36196,0.05746149,0.21247399
36197,0.03798465,0.21485318
36198,0.8920762,0.92369324
36199,0.11957069,0.69432276
36200,0.059451416,0.043365058
36201,0.8178998,0.9762838
36202,0.42673898,0.4058388
36203,0.21446508,0.7578931
36204,0.023903228,0.0786565
36205,0.06229951,0.90505594
36206,0.15179321,0.94369143
36207,0.16225486,0.2176488
36208,0.15403885,0.8554028
36209,0.16422547,0.58491534
36210,0.08075541,0.18739873
36211,0.011624778,0.034477413
36212,0.037087437,0.24657872
36213,0.18886349,0.31608835
36214,0.7205928,0.8763971
36215,0.624532,0.8903191
36216,0.5473013,0.8505426
36217,0.053798992,0.13106851
36218,0.18445507,0.845218
36219,0.04616953,0.01829085
36220,0.31665397,0.42584395
36221,0.0458877,0.0937352
36222,0.037567936,0.095807776
36223,0.3446711,0.68785334
36224,0.024812179,0.019343892
36225,0.0590071,0.3439419
36226,0.024052126,0.8790911
36227,0.49440178,0.21409272
36228,0.1682045,0.09760354
36229,0.017423298,0.060717687
36230,0.077356644,0.14044881
36231,0.08868711,0.34347853
36232,0.06407437,0.050214853
36233,0.13188592,0.2157189
36234,0.06918249,0.20333578
36235,0.41392657,0.5117215
36236,0.13363841,0.3188025
36237,0.5137473,0.25179055
36238,0.08378696,0.13847433
36239,0.5476138,0.55559295
36240,0.1553896,0.6450273
36241,0.46751705,0.7435982
36242,0.024724104,0.032213986
36243,0.07448862,0.90915924
36244,0.11704042,0.18033339
36245,0.23586471,0.12285071
36246,0.82635945,0.9343127
36247,0.40478772,0.62267935
36248,0.18675414,0.6132436
36249,0.115874074,0.3488932
36250,0.26808622,0.3637924
36251,0.1529826,0.36730182
36252,0.5784668,0.7089925
36253,0.07221921,0.10579944
36254,0.76825005,0.942988
36255,0.21049024,0.18514523
36256,0.04381683,0.16618203
36257,0.11506431,0.1743148
36258,0.047065,0.07016636
36259,0.055100583,0.038127992
36260,0.12731291,0.50762653
36261,0.5130468,0.26402426
36262,0.7438965,0.96521974
36263,0.09930881,0.0856441
36264,0.4709121,0.17453553
36265,0.051595226,0.79485744
36266,0.0563988,0.91960347
36267,0.8292932,0.8604326
36268,0.04968932,0.12205806
36269,0.02529497,0.8831511
36270,0.81765604,0.88051236
36271,0.080455855,0.6967126
36272,0.8795243,0.9684626
36273,0.0840568,0.12862805
36274,0.09178633,0.59806764
36275,0.033675402,0.069948025
36276,0.42736822,0.71588117
36277,0.19597182,0.31148413
36278,0.035982437,0.22965723
36279,0.3166895,0.38720882
36280,0.11063857,0.14198892
36281,0.070458174,0.880566
36282,0.851019,0.7338424
36283,0.14250486,0.5712034
36284,0.07617935,0.781246
36285,0.4676258,0.8928096
36286,0.7923831,0.3122278
36287,0.05065582,0.24439207
36288,0.085117646,0.2359396
36289,0.49291027,0.8944094
36290,0.069597274,0.049443364
36291,0.24713726,0.34470066
36292,0.023663469,0.4800494
36293,0.04557779,0.3142097
36294,0.4454246,0.6660782
36295,0.1382048,0.7916351
36296,0.27116284,0.067547336
36297,0.13807681,0.22267592
36298,0.16293177,0.4704718
36299,0.05222621,0.11583791
36300,0.043675963,0.33335018
36301,0.051286466,0.103232495
36302,0.036258586,0.05608732
36303,0.2949816,0.15534778
36304,0.088657744,0.14479089
36305,0.2410745,0.276346
36306,0.6216459,0.54606855
36307,0.21863608,0.31904307
36308,0.19065802,0.073051386
36309,0.06218425,0.63793945
36310,0.07890172,0.13042475
36311,0.18007033,0.23414098
36312,0.039011505,0.555756
36313,0.18207747,0.8723709
36314,0.5602466,0.11244679
36315,0.045472328,0.07134404
36316,0.11666498,0.48929578
36317,0.24879326,0.22263512
36318,0.07188584,0.12025887
36319,0.04980078,0.04038495
36320,0.8992428,0.9223222
36321,0.0547739,0.06607079
36322,0.48915994,0.89388674
36323,0.061697215,0.16783415
36324,0.100635104,0.21947132
36325,0.028790666,0.25414044
36326,0.064486586,0.96100503
36327,0.07778409,0.3812973
36328,0.0719221,0.9189389
36329,0.6417239,0.81693405
36330,0.34966105,0.8178399
36331,0.0925229,0.11824045
36332,0.09795355,0.19754781
36333,0.12773798,0.69951713
36334,0.21557824,0.29561013
36335,0.2508249,0.18678822
36336,0.094248325,0.065572694
36337,0.061835866,0.9344752
36338,0.016961258,0.5214564
36339,0.11293212,0.42415836
36340,0.30662042,0.81621015
36341,0.0821178,0.199075
36342,0.3085586,0.076210625
36343,0.049192775,0.040557455
36344,0.18530558,0.19927187
36345,0.0754229,0.5708792
36346,0.094036095,0.3873005
36347,0.2164306,0.1083599
36348,0.07864846,0.41684476
36349,0.29921198,0.4863144
36350,0.11044271,0.26450232
36351,0.35447434,0.13915542
36352,0.124682754,0.9668141
36353,0.76456326,0.8731333
36354,0.18525933,0.88149434
36355,0.3778728,0.33920285
36356,0.031162819,0.8269643
36357,0.08967892,0.35921124
36358,0.06801906,0.64519346
36359,0.19048233,0.76571745
36360,0.35994458,0.461411
36361,0.37640795,0.19748376
36362,0.58286256,0.5639809
36363,0.32401848,0.50844806
36364,0.31178752,0.53382885
36365,0.718366,0.713471
36366,0.3452065,0.08097939
36367,0.14398937,0.19515797
36368,0.8914059,0.9527534
36369,0.4238393,0.8856482
36370,0.13349582,0.39688295
36371,0.18973446,0.10764789
36372,0.040705957,0.0805063
36373,0.19703455,0.33164716
36374,0.044777364,0.07811778
36375,0.11404673,0.17146724
36376,0.07055137,0.13131075
36377,0.031873543,0.1645069
36378,0.07977463,0.15922561
36379,0.0750876,0.2911626
36380,0.92116517,0.9144917
36381,0.061298713,0.9478154
36382,0.10412247,0.26278242
36383,0.09314209,0.4069011
36384,0.41383427,0.50761336
36385,0.36181065,0.28389546
36386,0.34705082,0.3965948
36387,0.22510214,0.502963
36388,0.32097188,0.31473815
36389,0.041778985,0.08971099
36390,0.51578814,0.64267385
36391,0.12645635,0.83836216
36392,0.052787513,0.5067277
36393,0.059405297,0.92341995
36394,0.3515774,0.7965848
36395,0.47254902,0.64151806
36396,0.3777514,0.10199853
36397,0.36651257,0.38568696
36398,0.21539292,0.15648647
36399,0.08263273,0.17590652
36400,0.051903993,0.10457562
36401,0.051609173,0.043949485
36402,0.18839934,0.2580823
36403,0.016465796,0.05199389
36404,0.4588213,0.3044394
36405,0.06553046,0.40731198
36406,0.2302951,0.7723834
36407,0.6316428,0.8421633
36408,0.4198583,0.4472442
36409,0.033328358,0.047440823
36410,0.3381871,0.7997586
36411,0.102927335,0.604657
36412,0.11663524,0.095879205
36413,0.4741238,0.8359104
36414,0.2734713,0.16942458
36415,0.44982603,0.6990071
36416,0.03940375,0.09592806
36417,0.27353355,0.45126203
36418,0.014440338,0.021579443
36419,0.10009329,0.74852324
36420,0.5808048,0.87696326
36421,0.4731736,0.29700387
36422,0.05881358,0.10895505
36423,0.7337824,0.6978447
36424,0.5084233,0.577765
36425,0.20582737,0.30228865
36426,0.37706748,0.3898852
36427,0.043601494,0.6159897
36428,0.7840115,0.92334086
36429,0.3212985,0.82060343
36430,0.15038107,0.21345115
36431,0.0704608,0.3450701
36432,0.14304566,0.09886841
36433,0.116761975,0.4286504
36434,0.089371465,0.12302146
36435,0.078855805,0.12976149
36436,0.06498397,0.84377366
36437,0.09776123,0.06451923
36438,0.3876545,0.061829202
36439,0.15511023,0.4016591
36440,0.19994879,0.60763574
36441,0.06965996,0.54604226
36442,0.09529533,0.20523016
36443,0.06371487,0.9424223
36444,0.1174973,0.4275148
36445,0.24554716,0.24391223
36446,0.11401001,0.2043423
36447,0.033590883,0.023011312
36448,0.20652744,0.22254075
36449,0.25312164,0.7984369
36450,0.6067151,0.40337136
36451,0.094411924,0.28472573
36452,0.16405027,0.79180074
36453,0.26728177,0.26930746
36454,0.021769773,0.03485922
36455,0.048274025,0.04079357
36456,0.25665715,0.15642782
36457,0.12849873,0.069814816
36458,0.20096552,0.41018733
36459,0.07926139,0.19391465
36460,0.68822753,0.83496857
36461,0.32770813,0.45290694
36462,0.2332511,0.22108714
36463,0.020234196,0.2592361
36464,0.05317189,0.07672305
36465,0.04022003,0.10721408
36466,0.20095026,0.39829412
36467,0.059655707,0.18486027
36468,0.04184521,0.065033644
36469,0.27575642,0.9199171
36470,0.13978675,0.629844
36471,0.036652945,0.5879625
36472,0.044703633,0.03464662
36473,0.1777573,0.578249
36474,0.7588298,0.961385
36475,0.23840088,0.3835316
36476,0.5681121,0.8250559
36477,0.105552524,0.8423285
36478,0.10680899,0.3738599
36479,0.06882351,0.064363815
36480,0.15794528,0.7290878
36481,0.025585197,0.12548044
36482,0.060585637,0.78353816
36483,0.095344074,0.17027986
36484,0.02722462,0.11688838
36485,0.519834,0.863593
36486,0.050933722,0.08776894
36487,0.08099687,0.1366471
36488,0.12359348,0.75407857
36489,0.2968189,0.500253
36490,0.7501967,0.87143683
36491,0.09436468,0.44004142
36492,0.0397654,0.19561131
36493,0.52335393,0.92151743
36494,0.09782762,0.088716
36495,0.8056262,0.88516027
36496,0.098365255,0.17314595
36497,0.023619339,0.059696667
36498,0.40407732,0.3120518
36499,0.118190296,0.8208553
36500,0.3502103,0.5994055
36501,0.05418325,0.10852942
36502,0.20531887,0.05432971
36503,0.46342668,0.5728459
36504,0.67069274,0.9181158
36505,0.15778647,0.25315705
36506,0.25169477,0.15971537
36507,0.08177239,0.18575221
36508,0.10378186,0.17498815
36509,0.87533003,0.9023692
36510,0.27397436,0.22313352
36511,0.10974704,0.7425951
36512,0.12647733,0.5533569
36513,0.05787473,0.11121688
36514,0.043884836,0.3133292
36515,0.10887785,0.057463612
36516,0.05322681,0.19677874
36517,0.041275535,0.22093974
36518,0.60442054,0.26981813
36519,0.90076596,0.9471904
36520,0.043724574,0.14515875
36521,0.35936162,0.38074502
36522,0.4228002,0.69638807
36523,0.03268129,0.067598805
36524,0.015081217,0.16409357
36525,0.20679043,0.5092761
36526,0.06495329,0.7485722
36527,0.08560258,0.15162833
36528,0.23114736,0.63754606
36529,0.33755136,0.85343534
36530,0.28589293,0.21851334
36531,0.45706165,0.7152749
36532,0.4156957,0.597873
36533,0.20255142,0.7816722
36534,0.08034226,0.08065171
36535,0.73091745,0.77189547
36536,0.17570835,0.18316877
36537,0.10152214,0.67339474
36538,0.053452045,0.51451576
36539,0.11731101,0.7963647
36540,0.07693297,0.12879309
36541,0.2894834,0.2242011
36542,0.28082198,0.43705946
36543,0.11498591,0.12753724
36544,0.5459528,0.71493274
36545,0.31790438,0.5114824
36546,0.08430915,0.5075832
36547,0.8935361,0.93188864
36548,0.74826354,0.9376409
36549,0.11042062,0.2709552
36550,0.048414953,0.108409874
36551,0.014583051,0.06769918
36552,0.41856924,0.8569367
36553,0.2701961,0.3872699
36554,0.04142256,0.18334948
36555,0.124387726,0.46496683
36556,0.08585939,0.17636885
36557,0.03591205,0.07956239
36558,0.13008164,0.9559371
36559,0.110083,0.7688044
36560,0.073262356,0.16336499
36561,0.0776807,0.30109197
36562,0.035131194,0.24757455
36563,0.021207195,0.019378843
36564,0.050022647,0.14793341
36565,0.06614803,0.08383518
36566,0.08703179,0.19828011
36567,0.09964522,0.14900252
36568,0.05674642,0.09658775
36569,0.18766859,0.40580112
36570,0.038383767,0.52851707
36571,0.14037217,0.2152688
36572,0.07399872,0.38735673
36573,0.14696713,0.34657288
36574,0.064392395,0.4159347
36575,0.05464734,0.78693414
36576,0.06050324,0.14214796
36577,0.05261749,0.09024944
36578,0.08523175,0.30701163
36579,0.088327505,0.94848573
36580,0.15707256,0.31618482
36581,0.08525776,0.40474448
36582,0.31599024,0.6849773
36583,0.15062447,0.07190176
36584,0.91394323,0.9702349
36585,0.54016596,0.49290568
36586,0.07376907,0.31632045
36587,0.06038791,0.042221136
36588,0.036728516,0.3158212
36589,0.23922925,0.16000171
36590,0.031527605,0.075166024
36591,0.05989498,0.95622283
36592,0.08828215,0.97164255
36593,0.46080607,0.7576798
36594,0.4693071,0.60371524
36595,0.08098542,0.16650033
36596,0.0596549,0.16125374
36597,0.58375543,0.39695662
36598,0.04854713,0.26694322
36599,0.24574552,0.28274292
36600,0.047016725,0.06686068
36601,0.78488266,0.494294
36602,0.045499332,0.09324878
36603,0.09178516,0.19287717
36604,0.19612744,0.08214092
36605,0.035710033,0.08164384
36606,0.07122717,0.36550844
36607,0.038909137,0.90492994
36608,0.3616415,0.30886158
36609,0.16310973,0.7869045
36610,0.08277674,0.26702937
36611,0.13535435,0.7395456
36612,0.7177742,0.7056552
36613,0.12651855,0.17195132
36614,0.0869378,0.10047803
36615,0.17167851,0.84485173
36616,0.0761627,0.15853612
36617,0.49665287,0.73563284
36618,0.14164092,0.7207629
36619,0.014870605,0.0640592
36620,0.100543536,0.55238485
36621,0.114544764,0.03200018
36622,0.2276899,0.14930618
36623,0.39212927,0.5664648
36624,0.7455573,0.9489072
36625,0.017478397,0.08500355
36626,0.73229975,0.5335993
36627,0.047453936,0.11680444
36628,0.2085772,0.6042942
36629,0.12022944,0.27894244
36630,0.043023665,0.39386794
36631,0.14798993,0.24743637
36632,0.33249417,0.9530488
36633,0.15530986,0.47187465
36634,0.09429783,0.3122737
36635,0.30061096,0.19841482
36636,0.24303898,0.4460822
36637,0.1643179,0.25610793
36638,0.027996145,0.055326562
36639,0.08571806,0.79913485
36640,0.079009674,0.4265287
36641,0.10737604,0.8402217
36642,0.12031025,0.5267843
36643,0.6605843,0.87773055
36644,0.39275378,0.94853723
36645,0.6412184,0.93589294
36646,0.1026831,0.73232675
36647,0.076389246,0.32540944
36648,0.15504555,0.72207206
36649,0.6636699,0.91474885
36650,0.08914092,0.4991246
36651,0.091204114,0.06515522
36652,0.125958,0.31895638
36653,0.060272466,0.78646284
36654,0.030861808,0.22964142
36655,0.07382363,0.14225249
36656,0.056659214,0.4543474
36657,0.050268758,0.3187402
36658,0.09769983,0.28947294
36659,0.143881,0.4217556
36660,0.66573685,0.95627785
36661,0.059959546,0.04743301
36662,0.06428534,0.7953141
36663,0.1931054,0.2189372
36664,0.057501484,0.09119826
36665,0.104804665,0.58878124
36666,0.22499357,0.35799772
36667,0.4069121,0.895875
36668,0.16434442,0.53829885
36669,0.08295282,0.9637078
36670,0.052283544,0.034711443
36671,0.5539662,0.8373077
36672,0.12989596,0.72966594
36673,0.74307203,0.8744176
36674,0.41873044,0.4456046
36675,0.08482722,0.31595004
36676,0.14360037,0.22705759
36677,0.054780312,0.08389281
36678,0.59462947,0.72020745
36679,0.15643455,0.23651361
36680,0.19794858,0.5089457
36681,0.22929004,0.12154162
36682,0.05939221,0.10184662
36683,0.104923494,0.86722946
36684,0.05326867,0.18459111
36685,0.18423212,0.70168984
36686,0.05244031,0.13136613
36687,0.16059339,0.7290211
36688,0.1258294,0.71512765
36689,0.088321865,0.2992375
36690,0.8001362,0.8985807
36691,0.20474055,0.28518093
36692,0.34186426,0.26249075
36693,0.09240942,0.64199334
36694,0.05212877,0.11732188
36695,0.036571324,0.1789786
36696,0.07657484,0.10646018
36697,0.037074134,0.040785044
36698,0.08307346,0.29260856
36699,0.06628125,0.11721848
36700,0.34754017,0.21181323
36701,0.2729507,0.27551562
36702,0.082772195,0.20770808
36703,0.14782019,0.3450515
36704,0.08322746,0.17598075
36705,0.050317574,0.08125238
36706,0.097246595,0.8300498
36707,0.3137275,0.67118067
36708,0.13152824,0.11541056
36709,0.16113576,0.47287485
36710,0.22145885,0.8696601
36711,0.032562334,0.06535202
36712,0.17236352,0.28718516
36713,0.038417537,0.056392815
36714,0.06551955,0.27720836
36715,0.032269392,0.045508467
36716,0.13016072,0.28747752
36717,0.4211186,0.8368799
36718,0.09238461,0.45749807
36719,0.06073841,0.26606512
36720,0.22943625,0.19866367
36721,0.038687408,0.15627663
36722,0.22642368,0.8602207
36723,0.0497214,0.12724453
36724,0.7633087,0.84865236
36725,0.045651462,0.030396756
36726,0.05014733,0.8420642
36727,0.064812526,0.057265602
36728,0.11378247,0.5247289
36729,0.10982028,0.04833561
36730,0.32042193,0.7981016
36731,0.50131184,0.31168133
36732,0.13722833,0.26279098
36733,0.010558392,0.012653727
36734,0.1315596,0.10203647
36735,0.08107471,0.20486149
36736,0.027572451,0.1889724
36737,0.37774277,0.08385056
36738,0.6692977,0.9263398
36739,0.1415277,0.10907263
36740,0.123287186,0.20110218
36741,0.084496625,0.91543883
36742,0.49703318,0.7230533
36743,0.18283959,0.47408298
36744,0.042433947,0.1125838
36745,0.2146962,0.75310737
36746,0.611985,0.8646687
36747,0.10980536,0.8569982
36748,0.85825133,0.9649033
36749,0.26206434,0.85609573
36750,0.28537893,0.48801404
36751,0.15409957,0.15331182
36752,0.11392142,0.6201288
36753,0.46177468,0.8542416
36754,0.026442097,0.087024905
36755,0.4032904,0.49953118
36756,0.25815815,0.38948292
36757,0.09903998,0.5738549
36758,0.044968918,0.048754178
36759,0.06368382,0.24351455
36760,0.10271865,0.2690679
36761,0.052588984,0.12816156
36762,0.20949292,0.8555853
36763,0.49730167,0.6023705
36764,0.10286551,0.13236502
36765,0.27153713,0.8541621
36766,0.04689233,0.88674027
36767,0.038947262,0.91066474
36768,0.48586687,0.39060646
36769,0.72727025,0.71101636
36770,0.030333776,0.038331367
36771,0.09125873,0.16442814
36772,0.07380174,0.05835721
36773,0.07313194,0.15934084
36774,0.08822891,0.28617084
36775,0.029464515,0.0681124
36776,0.6698454,0.72981834
36777,0.06689565,0.5696898
36778,0.065150805,0.16906598
36779,0.05204616,0.2372595
36780,0.036507834,0.07135709
36781,0.3210666,0.5536471
36782,0.28579006,0.91353714
36783,0.16506319,0.596615
36784,0.06577242,0.09246328
36785,0.14565231,0.44517627
36786,0.11665914,0.95639366
36787,0.08505848,0.61780506
36788,0.12661433,0.16830699
36789,0.61863965,0.7349206
36790,0.08288625,0.026996542
36791,0.32319975,0.5155512
36792,0.07628416,0.08769866
36793,0.105158,0.06929652
36794,0.1388049,0.12903737
36795,0.23723963,0.57744986
36796,0.03953189,0.33888918
36797,0.030640425,0.12391352
36798,0.12094885,0.7472129
36799,0.15552591,0.28211084
36800,0.074134104,0.46307227
36801,0.11208246,0.84893435
36802,0.1796266,0.15618137
36803,0.066240065,0.67296624
36804,0.09848401,0.24912845
36805,0.040910598,0.029355887
36806,0.08490872,0.4357619
36807,0.051933732,0.041135665
36808,0.41609374,0.9047017
36809,0.09430908,0.24765928
36810,0.08202599,0.23040691
36811,0.6851693,0.6981569
36812,0.70886195,0.8724433
36813,0.07286335,0.3617804
36814,0.18724303,0.87674963
36815,0.36457634,0.33571535
36816,0.11904449,0.84563124
36817,0.4961427,0.66408265
36818,0.21652867,0.8194083
36819,0.116808526,0.4544206
36820,0.19866505,0.068363935
36821,0.02597514,0.15305074
36822,0.1512944,0.16280866
36823,0.06917557,0.19640882
36824,0.35573074,0.808597
36825,0.50214165,0.4044421
36826,0.10439926,0.43317345
36827,0.8427116,0.8742448
36828,0.25080657,0.42826107
36829,0.7283114,0.81919056
36830,0.75765806,0.8603772
36831,0.02508746,0.2649293
36832,0.30512562,0.71937966
36833,0.39967886,0.6397894
36834,0.14762817,0.23349316
36835,0.057034023,0.09979279
36836,0.03588537,0.029902183
36837,0.017128028,0.043309625
36838,0.87549895,0.85473204
36839,0.10185259,0.14622976
36840,0.51968306,0.52843523
36841,0.09332036,0.07819534
36842,0.09384315,0.15150978
36843,0.028432751,0.074136525
36844,0.040531512,0.080741696
36845,0.080682404,0.1427145
36846,0.12895323,0.8540816
36847,0.07803944,0.57905877
36848,0.16797344,0.84542006
36849,0.093713805,0.204436
36850,0.08830186,0.083309785
36851,0.038440987,0.05157541
36852,0.03560348,0.10410852
36853,0.20670009,0.8921813
36854,0.7959976,0.9659572
36855,0.05355595,0.32668373
36856,0.07046845,0.20374253
36857,0.082475014,0.4085855
36858,0.01900084,0.115035616
36859,0.38954678,0.43162954
36860,0.07207021,0.24618566
36861,0.06737052,0.15151039
36862,0.20464174,0.6120254
36863,0.05690999,0.27875936
36864,0.08855024,0.8390457
36865,0.039408803,0.026407368
36866,0.048933286,0.02711982
36867,0.055475485,0.19897461
36868,0.8624956,0.9246962
36869,0.33414063,0.61433285
36870,0.110180855,0.09739893
36871,0.54423606,0.9009419
36872,0.06737062,0.14093898
36873,0.14203468,0.2332982
36874,0.30252585,0.033845242
36875,0.07828176,0.2737583
36876,0.050793,0.28528395
36877,0.06734257,0.07445145
36878,0.45243996,0.5496987
36879,0.31108797,0.25352868
36880,0.047049467,0.90827304
36881,0.26368168,0.24459285
36882,0.052878328,0.052189283
36883,0.7640633,0.8505168
36884,0.054120198,0.06635591
36885,0.1188227,0.19148819
36886,0.15369883,0.13681538
36887,0.07149276,0.22697192
36888,0.4907847,0.6685639
36889,0.106164046,0.47550878
36890,0.12761623,0.6891397
36891,0.092116624,0.77547634
36892,0.102139816,0.83124405
36893,0.079474516,0.94509834
36894,0.14447376,0.20622978
36895,0.8746712,0.9267812
36896,0.5966465,0.9469535
36897,0.037481833,0.23261198
36898,0.12457494,0.24759746
36899,0.30314857,0.6343387
36900,0.017689308,0.0907124
36901,0.16270815,0.0778723
36902,0.44958198,0.7449166
36903,0.14985232,0.6379606
36904,0.076178454,0.34807926
36905,0.01635472,0.07782925
36906,0.02101361,0.040058497
36907,0.69583386,0.7025545
36908,0.09945718,0.23093788
36909,0.23199503,0.5712704
36910,0.09806699,0.16380039
36911,0.18429534,0.905851
36912,0.05334565,0.20131764
36913,0.1120901,0.12815313
36914,0.05232404,0.27122167
36915,0.6651391,0.66958076
36916,0.06363431,0.052130796
36917,0.27901223,0.35413775
36918,0.16289791,0.6492204
36919,0.0855225,0.23754756
36920,0.12703553,0.54617363
36921,0.055606093,0.0902134
36922,0.3630831,0.7991351
36923,0.1361308,0.47614622
36924,0.45512685,0.63323504
36925,0.037879635,0.1435923
36926,0.05551581,0.18805878
36927,0.538505,0.022820706
36928,0.046647727,0.0853023
36929,0.034623127,0.25014073
36930,0.23869477,0.31599823
36931,0.4255398,0.21643177
36932,0.03759572,0.16865492
36933,0.18926482,0.89121145
36934,0.05402704,0.07492854
36935,0.106366724,0.34150192
36936,0.03559204,0.028579231
36937,0.12704456,0.17867114
36938,0.2749339,0.69378865
36939,0.13994126,0.34117934
36940,0.42136964,0.8604703
36941,0.05009608,0.18152787
36942,0.0645299,0.1532812
36943,0.08823739,0.25404304
36944,0.7441088,0.5470388
36945,0.03872929,0.13407063
36946,0.32951185,0.13613191
36947,0.046800364,0.06677464
36948,0.1611503,0.44851762
36949,0.0551835,0.0415345
36950,0.14640756,0.13642843
36951,0.080485724,0.16212289
36952,0.026633432,0.017163368
36953,0.48386332,0.58569777
36954,0.28722656,0.7953933
36955,0.24245442,0.2545774
36956,0.18001707,0.44900396
36957,0.24848008,0.45087564
36958,0.116489716,0.19428557
36959,0.5937791,0.8477615
36960,0.18231158,0.7381213
36961,0.10727204,0.4449311
36962,0.05923985,0.48323742
36963,0.16734093,0.25653145
36964,0.6254855,0.88720334
36965,0.051516954,0.08160194
36966,0.02476098,0.28422013
36967,0.043497566,0.041352183
36968,0.5414473,0.9039056
36969,0.060212135,0.5682799
36970,0.023985533,0.064236954
36971,0.847417,0.89066935
36972,0.49022824,0.480815
36973,0.1424918,0.76985866
36974,0.7918298,0.92383873
36975,0.073035,0.24467792
36976,0.09772406,0.16971236
36977,0.6552721,0.9412168
36978,0.16729875,0.68263704
36979,0.08717388,0.11517022
36980,0.076429494,0.101092234
36981,0.47487286,0.41785592
36982,0.03106671,0.055866186
36983,0.43823817,0.7953396
36984,0.103296585,0.5450151
36985,0.70255333,0.9157673
36986,0.15290967,0.14444084
36987,0.24412768,0.1440783
36988,0.8330914,0.8228848
36989,0.8005711,0.8275979
36990,0.26930118,0.57802486
36991,0.10218426,0.49839216
36992,0.10070444,0.10208289
36993,0.5064721,0.87441194
36994,0.04908738,0.7297142
36995,0.10812355,0.13944854
36996,0.05576397,0.012051458
36997,0.55722463,0.8917169
36998,0.073167466,0.10868624
36999,0.2945436,0.55592215
37000,0.5373648,0.8200549
37001,0.0960761,0.93425924
37002,0.14451015,0.10380479
37003,0.071654245,0.110408664
37004,0.3850019,0.16362725
37005,0.21120696,0.41404247
37006,0.7594825,0.9258427
37007,0.023060538,0.035796583
37008,0.41438568,0.10877475
37009,0.14976637,0.9130367
37010,0.25199193,0.5626196
37011,0.05377698,0.4218006
37012,0.551733,0.7602818
37013,0.07357591,0.072331995
37014,0.033029325,0.03808027
37015,0.04152736,0.09466311
37016,0.03319532,0.0643521
37017,0.05657474,0.52999747
37018,0.067724116,0.9357801
37019,0.10770864,0.4171325
37020,0.081151545,0.1577732
37021,0.29941505,0.5872977
37022,0.15337954,0.105395086
37023,0.17555025,0.50418496
37024,0.68163025,0.6039166
37025,0.08896827,0.24179468
37026,0.038782645,0.10739027
37027,0.1641362,0.25109535
37028,0.30168632,0.9051212
37029,0.029235516,0.3220991
37030,0.033197984,0.12846895
37031,0.042150877,0.025443703
37032,0.65948355,0.77069974
37033,0.46111917,0.5911102
37034,0.057231076,0.059594102
37035,0.020285206,0.022386754
37036,0.13462798,0.099133484
37037,0.5359529,0.6712576
37038,0.18929563,0.102469064
37039,0.14621685,0.7605204
37040,0.06302298,0.15000515
37041,0.04996196,0.06311974
37042,0.036851056,0.17790395
37043,0.11646336,0.14488806
37044,0.21507747,0.7404608
37045,0.03794515,0.036224972
37046,0.57402664,0.86196136
37047,0.03226192,0.07544654
37048,0.81454897,0.828368
37049,0.09886512,0.8972323
37050,0.214301,0.8560524
37051,0.14673351,0.10492791
37052,0.16028544,0.37463325
37053,0.053319436,0.12639137
37054,0.06126168,0.67518294
37055,0.18888189,0.69537973
37056,0.08038614,0.1816576
37057,0.046715327,0.06318878
37058,0.039370023,0.037980698
37059,0.13134676,0.105689436
37060,0.12254842,0.21982375
37061,0.18666011,0.46150133
37062,0.08725298,0.36913592
37063,0.37401935,0.051239517
37064,0.026308116,0.5295517
37065,0.34477118,0.73956716
37066,0.09311883,0.45617437
37067,0.30813304,0.76745516
37068,0.062393934,0.29752424
37069,0.106426634,0.26725534
37070,0.19743516,0.7912157
37071,0.7751501,0.8076132
37072,0.18183786,0.3812908
37073,0.16310826,0.43294415
37074,0.08159491,0.8250773
37075,0.047417734,0.041767143
37076,0.30619308,0.60975844
37077,0.15105855,0.40599504
37078,0.083765365,0.9350725
37079,0.06596412,0.15182473
37080,0.50195277,0.7853431
37081,0.14848134,0.34862557
37082,0.37547484,0.7959234
37083,0.72614646,0.7080663
37084,0.24718012,0.12024764
37085,0.12663844,0.5296475
37086,0.21302475,0.4723141
37087,0.5064598,0.23382477
37088,0.030873487,0.07278686
37089,0.1858611,0.23565274
37090,0.21159117,0.619885
37091,0.50936574,0.815343
37092,0.10509124,0.25603932
37093,0.01958438,0.11837641
37094,0.024864864,0.10415776
37095,0.026505837,0.09704662
37096,0.13737221,0.9149923
37097,0.07622682,0.3752524
37098,0.6337713,0.8326839
37099,0.05676055,0.45346215
37100,0.03199061,0.08839685
37101,0.0967551,0.85707074
37102,0.08253378,0.13141067
37103,0.2170594,0.6521952
37104,0.080805555,0.76393884
37105,0.42525175,0.5067509
37106,0.0930921,0.121214375
37107,0.37759593,0.6700392
37108,0.036208265,0.07415124
37109,0.16685542,0.2529771
37110,0.013563227,0.08537793
37111,0.3742073,0.35350773
37112,0.1067647,0.4855675
37113,0.44557467,0.589141
37114,0.6593869,0.94956875
37115,0.06941634,0.4334027
37116,0.26123768,0.26860714
37117,0.04559002,0.06223656
37118,0.24126588,0.18925211
37119,0.053814564,0.056001205
37120,0.07975102,0.07833123
37121,0.040837843,0.057007406
37122,0.045970537,0.089909576
37123,0.06674924,0.13382606
37124,0.059871197,0.10176848
37125,0.3119689,0.58226615
37126,0.037834346,0.15799847
37127,0.091252856,0.16202684
37128,0.078335516,0.7008931
37129,0.7105636,0.74346846
37130,0.82875425,0.971509
37131,0.06119328,0.22759847
37132,0.8654525,0.94884115
37133,0.15157424,0.83380085
37134,0.5814401,0.9547936
37135,0.9095745,0.9493071
37136,0.0978574,0.4073304
37137,0.7140014,0.8633977
37138,0.49766776,0.80289656
37139,0.21732728,0.76684076
37140,0.31649765,0.2548198
37141,0.127757,0.3071454
37142,0.42806417,0.12506397
37143,0.036514234,0.035430957
37144,0.5819767,0.6120579
37145,0.8112877,0.6793829
37146,0.08627736,0.604775
37147,0.4638037,0.7702037
37148,0.05429924,0.18218638
37149,0.12944373,0.75101817
37150,0.14186785,0.38452467
37151,0.07553214,0.93901736
37152,0.23249404,0.4300647
37153,0.20621759,0.45307243
37154,0.1662817,0.26717088
37155,0.8060238,0.8991565
37156,0.60888124,0.7168068
37157,0.03901591,0.16334061
37158,0.08647804,0.39570263
37159,0.6074693,0.61122763
37160,0.10226259,0.1144546
37161,0.044429984,0.7890727
37162,0.23169924,0.82623714
37163,0.09211146,0.080553085
37164,0.20126417,0.2317247
37165,0.035306085,0.72206753
37166,0.09769302,0.2034697
37167,0.25245318,0.64509463
37168,0.13737454,0.44903442
37169,0.1426525,0.46346793
37170,0.3008902,0.15039977
37171,0.04212984,0.7230889
37172,0.6942738,0.8712134
37173,0.30642053,0.8641594
37174,0.07272705,0.32714415
37175,0.1912269,0.12415772
37176,0.69225043,0.860529
37177,0.15615404,0.9723165
37178,0.18788843,0.21448408
37179,0.6584602,0.7989064
37180,0.09665254,0.9375841
37181,0.7834162,0.8901702
37182,0.22049749,0.40421423
37183,0.081526734,0.8351878
37184,0.17633836,0.4572897
37185,0.589846,0.77495986
37186,0.37764004,0.82148886
37187,0.049207184,0.1969831
37188,0.10522605,0.60857815
37189,0.05436696,0.964902
37190,0.094110586,0.13340023
37191,0.49440375,0.20446296
37192,0.09851649,0.2944132
37193,0.089427166,0.14728369
37194,0.23057398,0.61345714
37195,0.18833306,0.25183693
37196,0.051904827,0.10289508
37197,0.74481374,0.94163066
37198,0.118970744,0.31221566
37199,0.228924,0.65617776
37200,0.053286158,0.034077853
37201,0.086050786,0.5583002
37202,0.09808824,0.9178045
37203,0.05152796,0.751777
37204,0.045333754,0.124097735
37205,0.08411598,0.06682301
37206,0.035013083,0.0867068
37207,0.034907915,0.013598093
37208,0.15657051,0.25357893
37209,0.14580347,0.42365766
37210,0.8223573,0.7113369
37211,0.45891896,0.58841294
37212,0.082747295,0.2341953
37213,0.87811226,0.9828151
37214,0.057182595,0.106829286
37215,0.58775395,0.61631674
37216,0.8841624,0.9669403
37217,0.19822061,0.36326504
37218,0.08117027,0.47662747
37219,0.049644243,0.1083728
37220,0.048661117,0.21856102
37221,0.1286171,0.6168472
37222,0.04166517,0.5472413
37223,0.79519755,0.7029044
37224,0.097634695,0.592583
37225,0.10066802,0.16734146
37226,0.6797037,0.7466326
37227,0.07583832,0.8448018
37228,0.09682928,0.059372086
37229,0.46388045,0.64162695
37230,0.623415,0.95567167
37231,0.6011749,0.8420214
37232,0.10833659,0.08749133
37233,0.0837433,0.18000174
37234,0.23718947,0.1961399
37235,0.06704236,0.821643
37236,0.123809464,0.71131855
37237,0.16809861,0.23171233
37238,0.45944312,0.37690082
37239,0.11657305,0.6966483
37240,0.14720756,0.8094071
37241,0.07663805,0.08120799
37242,0.34475884,0.9619609
37243,0.06447964,0.73508936
37244,0.15517049,0.6793431
37245,0.81300426,0.9598723
37246,0.09405032,0.14538118
37247,0.117437765,0.7564154
37248,0.04351843,0.17867671
37249,0.43945587,0.42471766
37250,0.2083553,0.54269296
37251,0.13500865,0.1625017
37252,0.03998988,0.10433513
37253,0.059222832,0.68972975
37254,0.33923656,0.65081555
37255,0.5239023,0.94874287
37256,0.15316717,0.24206138
37257,0.5062247,0.7113871
37258,0.15307356,0.3205463
37259,0.059355345,0.097127564
37260,0.08132032,0.1553685
37261,0.11170538,0.49651536
37262,0.13048007,0.6233338
37263,0.04526536,0.212891
37264,0.061583,0.1521273
37265,0.09401349,0.3769111
37266,0.63904244,0.83157134
37267,0.19370908,0.71598625
37268,0.12424911,0.9363756
37269,0.055773776,0.61837274
37270,0.119386375,0.36335766
37271,0.29381648,0.9447819
37272,0.034381382,0.0974184
37273,0.070907295,0.21844319
37274,0.082265966,0.051424757
37275,0.034844335,0.10527091
37276,0.1069159,0.23209609
37277,0.0657655,0.22150685
37278,0.5330389,0.79861206
37279,0.5000449,0.9549158
37280,0.2701527,0.8662823
37281,0.08613222,0.5757297
37282,0.1656836,0.941976
37283,0.0508086,0.07085163
37284,0.07873039,0.16250315
37285,0.036104914,0.10843149
37286,0.080282465,0.9365824
37287,0.13088311,0.47889596
37288,0.22884446,0.74887705
37289,0.20203948,0.2589629
37290,0.8905505,0.9101454
37291,0.11389341,0.80387497
37292,0.17457254,0.30970022
37293,0.9004054,0.96527517
37294,0.03894348,0.07827164
37295,0.09755639,0.61009836
37296,0.13496825,0.5626496
37297,0.031343643,0.49646398
37298,0.11557937,0.87856287
37299,0.10631223,0.104084484
37300,0.18610914,0.27691057
37301,0.119286306,0.39449763
37302,0.0846815,0.95818
37303,0.2659469,0.30269155
37304,0.043237075,0.04347799
37305,0.0469171,0.51710105
37306,0.035170797,0.038791355
37307,0.10484144,0.48257262
37308,0.6437528,0.56327087
37309,0.55361384,0.91122067
37310,0.5255436,0.60963887
37311,0.019171985,0.10052887
37312,0.009650587,0.014691011
37313,0.21489008,0.8388963
37314,0.3614152,0.40506124
37315,0.27529922,0.9185032
37316,0.1202164,0.54846734
37317,0.16411196,0.52002895
37318,0.08024596,0.10242886
37319,0.21368267,0.63470817
37320,0.13158177,0.19597639
37321,0.031673893,0.09102715
37322,0.11948974,0.2940535
37323,0.21574295,0.3103939
37324,0.36718395,0.2617579
37325,0.10317801,0.748979
37326,0.051623236,0.7977371
37327,0.037820578,0.078380615
37328,0.14201373,0.58454823
37329,0.6811075,0.8833133
37330,0.03721017,0.20259476
37331,0.10565406,0.2058034
37332,0.04253425,0.21605228
37333,0.09704547,0.4396551
37334,0.113115974,0.1602417
37335,0.10553359,0.2027175
37336,0.10235129,0.16429526
37337,0.017280756,0.07896056
37338,0.05717609,0.82495016
37339,0.034871705,0.04278316
37340,0.38755235,0.7063402
37341,0.58485025,0.066719376
37342,0.124951355,0.42259276
37343,0.2247694,0.8290096
37344,0.124162026,0.3176783
37345,0.7776288,0.78097457
37346,0.041498188,0.05440367
37347,0.16070464,0.14313985
37348,0.11131328,0.5677809
37349,0.049189232,0.5808136
37350,0.08515256,0.21518543
37351,0.03665357,0.04608304
37352,0.08237443,0.17210959
37353,0.28421378,0.73576856
37354,0.1427708,0.6890401
37355,0.07915584,0.22136657
37356,0.04559102,0.12142446
37357,0.06908154,0.26711497
37358,0.16063952,0.5534198
37359,0.2044345,0.14135233
37360,0.024894064,0.030794857
37361,0.055776015,0.13474964
37362,0.027985493,0.25328976
37363,0.34830388,0.8175678
37364,0.069913864,0.10873441
37365,0.05875604,0.16207731
37366,0.5297373,0.6754134
37367,0.07777173,0.5426246
37368,0.07893426,0.560952
37369,0.03341847,0.120371126
37370,0.04855416,0.13940296
37371,0.12827832,0.19325912
37372,0.4141549,0.69647694
37373,0.54431146,0.23246218
37374,0.063338995,0.06785484
37375,0.09370685,0.30177692
37376,0.09384554,0.29797313
37377,0.039819628,0.18302757
37378,0.0534912,0.1495014
37379,0.108415514,0.09378226
37380,0.847876,0.89192164
37381,0.34231582,0.71505684
37382,0.1337259,0.96635747
37383,0.39545012,0.49310172
37384,0.07417967,0.10351062
37385,0.032275558,0.45702195
37386,0.12553726,0.2244965
37387,0.09192102,0.72476643
37388,0.574544,0.73721915
37389,0.36687362,0.5804818
37390,0.04590291,0.07173327
37391,0.094409704,0.8544008
37392,0.41052818,0.35636336
37393,0.104953945,0.5373987
37394,0.055718254,0.029194033
37395,0.26291478,0.4453308
37396,0.09342827,0.3819835
37397,0.10922868,0.29041713
37398,0.10044877,0.6595897
37399,0.03406702,0.06288955
37400,0.38619244,0.5581441
37401,0.7736971,0.7749815
37402,0.13585047,0.062136695
37403,0.5810487,0.24696323
37404,0.074344285,0.20343173
37405,0.26358894,0.96741563
37406,0.19789597,0.53615534
37407,0.09084308,0.90399736
37408,0.07263618,0.7255862
37409,0.14483434,0.39657897
37410,0.21173814,0.3923532
37411,0.07225849,0.7362597
37412,0.032607775,0.19137971
37413,0.10554017,0.16132633
37414,0.025209734,0.06510615
37415,0.6282339,0.88620245
37416,0.052090727,0.20977221
37417,0.48325205,0.19415514
37418,0.34971842,0.50396466
37419,0.021790901,0.04381669
37420,0.09423316,0.6730189
37421,0.029486947,0.1253227
37422,0.044756018,0.11307959
37423,0.1554,0.3780131
37424,0.21850106,0.6476508
37425,0.072807774,0.45038354
37426,0.09964894,0.379033
37427,0.06769763,0.12761432
37428,0.08473143,0.21342932
37429,0.026385011,0.07878152
37430,0.8835975,0.8993353
37431,0.11416161,0.38821316
37432,0.04988667,0.09543977
37433,0.38133,0.41608244
37434,0.46076277,0.65271324
37435,0.08822489,0.5801585
37436,0.1447592,0.8069058
37437,0.2011936,0.074118525
37438,0.037705276,0.042754386
37439,0.07203325,0.3741728
37440,0.44086304,0.7701048
37441,0.020099428,0.19318813
37442,0.044846687,0.30240753
37443,0.036422014,0.08071064
37444,0.4498435,0.8452406
37445,0.055638503,0.58456385
37446,0.65476143,0.95218307
37447,0.07855717,0.1534105
37448,0.1597525,0.5310323
37449,0.04478487,0.040780924
37450,0.027691837,0.050526954
37451,0.24907285,0.86887884
37452,0.04127448,0.37596878
37453,0.65169513,0.9695076
37454,0.21458328,0.7954082
37455,0.47461995,0.3411259
37456,0.125948,0.7783139
37457,0.6966308,0.95629036
37458,0.07601382,0.108046964
37459,0.5823267,0.24993722
37460,0.08188862,0.17520696
37461,0.78908396,0.88414836
37462,0.06476393,0.20496675
37463,0.10675695,0.39308152
37464,0.029465748,0.5553439
37465,0.30167225,0.8635064
37466,0.6615805,0.8537601
37467,0.024511615,0.09130382
37468,0.03891842,0.45228887
37469,0.1488725,0.34689525
37470,0.0606511,0.03542065
37471,0.2065148,0.9661874
37472,0.056708653,0.7057323
37473,0.14039065,0.09762358
37474,0.0995331,0.16822678
37475,0.09751914,0.47554353
37476,0.5658627,0.7754488
37477,0.09884473,0.549451
37478,0.045653366,0.6582841
37479,0.06792843,0.07483495
37480,0.037402578,0.08153234
37481,0.60793906,0.8596801
37482,0.07379182,0.07668777
37483,0.2374602,0.22133659
37484,0.7993415,0.86744213
37485,0.13657658,0.81876975
37486,0.07121726,0.18838556
37487,0.3996783,0.49252325
37488,0.055821657,0.047298774
37489,0.11759108,0.52653354
37490,0.16502997,0.6228632
37491,0.06473721,0.6293236
37492,0.06651282,0.8619378
37493,0.01134347,0.051655803
37494,0.08785097,0.1939143
37495,0.064815,0.4262875
37496,0.2607603,0.81510717
37497,0.024799615,0.031657312
37498,0.18118641,0.6116695
37499,0.030169275,0.040602632
37500,0.29236108,0.46574268
37501,0.06290157,0.24935769
37502,0.62911063,0.85736626
37503,0.036023147,0.05232925
37504,0.27090254,0.7235241
37505,0.43803918,0.92574924
37506,0.056447033,0.06429926
37507,0.06293027,0.105513506
37508,0.58499795,0.68657875
37509,0.045014814,0.29176968
37510,0.47832415,0.8187893
37511,0.066950016,0.105191655
37512,0.26630396,0.5533184
37513,0.2740575,0.48382545
37514,0.07959457,0.20283996
37515,0.037853915,0.1701187
37516,0.042606033,0.06802842
37517,0.12633602,0.9135116
37518,0.045406062,0.030594569
37519,0.07937892,0.27772912
37520,0.4810813,0.848639
37521,0.05378997,0.034173165
37522,0.1795219,0.13476034
37523,0.14647858,0.4717007
37524,0.61738116,0.8694833
37525,0.39700133,0.4956898
37526,0.065954335,0.7349967
37527,0.037440766,0.054379024
37528,0.15285216,0.48487103
37529,0.3274783,0.7840622
37530,0.10939178,0.94739556
37531,0.03636475,0.04810498
37532,0.108641505,0.7615654
37533,0.024125425,0.04621159
37534,0.1669303,0.15130632
37535,0.6103138,0.83997804
37536,0.03581465,0.028193198
37537,0.31579039,0.6878551
37538,0.04282503,0.013454205
37539,0.21134889,0.43510225
37540,0.042197596,0.07491133
37541,0.040315356,0.025378717
37542,0.51117,0.7575432
37543,0.31611675,0.7915228
37544,0.036829803,0.87477005
37545,0.30151173,0.23908438
37546,0.05363387,0.50415134
37547,0.6280647,0.8397635
37548,0.08183811,0.6807533
37549,0.5864216,0.90716225
37550,0.1265134,0.25361687
37551,0.03884992,0.0786359
37552,0.10976308,0.5853527
37553,0.14161763,0.6342711
37554,0.019926352,0.103521705
37555,0.118632846,0.6775493
37556,0.11562554,0.3295299
37557,0.08378108,0.15953396
37558,0.10874804,0.6041654
37559,0.08391142,0.5506554
37560,0.09293899,0.44103754
37561,0.057166647,0.29698092
37562,0.3440927,0.13686709
37563,0.058966577,0.7511927
37564,0.22242251,0.7199095
37565,0.2546806,0.58234966
37566,0.22676767,0.24571742
37567,0.66511595,0.86712825
37568,0.046780616,0.3085088
37569,0.059855983,0.19751492
37570,0.85339135,0.9739258
37571,0.32758692,0.26009002
37572,0.3336632,0.39020056
37573,0.06831244,0.15304908
37574,0.10922435,0.20793445
37575,0.038472146,0.22553174
37576,0.38113213,0.90713614
37577,0.03312161,0.17496875
37578,0.14023557,0.099599645
37579,0.6468298,0.6621227
37580,0.05674037,0.058106408
37581,0.17777698,0.12710714
37582,0.11786189,0.7730414
37583,0.110900775,0.3282602
37584,0.045798857,0.07612453
37585,0.15102306,0.029180758
37586,0.09816367,0.47996876
37587,0.8557592,0.90438086
37588,0.15282084,0.2265513
37589,0.14498109,0.5636471
37590,0.12854944,0.264973
37591,0.18609838,0.6623754
37592,0.09875105,0.48394457
37593,0.22566062,0.80937755
37594,0.38094512,0.81568414
37595,0.3282325,0.3349511
37596,0.09255419,0.2828338
37597,0.14587933,0.732388
37598,0.09726665,0.22435749
37599,0.016026719,0.055113453
37600,0.091434516,0.18134868
37601,0.10069139,0.85569954
37602,0.19609962,0.2049065
37603,0.44195667,0.6663139
37604,0.043197352,0.07558014
37605,0.6215513,0.7853059
37606,0.10645425,0.20429751
37607,0.2810007,0.31396854
37608,0.06575809,0.31549647
37609,0.06953588,0.76605594
37610,0.11240957,0.32631654
37611,0.26145783,0.3328834
37612,0.10316182,0.8563185
37613,0.65066,0.88507825
37614,0.45872632,0.8942808
37615,0.06289426,0.0698245
37616,0.16664442,0.10029052
37617,0.11652253,0.084475785
37618,0.0448488,0.10020246
37619,0.044280224,0.07341684
37620,0.587371,0.53727627
37621,0.053704355,0.96973306
37622,0.14660026,0.71881765
37623,0.07735211,0.38077113
37624,0.7610889,0.9737983
37625,0.06391053,0.72487104
37626,0.6312177,0.69131106
37627,0.07101668,0.14998788
37628,0.07632301,0.917186
37629,0.0824331,0.25086558
37630,0.1063261,0.057740238
37631,0.1258472,0.3360546
37632,0.09316869,0.84691274
37633,0.24830495,0.40010303
37634,0.045592695,0.0684957
37635,0.12736249,0.49983603
37636,0.1632881,0.5997306
37637,0.12804042,0.6168433
37638,0.11692115,0.13442971
37639,0.327988,0.6141444
37640,0.3449943,0.8197503
37641,0.22769208,0.8748126
37642,0.4463677,0.9323739
37643,0.2193163,0.71248347
37644,0.5418475,0.36578453
37645,0.11359848,0.32407844
37646,0.067637056,0.79836774
37647,0.08168366,0.08976645
37648,0.2641337,0.46568027
37649,0.032694504,0.4526344
37650,0.2668887,0.8858275
37651,0.04889069,0.8954332
37652,0.30989808,0.64856845
37653,0.053298526,0.62914973
37654,0.05295618,0.15500982
37655,0.8830145,0.82986456
37656,0.025014982,0.91652614
37657,0.081072554,0.23787358
37658,0.07940663,0.35441622
37659,0.010820725,0.04827917
37660,0.08035299,0.22407429
37661,0.19192939,0.48500663
37662,0.05699635,0.9323131
37663,0.09260168,0.3246154
37664,0.04536243,0.08429173
37665,0.06758379,0.23984957
37666,0.5129258,0.6867306
37667,0.09874356,0.26166376
37668,0.056624055,0.73432803
37669,0.16158342,0.5897833
37670,0.12809366,0.691968
37671,0.023280628,0.05423794
37672,0.5107934,0.40635008
37673,0.118312605,0.08243522
37674,0.20917557,0.31400815
37675,0.53868026,0.5704477
37676,0.06764143,0.07684556
37677,0.04476635,0.17097868
37678,0.16928451,0.16179127
37679,0.106258735,0.8635991
37680,0.08266994,0.13651621
37681,0.3955475,0.38770884
37682,0.1678201,0.2926742
37683,0.17147264,0.5591834
37684,0.14893256,0.29802898
37685,0.16268323,0.30586204
37686,0.18389744,0.23159295
37687,0.081947565,0.2011687
37688,0.0489038,0.16690153
37689,0.7485868,0.7190407
37690,0.070525564,0.28991097
37691,0.47724685,0.8930985
37692,0.22424027,0.24854246
37693,0.43957314,0.80498177
37694,0.030242236,0.3329478
37695,0.68955106,0.7405332
37696,0.5542557,0.70583934
37697,0.1870604,0.44934
37698,0.1551887,0.38330954
37699,0.04683002,0.07232089
37700,0.056629393,0.26790008
37701,0.10841649,0.7243778
37702,0.14932814,0.18810974
37703,0.09308474,0.2151351
37704,0.12106445,0.70186335
37705,0.5980004,0.7524384
37706,0.10395425,0.23739511
37707,0.056390807,0.022075716
37708,0.38146263,0.8437859
37709,0.5781909,0.8126957
37710,0.20456009,0.37941948
37711,0.102476545,0.12429054
37712,0.2712093,0.7525647
37713,0.0864894,0.9596931
37714,0.619982,0.95755434
37715,0.589821,0.8331935
37716,0.42862824,0.39357665
37717,0.8401982,0.85770106
37718,0.07637478,0.7767349
37719,0.8768022,0.91613674
37720,0.120905705,0.42853183
37721,0.10394375,0.669273
37722,0.31761563,0.93389374
37723,0.5276465,0.92187804
37724,0.24332449,0.7217533
37725,0.17295597,0.5302716
37726,0.14289425,0.17113668
37727,0.27319673,0.29779822
37728,0.08805549,0.35520867
37729,0.5173925,0.65056425
37730,0.19834848,0.6632001
37731,0.030940682,0.33549452
37732,0.6997223,0.69502866
37733,0.5887914,0.6247503
37734,0.5350068,0.6329345
37735,0.10366403,0.1738219
37736,0.46286297,0.7500463
37737,0.19791532,0.10311122
37738,0.17846972,0.59488815
37739,0.81215453,0.68150944
37740,0.78250444,0.8721434
37741,0.29417807,0.6481817
37742,0.48649308,0.28646365
37743,0.70327455,0.7865185
37744,0.018737907,0.09040367
37745,0.097131595,0.8865561
37746,0.22262593,0.84156644
37747,0.088579565,0.17474924
37748,0.5682074,0.819721
37749,0.809498,0.8686825
37750,0.1455822,0.5389024
37751,0.057898354,0.06889981
37752,0.81710154,0.93422085
37753,0.13073204,0.21872875
37754,0.0897171,0.19444022
37755,0.15332693,0.5088539
37756,0.08830476,0.090564504
37757,0.13541615,0.21416962
37758,0.049016196,0.11403644
37759,0.025699914,0.011630927
37760,0.08772452,0.5391378
37761,0.2664164,0.5163282
37762,0.7041213,0.80747086
37763,0.10409064,0.20987974
37764,0.07908648,0.70439136
37765,0.07009391,0.21523216
37766,0.10239868,0.30659026
37767,0.48508647,0.79633826
37768,0.26964474,0.21699598
37769,0.063881606,0.13907197
37770,0.060994502,0.10654046
37771,0.108865134,0.61163867
37772,0.21177398,0.8734992
37773,0.28959543,0.32677472
37774,0.1588803,0.8458233
37775,0.050880007,0.36475053
37776,0.17187046,0.15035783
37777,0.12215089,0.33405328
37778,0.038877152,0.07678773
37779,0.86141443,0.9646652
37780,0.12988119,0.029764349
37781,0.040196195,0.023240615
37782,0.24685521,0.57338274
37783,0.04762959,0.038505655
37784,0.072690345,0.358558
37785,0.08800167,0.231366
37786,0.12597634,0.2303881
37787,0.6277866,0.6177202
37788,0.6323274,0.50699186
37789,0.072614,0.2312838
37790,0.0787568,0.12628642
37791,0.29282704,0.71270674
37792,0.22227447,0.9632965
37793,0.07180136,0.10455107
37794,0.23053029,0.432244
37795,0.04030175,0.07661791
37796,0.06186594,0.03807488
37797,0.039655887,0.03321595
37798,0.037924707,0.029046008
37799,0.037727486,0.7104775
37800,0.26112032,0.40782246
37801,0.0855969,0.08787915
37802,0.30663472,0.5721435
37803,0.31252027,0.6633488
37804,0.5912019,0.8859023
37805,0.19654268,0.06396478
37806,0.54503345,0.80636144
37807,0.8773219,0.97693956
37808,0.09336702,0.3037608
37809,0.15117785,0.65614694
37810,0.7927467,0.80918163
37811,0.15071122,0.20709728
37812,0.48295578,0.7615134
37813,0.026601195,0.35680786
37814,0.2691251,0.63476026
37815,0.095842056,0.35769552
37816,0.07352768,0.14053555
37817,0.6148027,0.9055248
37818,0.32803592,0.21700513
37819,0.39153004,0.43504766
37820,0.18357837,0.9219832
37821,0.16843826,0.94147456
37822,0.11238622,0.5897976
37823,0.03833619,0.11249476
37824,0.09904454,0.74661225
37825,0.05630408,0.02965977
37826,0.14481054,0.9118551
37827,0.4680118,0.7019735
37828,0.016891047,0.060270026
37829,0.23732938,0.4009891
37830,0.5298479,0.9305369
37831,0.05005947,0.6743644
37832,0.045942493,0.15647295
37833,0.035600245,0.91361356
37834,0.89837164,0.95758134
37835,0.029549837,0.09217517
37836,0.087825485,0.94917744
37837,0.08190998,0.09014907
37838,0.6793162,0.82005095
37839,0.13186507,0.13304707
37840,0.027891265,0.13707499
37841,0.04926308,0.12542504
37842,0.28510845,0.7296665
37843,0.04984264,0.17828046
37844,0.07072239,0.9516084
37845,0.29828736,0.7981088
37846,0.073474824,0.2002286
37847,0.8395326,0.97231096
37848,0.045003593,0.15263978
37849,0.081027724,0.5918072
37850,0.25060838,0.6335091
37851,0.15695833,0.17618273
37852,0.21361606,0.22138952
37853,0.1475002,0.49725768
37854,0.14589114,0.42610464
37855,0.4748922,0.6177169
37856,0.21925487,0.2620541
37857,0.5208292,0.70148003
37858,0.06379709,0.17771825
37859,0.13001817,0.33340827
37860,0.15500012,0.10065455
37861,0.6744644,0.5125904
37862,0.5569887,0.8936427
37863,0.06158423,0.06126237
37864,0.09476772,0.27462685
37865,0.05818719,0.09883562
37866,0.3057326,0.49630055
37867,0.14863817,0.43685296
37868,0.05251674,0.027556581
37869,0.03239463,0.064733975
37870,0.03987061,0.02302564
37871,0.26562545,0.20474412
37872,0.100163,0.59028953
37873,0.10515956,0.5297258
37874,0.047298774,0.098308034
37875,0.13742591,0.8916713
37876,0.13405856,0.5188493
37877,0.12873706,0.7362505
37878,0.19295508,0.12561269
37879,0.08666635,0.13073789
37880,0.5119168,0.55183774
37881,0.10404925,0.9357594
37882,0.10726341,0.15857029
37883,0.18728188,0.4979439
37884,0.21854822,0.7874509
37885,0.033497296,0.046366505
37886,0.09553694,0.56975526
37887,0.12409912,0.08150169
37888,0.069953874,0.22573607
37889,0.03799935,0.09402289
37890,0.054622687,0.8375568
37891,0.03862636,0.019957416
37892,0.115856715,0.1455826
37893,0.81838465,0.84591115
37894,0.33294922,0.19363062
37895,0.027236052,0.063581504
37896,0.14802472,0.8348117
37897,0.22543818,0.1278975
37898,0.08790784,0.07882521
37899,0.03642349,0.41858616
37900,0.09736209,0.3014837
37901,0.5041978,0.80582416
37902,0.06148242,0.2873796
37903,0.08135965,0.8185963
37904,0.6011886,0.9468795
37905,0.17017928,0.29819164
37906,0.052585788,0.44847164
37907,0.029363204,0.048857655
37908,0.2235836,0.090765625
37909,0.16614833,0.73996395
37910,0.7496253,0.9034741
37911,0.12516564,0.24573435
37912,0.0792974,0.28102338
37913,0.052901097,0.24063623
37914,0.08482459,0.6730491
37915,0.063700244,0.1448591
37916,0.78471375,0.96431077
37917,0.08339763,0.12717266
37918,0.14595783,0.9275099
37919,0.20533508,0.44156095
37920,0.21955223,0.5716618
37921,0.3020074,0.62744904
37922,0.08110848,0.23899418
37923,0.09507158,0.63531333
37924,0.06260297,0.57075423
37925,0.1824377,0.8950134
37926,0.10725841,0.6054178
37927,0.13932031,0.28584108
37928,0.12744823,0.24500258
37929,0.5042499,0.51365036
37930,0.028987978,0.028206468
37931,0.7156918,0.72506714
37932,0.016997678,0.09759731
37933,0.58234036,0.6159641
37934,0.050150182,0.121396266
37935,0.08320487,0.89508104
37936,0.27062464,0.22794902
37937,0.04302124,0.10931751
37938,0.51263696,0.8448408
37939,0.62717205,0.85400695
37940,0.057950947,0.15078333
37941,0.14490104,0.16400231
37942,0.43053403,0.3836163
37943,0.061229516,0.15984838
37944,0.053217117,0.14278328
37945,0.4892549,0.8125846
37946,0.026958503,0.18805428
37947,0.8229886,0.95354414
37948,0.7234214,0.94253534
37949,0.06061724,0.39911762
37950,0.027204756,0.0957953
37951,0.041168094,0.14327966
37952,0.11936599,0.18463422
37953,0.07428589,0.8029578
37954,0.114996575,0.3101547
37955,0.8243595,0.8082473
37956,0.08752906,0.7630857
37957,0.11503083,0.4391934
37958,0.053758115,0.07338962
37959,0.07436326,0.75431913
37960,0.7404987,0.92614836
37961,0.105945215,0.08319024
37962,0.23837611,0.0744094
37963,0.13486719,0.8957038
37964,0.033738907,0.048479307
37965,0.7402594,0.91296595
37966,0.07450351,0.5494657
37967,0.050932024,0.03352233
37968,0.08147606,0.0676578
37969,0.07762665,0.7261402
37970,0.013995768,0.034240335
37971,0.12615189,0.16357918
37972,0.34562626,0.39649004
37973,0.23730455,0.18926726
37974,0.5375548,0.35395396
37975,0.19220868,0.7588291
37976,0.3389245,0.40130115
37977,0.15127651,0.1820348
37978,0.29662517,0.64175195
37979,0.05921013,0.12653795
37980,0.16050175,0.15098555
37981,0.08015774,0.1771193
37982,0.11295914,0.2870134
37983,0.13084142,0.19117679
37984,0.06782406,0.1335082
37985,0.18590057,0.7209735
37986,0.06725426,0.066969045
37987,0.1550629,0.54577136
37988,0.15264182,0.33766112
37989,0.07102118,0.124875106
37990,0.022607923,0.047651213
37991,0.09471073,0.78888124
37992,0.088057145,0.80939585
37993,0.07376352,0.53289384
37994,0.070691675,0.12958254
37995,0.10137294,0.1809576
37996,0.64596254,0.87199026
37997,0.266103,0.26573065
37998,0.27070165,0.84136325
37999,0.45860133,0.82686496
38000,0.29646796,0.16712905
38001,0.16861527,0.9188983
38002,0.67653155,0.8881558
38003,0.40098885,0.7455283
38004,0.06378642,0.09138143
38005,0.42508638,0.8673427
38006,0.050228126,0.055940043
38007,0.5931644,0.8696518
38008,0.102953576,0.47602275
38009,0.05103445,0.07816397
38010,0.17293309,0.5166139
38011,0.67205256,0.77909833
38012,0.06197056,0.58452284
38013,0.03456232,0.64422566
38014,0.09443068,0.24761663
38015,0.12193439,0.9323413
38016,0.1260383,0.17488475
38017,0.057451032,0.3142378
38018,0.050139837,0.15764546
38019,0.56622887,0.82478744
38020,0.044893395,0.26694947
38021,0.13424808,0.17096482
38022,0.5717723,0.8614276
38023,0.20132077,0.1258087
38024,0.6986944,0.5650836
38025,0.14836058,0.06736346
38026,0.016505474,0.12086997
38027,0.4749362,0.8771208
38028,0.3306045,0.7025092
38029,0.041514818,0.09845783
38030,0.11605827,0.49306792
38031,0.6844767,0.80663455
38032,0.06945218,0.50075436
38033,0.08596187,0.28344038
38034,0.116963886,0.1576445
38035,0.078580365,0.07531369
38036,0.15302707,0.15257639
38037,0.05757831,0.0215828
38038,0.08897377,0.8876645
38039,0.063269794,0.917356
38040,0.24515377,0.2281919
38041,0.10705514,0.4017761
38042,0.05569938,0.040526293
38043,0.07190173,0.25445762
38044,0.20989537,0.76352495
38045,0.1465753,0.3404132
38046,0.038014226,0.4632922
38047,0.07041537,0.4983056
38048,0.13125044,0.24346653
38049,0.09943792,0.17587693
38050,0.039519858,0.078983136
38051,0.092055134,0.8961641
38052,0.065671794,0.07083398
38053,0.16825642,0.13861863
38054,0.5168718,0.819811
38055,0.08383545,0.03830458
38056,0.5725655,0.83855855
38057,0.53105104,0.5401631
38058,0.06405022,0.9084801
38059,0.084948584,0.21882012
38060,0.1497335,0.93005913
38061,0.61444163,0.7554381
38062,0.26235488,0.014165825
38063,0.28448147,0.70248735
38064,0.034138832,0.060064342
38065,0.02654694,0.07361804
38066,0.10692865,0.73069817
38067,0.05410549,0.1188368
38068,0.20648526,0.29955888
38069,0.05501481,0.603648
38070,0.15093042,0.47268403
38071,0.066769496,0.33178863
38072,0.03327813,0.07184467
38073,0.21547262,0.91432744
38074,0.079423815,0.55047804
38075,0.82606447,0.7778327
38076,0.14274527,0.8929615
38077,0.06233349,0.12451897
38078,0.05862037,0.14223102
38079,0.05391434,0.16895658
38080,0.6676807,0.7974372
38081,0.069275714,0.8274304
38082,0.11805047,0.14394744
38083,0.89582026,0.84442216
38084,0.760763,0.6401674
38085,0.055098034,0.057419356
38086,0.09944929,0.4786314
38087,0.22934091,0.89317036
38088,0.10190032,0.7115056
38089,0.37530574,0.9341296
38090,0.062395614,0.047162168
38091,0.11806073,0.18947235
38092,0.19205396,0.9262817
38093,0.11565375,0.29430592
38094,0.12068549,0.70239407
38095,0.13341507,0.76861817
38096,0.4840633,0.67603725
38097,0.036222536,0.06539326
38098,0.124881886,0.32792023
38099,0.06993876,0.2009577
38100,0.040157977,0.037659116
38101,0.11650215,0.8720314
38102,0.05566761,0.08744845
38103,0.03451829,0.11319109
38104,0.094425455,0.80598
38105,0.09470666,0.33127794
38106,0.04016738,0.07953877
38107,0.091940165,0.2792913
38108,0.03725675,0.04762747
38109,0.27085415,0.58086026
38110,0.045801762,0.06115431
38111,0.077584945,0.73595524
38112,0.08210449,0.0661663
38113,0.569146,0.56111497
38114,0.039662804,0.13482155
38115,0.054620337,0.9046383
38116,0.2351218,0.34041846
38117,0.01820458,0.045573644
38118,0.7859466,0.9402469
38119,0.15129398,0.6913505
38120,0.16887064,0.20353818
38121,0.06970251,0.1637037
38122,0.09325039,0.9210986
38123,0.15866287,0.51697224
38124,0.053565126,0.31515047
38125,0.22032925,0.23167923
38126,0.11831517,0.47100022
38127,0.4473934,0.88284457
38128,0.06843481,0.122051366
38129,0.05523419,0.0818673
38130,0.057729423,0.9423043
38131,0.055908892,0.09310951
38132,0.03973451,0.14051458
38133,0.07438228,0.07404181
38134,0.040620904,0.07874688
38135,0.050842855,0.41577625
38136,0.10438067,0.65127814
38137,0.87339073,0.6910795
38138,0.028617209,0.10825529
38139,0.8649007,0.88537514
38140,0.09001477,0.11829469
38141,0.13487448,0.6508873
38142,0.57599854,0.6416355
38143,0.79854923,0.83865935
38144,0.32594922,0.6538009
38145,0.2895354,0.68294305
38146,0.20612268,0.9350689
38147,0.030573124,0.0313867
38148,0.8337819,0.8880061
38149,0.07182688,0.19677477
38150,0.24458991,0.5008866
38151,0.8220397,0.88649297
38152,0.0779213,0.4380648
38153,0.35861936,0.90584105
38154,0.033696435,0.03461621
38155,0.32445633,0.6036878
38156,0.6033184,0.75708115
38157,0.18947034,0.8661247
38158,0.11402972,0.96743625
38159,0.04692373,0.13676985
38160,0.07725192,0.9538105
38161,0.8857643,0.88995063
38162,0.1680997,0.41917002
38163,0.47388142,0.6249454
38164,0.1204761,0.523415
38165,0.039278332,0.20565854
38166,0.54764444,0.660264
38167,0.45097443,0.79111063
38168,0.01045046,0.039286163
38169,0.5828454,0.9228666
38170,0.22938496,0.75776285
38171,0.68279046,0.73738736
38172,0.3331064,0.66507566
38173,0.08310226,0.14332327
38174,0.034668162,0.1140152
38175,0.7259758,0.35151055
38176,0.56949306,0.79078794
38177,0.3386256,0.89978606
38178,0.058200154,0.3961942
38179,0.1850439,0.36575893
38180,0.5675625,0.30961025
38181,0.18648688,0.18691103
38182,0.30363905,0.8558517
38183,0.33898202,0.70334935
38184,0.04807906,0.09984585
38185,0.03957635,0.3376873
38186,0.16142082,0.17373037
38187,0.018243726,0.029977338
38188,0.06336465,0.28846726
38189,0.23069784,0.42752704
38190,0.1386395,0.736857
38191,0.071413554,0.4852385
38192,0.074169904,0.4535349
38193,0.083252795,0.8768791
38194,0.35373136,0.22928572
38195,0.25901496,0.35209617
38196,0.03184358,0.029116431
38197,0.034533594,0.17456092
38198,0.25659811,0.54416233
38199,0.10460079,0.17000636
38200,0.025772883,0.033084817
38201,0.0757425,0.33057746
38202,0.7983447,0.8539701
38203,0.13407232,0.07981307
38204,0.037833165,0.23529264
38205,0.05725654,0.6081412
38206,0.5048886,0.69473773
38207,0.16945839,0.590443
38208,0.18855867,0.93158436
38209,0.09118915,0.20185667
38210,0.25083208,0.76357067
38211,0.10008988,0.3138804
38212,0.26424232,0.764204
38213,0.0282493,0.01368575
38214,0.36235636,0.6278664
38215,0.033924315,0.36948586
38216,0.11725261,0.46863356
38217,0.026071157,0.047067247
38218,0.12012583,0.82323205
38219,0.039615694,0.042521235
38220,0.3611839,0.39041144
38221,0.047020633,0.6127178
38222,0.120255746,0.21659866
38223,0.47074035,0.87804663
38224,0.095889375,0.27584952
38225,0.05956446,0.22706358
38226,0.3213537,0.36061898
38227,0.13613127,0.5853017
38228,0.09452095,0.4469251
38229,0.75756705,0.7854221
38230,0.062362578,0.06486321
38231,0.061867826,0.17814127
38232,0.1925208,0.6277676
38233,0.22321327,0.120610334
38234,0.057063393,0.19384557
38235,0.40653488,0.3770255
38236,0.9223448,0.8893623
38237,0.11598027,0.6806865
38238,0.021536404,0.019001773
38239,0.07237411,0.122632265
38240,0.29468086,0.59108925
38241,0.044259623,0.29450268
38242,0.018254602,0.057975587
38243,0.09121763,0.10676563
38244,0.025124675,0.01874201
38245,0.24024034,0.18079458
38246,0.062748194,0.17993864
38247,0.48167416,0.18715596
38248,0.63853335,0.71696377
38249,0.09496732,0.18558167
38250,0.21058999,0.30531752
38251,0.5549899,0.5836095
38252,0.02354587,0.030733958
38253,0.44369802,0.3167519
38254,0.3741493,0.35849562
38255,0.854721,0.9548237
38256,0.057355493,0.5053053
38257,0.12023513,0.13950157
38258,0.7471179,0.78344154
38259,0.02572939,0.036679514
38260,0.0984314,0.26965252
38261,0.05026655,0.08486728
38262,0.08613839,0.0802126
38263,0.047380883,0.22999345
38264,0.35364828,0.70830274
38265,0.15623268,0.40833473
38266,0.041449737,0.057590537
38267,0.069895595,0.027519614
38268,0.68592393,0.96425194
38269,0.151686,0.39534265
38270,0.057978034,0.34611297
38271,0.028649298,0.097037576
38272,0.0709484,0.40949282
38273,0.10312366,0.38613936
38274,0.18013012,0.7731308
38275,0.101401195,0.42157546
38276,0.11322384,0.44144955
38277,0.058003068,0.12573706
38278,0.4952566,0.6077442
38279,0.56447875,0.8431541
38280,0.09130313,0.1789564
38281,0.75118375,0.9404269
38282,0.062318183,0.36704803
38283,0.7566195,0.94667786
38284,0.049813166,0.277922
38285,0.14862855,0.9508153
38286,0.42836428,0.7260239
38287,0.062443234,0.40101555
38288,0.03570239,0.8439675
38289,0.13858004,0.862252
38290,0.1702439,0.29068893
38291,0.14856765,0.92197835
38292,0.4814933,0.06365634
38293,0.07631523,0.85065573
38294,0.31254783,0.37952536
38295,0.5426701,0.7782061
38296,0.029886892,0.033270713
38297,0.59419155,0.8800861
38298,0.2902783,0.57075006
38299,0.035852678,0.06997746
38300,0.7981311,0.8308718
38301,0.6043044,0.7217258
38302,0.40671706,0.47521698
38303,0.06728354,0.05841086
38304,0.06896326,0.14378701
38305,0.03640801,0.08026116
38306,0.051453095,0.50426555
38307,0.17405467,0.76510346
38308,0.06487036,0.13743696
38309,0.045783263,0.095574416
38310,0.033873398,0.096791506
38311,0.5854239,0.868634
38312,0.2859252,0.3473136
38313,0.32806644,0.39371684
38314,0.019541299,0.035560668
38315,0.49177468,0.4891807
38316,0.048292197,0.14060527
38317,0.054518234,0.033636887
38318,0.080291085,0.9655397
38319,0.33599576,0.79798824
38320,0.12296391,0.5156173
38321,0.4497027,0.31798398
38322,0.14285317,0.20372963
38323,0.24721843,0.11884251
38324,0.321701,0.9253675
38325,0.6449129,0.87076473
38326,0.05556365,0.069100685
38327,0.23077963,0.27956653
38328,0.5208352,0.5716307
38329,0.22185704,0.82773423
38330,0.41662848,0.77442884
38331,0.050816197,0.28361383
38332,0.0955384,0.2817711
38333,0.24436925,0.11120861
38334,0.547795,0.19000663
38335,0.42923126,0.39181837
38336,0.0739094,0.5265426
38337,0.6753544,0.83787596
38338,0.7367889,0.8912714
38339,0.7502981,0.82364583
38340,0.094861925,0.6854719
38341,0.8021645,0.8459982
38342,0.3845972,0.5008673
38343,0.25413162,0.558917
38344,0.122767486,0.5906675
38345,0.3335947,0.24235748
38346,0.021733364,0.050444048
38347,0.7959658,0.85570556
38348,0.024479471,0.020807395
38349,0.021685893,0.028042749
38350,0.7518575,0.91118133
38351,0.16900356,0.15583481
38352,0.05596589,0.08150672
38353,0.3000536,0.8530031
38354,0.59444463,0.7591298
38355,0.53962064,0.8569244
38356,0.3936402,0.6042073
38357,0.86843115,0.93503356
38358,0.36397552,0.34064427
38359,0.07182499,0.109955326
38360,0.057093997,0.13388981
38361,0.48008555,0.1480032
38362,0.13354735,0.10759
38363,0.08669348,0.7274736
38364,0.06603191,0.2435389
38365,0.59357774,0.915155
38366,0.35020158,0.27484348
38367,0.71414024,0.7171127
38368,0.028413111,0.015334257
38369,0.57160836,0.9059688
38370,0.20109946,0.419926
38371,0.08210345,0.13014667
38372,0.3959678,0.3684015
38373,0.3375238,0.44993106
38374,0.2554094,0.25215277
38375,0.3213384,0.68121934
38376,0.1704113,0.39382187
38377,0.4062708,0.37483534
38378,0.02127173,0.046172913
38379,0.12284558,0.5074373
38380,0.23764433,0.8415847
38381,0.42117664,0.16638216
38382,0.102277204,0.59808815
38383,0.060533796,0.044227686
38384,0.22176197,0.30892977
38385,0.05281191,0.15063252
38386,0.7302416,0.8689113
38387,0.034973957,0.55438715
38388,0.14389567,0.47953236
38389,0.37965024,0.5857385
38390,0.05207982,0.035402417
38391,0.86238706,0.94911194
38392,0.40093702,0.82291716
38393,0.7845881,0.8946476
38394,0.30262223,0.9090492
38395,0.10441185,0.2926563
38396,0.1407416,0.34727964
38397,0.6515815,0.8812424
38398,0.19435896,0.073047124
38399,0.090096846,0.19924513
38400,0.78330153,0.9358724
38401,0.40848592,0.4062121
38402,0.04583313,0.11438056
38403,0.072972015,0.32749408
38404,0.16903976,0.26040673
38405,0.41546974,0.8851554
38406,0.36426103,0.024971912
38407,0.41850787,0.35244155
38408,0.02650607,0.06888353
38409,0.033593755,0.22185186
38410,0.037225183,0.09765576
38411,0.7962937,0.8881169
38412,0.16049926,0.88748324
38413,0.11758405,0.45780808
38414,0.3740299,0.66960853
38415,0.032658298,0.10232047
38416,0.12097179,0.9030549
38417,0.14314273,0.17169069
38418,0.01875426,0.03108297
38419,0.5614655,0.5991324
38420,0.032489732,0.10276689
38421,0.32900494,0.35690767
38422,0.56261694,0.3256964
38423,0.16551909,0.81264424
38424,0.03787953,0.04072356
38425,0.22655986,0.7869155
38426,0.053509127,0.31687817
38427,0.04338317,0.16397092
38428,0.4338693,0.4279286
38429,0.5997243,0.81449246
38430,0.103545666,0.24389566
38431,0.73403674,0.74957603
38432,0.08586762,0.7714353
38433,0.8265813,0.9208594
38434,0.09006603,0.40897024
38435,0.07783144,0.41164804
38436,0.23258516,0.46845487
38437,0.17544927,0.51818585
38438,0.45651892,0.8535146
38439,0.04372894,0.12822326
38440,0.1416571,0.5905136
38441,0.6603506,0.716553
38442,0.04696941,0.6009736
38443,0.044749297,0.057181578
38444,0.068433225,0.13590568
38445,0.21814416,0.121197104
38446,0.09918039,0.3528338
38447,0.0677455,0.08791386
38448,0.09782829,0.6549579
38449,0.04511446,0.101256326
38450,0.48577884,0.8250265
38451,0.08732032,0.11018277
38452,0.6806832,0.49389267
38453,0.36798343,0.93568677
38454,0.48563328,0.9367011
38455,0.12893143,0.31950468
38456,0.09819772,0.29416847
38457,0.35344553,0.61265796
38458,0.04181923,0.04202803
38459,0.66641486,0.85484076
38460,0.08744132,0.8300809
38461,0.15668847,0.6667013
38462,0.7837862,0.6768607
38463,0.7791894,0.9303781
38464,0.09938441,0.7267813
38465,0.01748599,0.075582944
38466,0.021061996,0.021030983
38467,0.58194655,0.76885504
38468,0.12740992,0.6741534
38469,0.03100784,0.09859333
38470,0.6903431,0.9304358
38471,0.0471398,0.047116525
38472,0.15994748,0.15575773
38473,0.12582502,0.11105185
38474,0.108477116,0.22564831
38475,0.05101637,0.16459446
38476,0.046297092,0.1275905
38477,0.062160388,0.15243271
38478,0.52628,0.8011368
38479,0.3275312,0.6769971
38480,0.5439313,0.34555718
38481,0.108872116,0.29348803
38482,0.5950572,0.8945707
38483,0.03870316,0.066445746
38484,0.06217042,0.6083848
38485,0.049559906,0.7622225
38486,0.23934624,0.7965524
38487,0.10287096,0.54427713
38488,0.48710808,0.38331872
38489,0.16661699,0.21494657
38490,0.058852945,0.9547771
38491,0.35033596,0.66442037
38492,0.059776403,0.29885826
38493,0.042065106,0.023033675
38494,0.15576158,0.95144576
38495,0.19207132,0.8700978
38496,0.16687499,0.26319823
38497,0.09198476,0.42874804
38498,0.16767293,0.29520172
38499,0.026416162,0.038616385
38500,0.06619391,0.14814407
38501,0.096194685,0.8172298
38502,0.20750453,0.4999137
38503,0.09539768,0.6335542
38504,0.0954419,0.17187184
38505,0.1256918,0.4958601
38506,0.1637527,0.8557361
38507,0.8345445,0.9335153
38508,0.056742206,0.08957199
38509,0.09603747,0.060100205
38510,0.7312211,0.80789536
38511,0.099559456,0.9362448
38512,0.07313165,0.5165913
38513,0.03662632,0.30384052
38514,0.21728066,0.30706272
38515,0.08617423,0.70169497
38516,0.2747405,0.53926104
38517,0.23759826,0.5969439
38518,0.78926706,0.97059906
38519,0.027110267,0.02274558
38520,0.49195823,0.71607
38521,0.04482163,0.46182084
38522,0.13942158,0.41284934
38523,0.08214226,0.38938898
38524,0.093350194,0.51941895
38525,0.3260422,0.70715576
38526,0.7509307,0.7312407
38527,0.0883611,0.1957025
38528,0.20374,0.78142476
38529,0.023515489,0.06205166
38530,0.04398848,0.06729218
38531,0.092716955,0.46217096
38532,0.67043537,0.8354704
38533,0.0732161,0.06586384
38534,0.066104926,0.11432929
38535,0.05526443,0.80366224
38536,0.038699586,0.4678956
38537,0.81345034,0.9517182
38538,0.9279102,0.96087027
38539,0.04770474,0.52403426
38540,0.3391778,0.8295505
38541,0.1826827,0.41160136
38542,0.073773436,0.1504396
38543,0.22220856,0.74066055
38544,0.32352555,0.1153879
38545,0.61095667,0.77578187
38546,0.12723972,0.19524685
38547,0.062700525,0.55177146
38548,0.11762394,0.22512321
38549,0.1556701,0.56368786
38550,0.05004923,0.39586234
38551,0.6243309,0.5733284
38552,0.23153292,0.6343972
38553,0.44763404,0.5568054
38554,0.28438544,0.69523615
38555,0.044444654,0.25552514
38556,0.019390117,0.055891413
38557,0.08381627,0.070365116
38558,0.099730976,0.14005972
38559,0.10590496,0.50246286
38560,0.04174476,0.028736807
38561,0.7675788,0.81122553
38562,0.6327998,0.9690415
38563,0.22436078,0.06953075
38564,0.10281436,0.82485574
38565,0.5588496,0.4445621
38566,0.1461022,0.10859227
38567,0.5100558,0.8115572
38568,0.41290087,0.45648968
38569,0.041173488,0.15546997
38570,0.8444157,0.9601819
38571,0.09844244,0.77478373
38572,0.25204197,0.57269084
38573,0.06881078,0.1274436
38574,0.064878784,0.19819836
38575,0.15056235,0.43994385
38576,0.05585483,0.17751227
38577,0.071964316,0.31601244
38578,0.40632012,0.92178756
38579,0.102251776,0.85197294
38580,0.23099263,0.32103905
38581,0.73359305,0.7974719
38582,0.77957726,0.8824932
38583,0.13038932,0.3500924
38584,0.4661298,0.5773579
38585,0.32629982,0.31388444
38586,0.06492322,0.017058337
38587,0.04816631,0.16560853
38588,0.040172692,0.66733086
38589,0.027240695,0.05322115
38590,0.18162706,0.68699956
38591,0.05614872,0.44861266
38592,0.19722238,0.608425
38593,0.33020523,0.8759025
38594,0.03228448,0.031401765
38595,0.056063786,0.09594144
38596,0.5242678,0.90474164
38597,0.21681453,0.09515406
38598,0.23094831,0.37056634
38599,0.13229398,0.52921325
38600,0.02922282,0.022425273
38601,0.19145977,0.25239226
38602,0.7487745,0.9306732
38603,0.065365694,0.09427265
38604,0.83483857,0.93571913
38605,0.1679999,0.20881893
38606,0.089381374,0.37180737
38607,0.38778207,0.82731605
38608,0.18647528,0.06774497
38609,0.16699445,0.28486896
38610,0.08311166,0.59652555
38611,0.059082314,0.59913784
38612,0.18345559,0.8943962
38613,0.10643203,0.36343136
38614,0.024148451,0.026945889
38615,0.06652332,0.09107667
38616,0.061890773,0.054892685
38617,0.23451789,0.08569777
38618,0.12168026,0.49136108
38619,0.0943373,0.1095173
38620,0.09631919,0.61001164
38621,0.5095292,0.931587
38622,0.08841465,0.17311656
38623,0.10031006,0.20284845
38624,0.032112427,0.018925074
38625,0.039924197,0.066035956
38626,0.22329254,0.80905354
38627,0.89128065,0.94686806
38628,0.03917072,0.06342247
38629,0.6276999,0.7899862
38630,0.20610248,0.4776931
38631,0.12014005,0.48843288
38632,0.07570105,0.9172811
38633,0.20457,0.327049
38634,0.08079375,0.12616135
38635,0.016668407,0.64066184
38636,0.18316859,0.9654948
38637,0.078508355,0.24755637
38638,0.060561962,0.054537836
38639,0.85082,0.519621
38640,0.030427141,0.08669101
38641,0.5368387,0.65948737
38642,0.03429344,0.056838065
38643,0.6992726,0.9243004
38644,0.023044858,0.5094994
38645,0.4807418,0.75484556
38646,0.78782386,0.6887871
38647,0.013978642,0.11417305
38648,0.6851566,0.85022527
38649,0.5278449,0.5001361
38650,0.0507495,0.078574724
38651,0.063857675,0.118782066
38652,0.39541847,0.79442495
38653,0.027360735,0.020352911
38654,0.047360968,0.09265292
38655,0.06048902,0.3562849
38656,0.0853534,0.23568511
38657,0.0870339,0.104253285
38658,0.074852094,0.743843
38659,0.045850832,0.10457499
38660,0.79132766,0.936767
38661,0.09894623,0.37650165
38662,0.046204172,0.17594728
38663,0.1692068,0.20349641
38664,0.69086236,0.7936986
38665,0.09224085,0.47000548
38666,0.07355757,0.41115457
38667,0.37163955,0.47276768
38668,0.0887721,0.9641586
38669,0.07157092,0.25598434
38670,0.5970046,0.57906187
38671,0.07682221,0.20378423
38672,0.16148396,0.34439674
38673,0.5351601,0.7874532
38674,0.47923556,0.92664987
38675,0.07015323,0.85635257
38676,0.19680999,0.25211003
38677,0.07145655,0.42575002
38678,0.8704109,0.96293044
38679,0.19147277,0.6199014
38680,0.119499095,0.17594728
38681,0.045058116,0.04791623
38682,0.42540756,0.6935154
38683,0.5937331,0.9679966
38684,0.07436306,0.87867707
38685,0.2260035,0.6242897
38686,0.20257682,0.6034635
38687,0.20017555,0.056238938
38688,0.2531587,0.57596046
38689,0.033559985,0.94901097
38690,0.08430634,0.14430152
38691,0.30816147,0.16481733
38692,0.08206529,0.2873907
38693,0.07063148,0.26031637
38694,0.117553875,0.23488782
38695,0.1367265,0.48436522
38696,0.08840144,0.14223732
38697,0.37741804,0.5206939
38698,0.26593086,0.77874696
38699,0.17143112,0.7995811
38700,0.120095454,0.89015394
38701,0.10030591,0.50360185
38702,0.12277511,0.15000527
38703,0.1387558,0.6380869
38704,0.7949105,0.7950984
38705,0.2786362,0.7777427
38706,0.19146413,0.12205644
38707,0.18416397,0.77487123
38708,0.4992934,0.4534013
38709,0.072878234,0.31344923
38710,0.13772085,0.369225
38711,0.6679947,0.94651663
38712,0.44689104,0.9142004
38713,0.12432415,0.86829615
38714,0.021957856,0.0763757
38715,0.29445973,0.5741843
38716,0.025100514,0.03692952
38717,0.07948761,0.18816407
38718,0.0603912,0.032531623
38719,0.023492452,0.033333145
38720,0.032162707,0.10148019
38721,0.02744957,0.091030754
38722,0.06555166,0.09953729
38723,0.3500232,0.22595178
38724,0.05128964,0.14170663
38725,0.12448979,0.15691471
38726,0.2359512,0.74256563
38727,0.37332737,0.8517839
38728,0.060346495,0.1110107
38729,0.06793392,0.8769136
38730,0.048803087,0.025369737
38731,0.025135685,0.13100506
38732,0.08905342,0.8336422
38733,0.08841096,0.45268834
38734,0.05741439,0.30440265
38735,0.7703779,0.7200145
38736,0.009035718,0.0060126088
38737,0.06894668,0.31642464
38738,0.27005312,0.072757155
38739,0.21582322,0.086571716
38740,0.043354783,0.13757072
38741,0.047848873,0.33507565
38742,0.32253084,0.4788123
38743,0.055871163,0.8158588
38744,0.5253734,0.4224752
38745,0.093692556,0.114821814
38746,0.12051566,0.63394123
38747,0.13114254,0.1167929
38748,0.6171117,0.8771747
38749,0.3111062,0.23122013
38750,0.066053115,0.44745705
38751,0.09299136,0.103895396
38752,0.032977317,0.05169997
38753,0.22609335,0.8538782
38754,0.052795433,0.050400075
38755,0.1037894,0.6783537
38756,0.048264395,0.17161341
38757,0.34973213,0.85048836
38758,0.06819283,0.12278818
38759,0.53400946,0.75037557
38760,0.017852642,0.08329429
38761,0.019963717,0.3363795
38762,0.4144556,0.8542659
38763,0.026428543,0.17827481
38764,0.031176696,0.05902698
38765,0.03322252,0.10807827
38766,0.057778206,0.31302938
38767,0.46451822,0.93599445
38768,0.7428426,0.94188887
38769,0.27316636,0.16544107
38770,0.043186024,0.077763036
38771,0.06802541,0.10827104
38772,0.119539,0.43482134
38773,0.14057778,0.33757758
38774,0.1603427,0.8590238
38775,0.5702912,0.42579606
38776,0.12900995,0.2898882
38777,0.10189227,0.14704064
38778,0.20693924,0.11028562
38779,0.020606138,0.06354832
38780,0.53804237,0.3846548
38781,0.36484697,0.54886883
38782,0.03614355,0.06309476
38783,0.1308331,0.31934613
38784,0.790981,0.7365159
38785,0.086564235,0.8851677
38786,0.09123301,0.32650107
38787,0.68934935,0.7884664
38788,0.18539426,0.1143985
38789,0.22254208,0.9318239
38790,0.30792907,0.43897548
38791,0.19703619,0.17177793
38792,0.7614273,0.8635859
38793,0.37934035,0.90781784
38794,0.072914794,0.31225705
38795,0.18883644,0.037143964
38796,0.544865,0.768031
38797,0.07906344,0.45872962
38798,0.12785952,0.72583175
38799,0.09982369,0.7927462
38800,0.097769514,0.18790561
38801,0.014657269,0.038192354
38802,0.08706817,0.50144005
38803,0.092647426,0.65029997
38804,0.38668394,0.58080506
38805,0.346541,0.8529173
38806,0.3069413,0.93609536
38807,0.011902779,0.044535436
38808,0.090902396,0.10893016
38809,0.49640223,0.26135483
38810,0.05507788,0.84859097
38811,0.047029782,0.53959566
38812,0.12902808,0.40933883
38813,0.16118288,0.028132915
38814,0.48025993,0.85514456
38815,0.03669122,0.23167539
38816,0.19756678,0.84560007
38817,0.20736828,0.4493837
38818,0.5297454,0.52533084
38819,0.09081465,0.17462853
38820,0.05496178,0.10505236
38821,0.16053122,0.11120203
38822,0.119875096,0.89306206
38823,0.0375811,0.059707843
38824,0.22732295,0.15112516
38825,0.49722445,0.42387006
38826,0.22242494,0.75956166
38827,0.1876306,0.110326126
38828,0.060275666,0.5522968
38829,0.075928375,0.20351556
38830,0.10402814,0.93706554
38831,0.12024255,0.085858434
38832,0.10185468,0.22235662
38833,0.06409648,0.24915189
38834,0.082422435,0.07420105
38835,0.0702835,0.38331106
38836,0.091402866,0.12663019
38837,0.64025813,0.6080236
38838,0.053930994,0.054116767
38839,0.123028375,0.29111618
38840,0.09303578,0.6076381
38841,0.037181098,0.075438224
38842,0.89508724,0.96250474
38843,0.06737286,0.7135735
38844,0.09895337,0.013878148
38845,0.043714635,0.35419887
38846,0.11327414,0.86636394
38847,0.1052524,0.1258062
38848,0.068057366,0.9593427
38849,0.42897668,0.61013967
38850,0.06076447,0.69757205
38851,0.15058662,0.7488974
38852,0.12797385,0.74838644
38853,0.05250236,0.04328286
38854,0.20345624,0.41431218
38855,0.11251972,0.7041578
38856,0.1232111,0.2445344
38857,0.039361198,0.066361904
38858,0.1782031,0.69881034
38859,0.2303918,0.3571045
38860,0.025888195,0.040293537
38861,0.06489224,0.07161648
38862,0.0883495,0.8682668
38863,0.07365636,0.08675551
38864,0.1359711,0.8735892
38865,0.04044183,0.06024806
38866,0.052862056,0.034422494
38867,0.13226932,0.2828147
38868,0.061790667,0.0411983
38869,0.285552,0.24441695
38870,0.3463651,0.6212965
38871,0.052118648,0.050528444
38872,0.1284718,0.3828059
38873,0.016595116,0.0221743
38874,0.20565295,0.5768484
38875,0.6145661,0.65187913
38876,0.19378647,0.24552937
38877,0.096963435,0.19440629
38878,0.04128547,0.5728579
38879,0.49352765,0.6114294
38880,0.10062669,0.82205707
38881,0.5406496,0.2623198
38882,0.15294653,0.8160571
38883,0.24963064,0.3130437
38884,0.12630178,0.81682944
38885,0.04783507,0.06848103
38886,0.13125205,0.096244335
38887,0.060087077,0.7946813
38888,0.13857307,0.5653732
38889,0.21761529,0.6190741
38890,0.70564944,0.44488344
38891,0.13616432,0.58334655
38892,0.119589634,0.84864455
38893,0.5316613,0.9196434
38894,0.84163964,0.9338483
38895,0.77868307,0.9090572
38896,0.045809276,0.09611391
38897,0.3357239,0.1510218
38898,0.57555825,0.7578921
38899,0.058928516,0.11706295
38900,0.19019365,0.8575728
38901,0.10364628,0.6671658
38902,0.12652346,0.1496087
38903,0.33894017,0.9077034
38904,0.035027035,0.032312214
38905,0.055095714,0.038627867
38906,0.36310643,0.81251013
38907,0.23933476,0.49102986
38908,0.05279959,0.073525995
38909,0.055793922,0.19929108
38910,0.045747634,0.0814723
38911,0.14739145,0.13879988
38912,0.085043706,0.8216831
38913,0.53407586,0.5414781
38914,0.102327175,0.12972255
38915,0.16775544,0.7069481
38916,0.76037544,0.6052761
38917,0.25082844,0.40835905
38918,0.13869523,0.107488014
38919,0.39762154,0.55624115
38920,0.14378555,0.9150765
38921,0.16542548,0.21160667
38922,0.061999716,0.09263696
38923,0.0646516,0.5537145
38924,0.11715839,0.17234355
38925,0.59861,0.653872
38926,0.15602796,0.19585837
38927,0.061546113,0.099759996
38928,0.088036716,0.27719945
38929,0.2417549,0.7909488
38930,0.012061613,0.02004878
38931,0.10234617,0.3668896
38932,0.791727,0.51210374
38933,0.05715556,0.2798342
38934,0.16483532,0.3877828
38935,0.09709991,0.2869116
38936,0.40916637,0.6781576
38937,0.25347778,0.11775963
38938,0.2676652,0.30721492
38939,0.7294443,0.7751594
38940,0.28135908,0.9149939
38941,0.057052102,0.064266264
38942,0.017787918,0.025347522
38943,0.6261661,0.5562847
38944,0.748055,0.92433405
38945,0.055007942,0.5611794
38946,0.75104994,0.6164482
38947,0.09104806,0.7897395
38948,0.6678269,0.5778285
38949,0.36535364,0.22270788
38950,0.14127776,0.08136596
38951,0.29120559,0.9299396
38952,0.111768655,0.38948786
38953,0.044137098,0.73240846
38954,0.73623353,0.73871744
38955,0.48538405,0.6658357
38956,0.10389215,0.8132419
38957,0.0904797,0.108630285
38958,0.023647474,0.04806946
38959,0.04331163,0.16307487
38960,0.056601122,0.2165372
38961,0.0834918,0.3597602
38962,0.10318915,0.106075525
38963,0.17032854,0.6298882
38964,0.08997216,0.08664588
38965,0.27198318,0.11163998
38966,0.043589387,0.118272945
38967,0.016926954,0.05928113
38968,0.06489279,0.91974837
38969,0.731673,0.82011753
38970,0.108297095,0.042401128
38971,0.09784462,0.4893435
38972,0.15953879,0.23332286
38973,0.073350996,0.68136424
38974,0.92311925,0.958096
38975,0.04662787,0.37074137
38976,0.72786236,0.8338999
38977,0.15950182,0.19379212
38978,0.029441874,0.0311043
38979,0.05912855,0.3891316
38980,0.15235463,0.6098748
38981,0.054800816,0.031091012
38982,0.42716628,0.3292801
38983,0.039666303,0.06841663
38984,0.25755203,0.48733088
38985,0.19670592,0.74139667
38986,0.82212174,0.74463135
38987,0.05889012,0.56285375
38988,0.051253658,0.96034324
38989,0.20210026,0.89121133
38990,0.07533673,0.3048124
38991,0.21233542,0.4849347
38992,0.3225976,0.42778164
38993,0.7082553,0.09080802
38994,0.06518155,0.4897741
38995,0.09623901,0.82349366
38996,0.057605855,0.9137058
38997,0.017338319,0.036808565
38998,0.20653945,0.34454992
38999,0.028873514,0.24262506
39000,0.54121584,0.90722823
39001,0.10070038,0.32336745
39002,0.06738866,0.12591039
39003,0.6716668,0.8815889
39004,0.38838115,0.8522949
39005,0.15564483,0.27361178
39006,0.54594636,0.6787731
39007,0.02940386,0.026748408
39008,0.14617339,0.2244838
39009,0.216982,0.8035847
39010,0.8144082,0.8179633
39011,0.08483775,0.17547274
39012,0.047313165,0.06903675
39013,0.3918739,0.90714496
39014,0.386998,0.034196313
39015,0.05426447,0.8463956
39016,0.44147205,0.12717983
39017,0.041509897,0.06671869
39018,0.66744864,0.8422654
39019,0.10538266,0.54811084
39020,0.035018876,0.64827025
39021,0.0720268,0.0742365
39022,0.4834189,0.8905692
39023,0.7398841,0.90817046
39024,0.12467652,0.36693832
39025,0.045669604,0.0825047
39026,0.10133014,0.0817216
39027,0.078238554,0.44564825
39028,0.48695,0.7984681
39029,0.03716392,0.03840438
39030,0.14432237,0.35474148
39031,0.07116517,0.10202351
39032,0.08176301,0.11929491
39033,0.043850552,0.055263445
39034,0.23984076,0.47107574
39035,0.072748624,0.19714424
39036,0.18936759,0.12674022
39037,0.3790789,0.30449235
39038,0.15682916,0.43083087
39039,0.07795831,0.049992245
39040,0.22771947,0.6572825
39041,0.078875616,0.10876069
39042,0.103078134,0.70246416
39043,0.067697436,0.07581831
39044,0.8569737,0.9613321
39045,0.072568305,0.6085738
39046,0.017598594,0.019617975
39047,0.14152575,0.13843012
39048,0.4226833,0.6555768
39049,0.1960275,0.38218182
39050,0.11276485,0.63337046
39051,0.054660745,0.12423977
39052,0.57304,0.73703027
39053,0.41034302,0.48215568
39054,0.041484006,0.07133637
39055,0.13345473,0.10256912
39056,0.054816235,0.10626652
39057,0.03182005,0.10724519
39058,0.11215374,0.15288913
39059,0.095346004,0.059864376
39060,0.33113998,0.7050617
39061,0.07567885,0.41641107
39062,0.077805385,0.2995594
39063,0.32849124,0.6381786
39064,0.18308634,0.29209527
39065,0.16448191,0.46009415
39066,0.09819971,0.73833054
39067,0.30823374,0.736492
39068,0.04816822,0.22053333
39069,0.05840783,0.30719608
39070,0.035265416,0.36387098
39071,0.21296293,0.5235532
39072,0.044309292,0.0681043
39073,0.59332633,0.5766093
39074,0.13151097,0.83882374
39075,0.19882736,0.2572889
39076,0.022530288,0.030153485
39077,0.13351786,0.67347175
39078,0.091025606,0.042178012
39079,0.050548557,0.11777402
39080,0.37386024,0.81773686
39081,0.12979728,0.10441069
39082,0.016990015,0.020165231
39083,0.02478436,0.045592718
39084,0.41661832,0.8903335
39085,0.47615752,0.75031686
39086,0.06285278,0.08655272
39087,0.275793,0.59127903
39088,0.8187759,0.87234133
39089,0.16235065,0.3523274
39090,0.5500717,0.74369204
39091,0.34873608,0.92185605
39092,0.5211728,0.5328024
39093,0.360484,0.6326259
39094,0.1327212,0.30176422
39095,0.5181034,0.24874705
39096,0.032713782,0.091801085
39097,0.1869984,0.8441974
39098,0.032998353,0.19627343
39099,0.3331178,0.4114418
39100,0.16334471,0.5552444
39101,0.12011086,0.7041189
39102,0.031472873,0.17912127
39103,0.088877015,0.2098708
39104,0.16052462,0.21676037
39105,0.43122473,0.371782
39106,0.04688267,0.6959784
39107,0.3982234,0.6224294
39108,0.51248133,0.17451324
39109,0.1476128,0.8976152
39110,0.07389038,0.885577
39111,0.13244185,0.4755356
39112,0.2428388,0.56847024
39113,0.18123321,0.7954295
39114,0.39433604,0.41911188
39115,0.08507449,0.123172745
39116,0.04405598,0.14536795
39117,0.046233106,0.42005718
39118,0.060322326,0.17725177
39119,0.5092121,0.8005041
39120,0.6070602,0.962591
39121,0.0790724,0.1668835
39122,0.07465439,0.13955207
39123,0.093361914,0.9032643
39124,0.11390689,0.83513695
39125,0.06351155,0.24210435
39126,0.12063228,0.31082734
39127,0.5574965,0.9161991
39128,0.03331299,0.26902214
39129,0.13094264,0.05217784
39130,0.5516108,0.9258427
39131,0.6928045,0.8698157
39132,0.03947477,0.8739685
39133,0.025954813,0.043593362
39134,0.16559267,0.2452851
39135,0.14976746,0.3322487
39136,0.13493328,0.50670063
39137,0.118140385,0.76694554
39138,0.21752857,0.3637254
39139,0.16265236,0.50583094
39140,0.6600537,0.83744186
39141,0.57668537,0.5382486
39142,0.12160286,0.56863034
39143,0.05175637,0.18715593
39144,0.14237985,0.3042477
39145,0.4026086,0.7710499
39146,0.11680635,0.0873265
39147,0.016006721,0.07324853
39148,0.24062845,0.34224725
39149,0.18430793,0.1733701
39150,0.06661806,0.124372356
39151,0.01747892,0.101894625
39152,0.17787926,0.8613885
39153,0.083445325,0.31899184
39154,0.041492105,0.0681611
39155,0.33961758,0.7713661
39156,0.7400906,0.9048657
39157,0.09127069,0.19824849
39158,0.116815984,0.303799
39159,0.0382405,0.04593231
39160,0.14297248,0.3931196
39161,0.18212016,0.46454382
39162,0.22374633,0.36650944
39163,0.23495042,0.7914716
39164,0.18473732,0.2497021
39165,0.08902216,0.9111708
39166,0.076004386,0.7645013
39167,0.057165567,0.49143565
39168,0.022857953,0.07279736
39169,0.05859575,0.3342605
39170,0.42970666,0.7101782
39171,0.06740324,0.057615098
39172,0.80347526,0.8075562
39173,0.075055934,0.42551476
39174,0.029887287,0.5861929
39175,0.33593422,0.15303239
39176,0.34505686,0.41194817
39177,0.050471134,0.73597175
39178,0.08433571,0.76991487
39179,0.10756406,0.21152265
39180,0.5425264,0.7032548
39181,0.094410025,0.33218825
39182,0.036971986,0.09217822
39183,0.6234557,0.803723
39184,0.16727142,0.15959485
39185,0.13518584,0.29646045
39186,0.09154097,0.5823783
39187,0.07094635,0.34601405
39188,0.5211942,0.54598707
39189,0.13663177,0.16789778
39190,0.16857015,0.27109233
39191,0.54213357,0.20274076
39192,0.5196704,0.67273784
39193,0.31691512,0.17330007
39194,0.055126056,0.13835977
39195,0.036666006,0.0875398
39196,0.3891856,0.81879
39197,0.45629454,0.44495043
39198,0.3633291,0.645114
39199,0.15515032,0.22146358
39200,0.046040602,0.14639048
39201,0.18509491,0.90183234
39202,0.03631034,0.08221934
39203,0.2474136,0.7511021
39204,0.09458662,0.59379685
39205,0.028084276,0.07633639
39206,0.88080674,0.9386229
39207,0.07929188,0.8013575
39208,0.04619454,0.38925678
39209,0.049297,0.8532467
39210,0.055308584,0.049448654
39211,0.04071725,0.11252658
39212,0.050970934,0.17547677
39213,0.21317513,0.5086852
39214,0.36780623,0.9292687
39215,0.37587297,0.9425637
39216,0.022067754,0.06875883
39217,0.05366264,0.584599
39218,0.19169244,0.87415016
39219,0.09124738,0.21517001
39220,0.16685736,0.15317754
39221,0.87484163,0.9432899
39222,0.84111625,0.8939695
39223,0.03732335,0.096233286
39224,0.08490994,0.065568015
39225,0.29406783,0.48123834
39226,0.6507367,0.6134789
39227,0.07236254,0.13753167
39228,0.12530336,0.1250428
39229,0.3192809,0.8839284
39230,0.04022023,0.05730267
39231,0.2091247,0.36271238
39232,0.7059019,0.9450184
39233,0.13909759,0.40364918
39234,0.1252462,0.9503615
39235,0.05080032,0.38423622
39236,0.04479452,0.07112138
39237,0.097480536,0.0945974
39238,0.52075213,0.4562251
39239,0.05777787,0.065318756
39240,0.10959447,0.2433488
39241,0.8228325,0.969584
39242,0.09915331,0.11166199
39243,0.42195004,0.6609736
39244,0.06949441,0.17270719
39245,0.01271286,0.051207315
39246,0.36595404,0.29745555
39247,0.5012399,0.6540598
39248,0.2464226,0.6751346
39249,0.50587016,0.6410295
39250,0.118887514,0.22358474
39251,0.4376747,0.7199644
39252,0.07131594,0.46261153
39253,0.07418384,0.12294494
39254,0.116678715,0.12053315
39255,0.09372982,0.58409536
39256,0.12386353,0.12288749
39257,0.09796771,0.14747094
39258,0.27766797,0.793346
39259,0.043778468,0.117349185
39260,0.10318961,0.055624478
39261,0.046318855,0.10311107
39262,0.5004288,0.86585677
39263,0.019566974,0.07018417
39264,0.060030285,0.12161317
39265,0.11166582,0.8650486
39266,0.0732092,0.508713
39267,0.10399059,0.14679375
39268,0.13898958,0.61934876
39269,0.086333975,0.4984046
39270,0.06194195,0.049524758
39271,0.17622304,0.60838604
39272,0.074389376,0.16594768
39273,0.36628422,0.5191982
39274,0.09091455,0.21985169
39275,0.11476267,0.7219316
39276,0.21791942,0.92859554
39277,0.065417685,0.109205954
39278,0.50694925,0.80408746
39279,0.08512379,0.5116815
39280,0.20278557,0.67726034
39281,0.3284423,0.68300694
39282,0.13465114,0.66092455
39283,0.79129034,0.9428106
39284,0.13841474,0.14506827
39285,0.098861165,0.224247
39286,0.35801628,0.36886394
39287,0.06878897,0.9206178
39288,0.04785712,0.22243024
39289,0.12606522,0.77138114
39290,0.10484395,0.21969488
39291,0.14364038,0.4512506
39292,0.06920516,0.08721824
39293,0.86658835,0.8505745
39294,0.04890124,0.062722035
39295,0.017250739,0.27310592
39296,0.38672885,0.8928378
39297,0.046536125,0.08108842
39298,0.06498995,0.4237339
39299,0.26544347,0.76261926
39300,0.17696817,0.15645911
39301,0.058561154,0.7477209
39302,0.38401347,0.42816585
39303,0.043765835,0.39419392
39304,0.52135336,0.42205656
39305,0.04389618,0.28232402
39306,0.035025984,0.30095592
39307,0.07545979,0.26008716
39308,0.7661222,0.87429684
39309,0.73836535,0.94138455
39310,0.056012288,0.18162762
39311,0.655192,0.9513573
39312,0.07611554,0.16359948
39313,0.093586266,0.7559402
39314,0.8536119,0.6771365
39315,0.19318914,0.9157734
39316,0.04590525,0.06280495
39317,0.09890272,0.6301018
39318,0.082867384,0.101754576
39319,0.08605347,0.91473836
39320,0.6811625,0.58763254
39321,0.022754718,0.04334467
39322,0.13833897,0.21007931
39323,0.05572567,0.023145087
39324,0.2082409,0.48175794
39325,0.14944577,0.7136979
39326,0.3736236,0.5824061
39327,0.043818418,0.1015798
39328,0.48486406,0.34547207
39329,0.3474504,0.48568857
39330,0.066940114,0.058536224
39331,0.041007277,0.06277613
39332,0.035436228,0.23328216
39333,0.18649971,0.32140243
39334,0.06684614,0.85167474
39335,0.020638537,0.032342758
39336,0.03592086,0.1778959
39337,0.2454849,0.37905765
39338,0.19405785,0.6638558
39339,0.04813958,0.113021724
39340,0.049070645,0.0789924
39341,0.08191566,0.06391746
39342,0.26410705,0.4194329
39343,0.30868566,0.8066807
39344,0.123930566,0.8320046
39345,0.051226985,0.50609195
39346,0.5368456,0.65216804
39347,0.53055084,0.5763705
39348,0.15776265,0.40225425
39349,0.072208814,0.7955415
39350,0.58885705,0.8524996
39351,0.06551936,0.5730841
39352,0.07515618,0.452034
39353,0.36460593,0.85629076
39354,0.60710335,0.5860854
39355,0.5879302,0.8776503
39356,0.082800984,0.18393
39357,0.052074872,0.09575311
39358,0.19354446,0.31057495
39359,0.17005394,0.8342125
39360,0.10570314,0.58693266
39361,0.5242915,0.8880953
39362,0.06117496,0.07275043
39363,0.19510378,0.68275714
39364,0.61594284,0.9511738
39365,0.041907456,0.20981562
39366,0.21608776,0.5391105
39367,0.054238882,0.46250528
39368,0.15884295,0.27361917
39369,0.08363942,0.16534016
39370,0.039276883,0.79081166
39371,0.15221809,0.22863008
39372,0.772403,0.9233893
39373,0.05754296,0.25563446
39374,0.7762495,0.94009596
39375,0.062482145,0.07870919
39376,0.73547566,0.8222977
39377,0.23325299,0.49290544
39378,0.2795047,0.44582427
39379,0.7667175,0.50249153
39380,0.099666886,0.103926696
39381,0.035514995,0.13133492
39382,0.13294403,0.23744637
39383,0.031322636,0.024802756
39384,0.29890093,0.90676516
39385,0.042410072,0.055572584
39386,0.4462494,0.106432125
39387,0.09240522,0.14143567
39388,0.6443403,0.8839843
39389,0.13772547,0.3023415
39390,0.73395884,0.6633422
39391,0.1346003,0.60483545
39392,0.71577173,0.97171426
39393,0.83376515,0.94014853
39394,0.30939513,0.68425244
39395,0.536651,0.27486607
39396,0.09070964,0.33301017
39397,0.10890379,0.021143835
39398,0.16307734,0.3943487
39399,0.13994703,0.2825545
39400,0.046111822,0.72898316
39401,0.46955743,0.6516694
39402,0.56804657,0.69596183
39403,0.12606196,0.91109496
39404,0.11311418,0.34502748
39405,0.07293186,0.11938387
39406,0.17189172,0.4459275
39407,0.108297504,0.9223831
39408,0.04562436,0.05961448
39409,0.025809437,0.08907567
39410,0.05669997,0.6718317
39411,0.1563832,0.5258187
39412,0.11171512,0.30334255
39413,0.15127608,0.5706939
39414,0.14011313,0.9421232
39415,0.08858282,0.22016793
39416,0.18479608,0.26569462
39417,0.7902489,0.7708577
39418,0.35667184,0.17157151
39419,0.09322709,0.47763875
39420,0.05857406,0.015011379
39421,0.024796488,0.018530948
39422,0.54576033,0.13521454
39423,0.21864578,0.9472262
39424,0.10448705,0.12842791
39425,0.5125459,0.54488105
39426,0.13771516,0.21274891
39427,0.109526575,0.8685067
39428,0.7883056,0.88666546
39429,0.31380597,0.7923639
39430,0.3573764,0.09220648
39431,0.12960178,0.056917563
39432,0.49833485,0.5177367
39433,0.08955548,0.2597951
39434,0.07160305,0.48258182
39435,0.25648767,0.4167868
39436,0.2425264,0.602414
39437,0.17259704,0.84191453
39438,0.7883919,0.82149786
39439,0.30785948,0.1046758
39440,0.89060134,0.93679816
39441,0.08285345,0.16714565
39442,0.25488263,0.86611557
39443,0.8962869,0.9093557
39444,0.12827848,0.60876423
39445,0.07858667,0.29606363
39446,0.091911346,0.21808676
39447,0.3970678,0.61522114
39448,0.043518044,0.064319246
39449,0.20826504,0.7118468
39450,0.06512194,0.6148238
39451,0.073964424,0.44164795
39452,0.06137778,0.31808338
39453,0.12261471,0.114089645
39454,0.39449063,0.92731935
39455,0.054795764,0.11577403
39456,0.075219214,0.08705087
39457,0.09018112,0.20776355
39458,0.18610553,0.8308691
39459,0.15838796,0.82818377
39460,0.087698266,0.20818192
39461,0.14962275,0.52464956
39462,0.7258848,0.7706082
39463,0.15876676,0.30938143
39464,0.10499922,0.49367765
39465,0.019044876,0.12971346
39466,0.062065396,0.21850568
39467,0.39745903,0.88494486
39468,0.16643436,0.3445669
39469,0.060366534,0.07845043
39470,0.11873237,0.5192878
39471,0.055743665,0.020205388
39472,0.39911562,0.2690629
39473,0.40096685,0.47521558
39474,0.12031756,0.49102175
39475,0.21838185,0.6543627
39476,0.29039454,0.3033081
39477,0.03825041,0.10460997
39478,0.085017145,0.16613632
39479,0.0879208,0.48201394
39480,0.08103734,0.3033572
39481,0.12632023,0.79444337
39482,0.16672035,0.8625682
39483,0.048163336,0.08572482
39484,0.044950914,0.039443452
39485,0.033778027,0.6659531
39486,0.09954285,0.22878054
39487,0.092340074,0.8341693
39488,0.27154097,0.26121205
39489,0.44802615,0.42522657
39490,0.653478,0.81818813
39491,0.029886395,0.05417306
39492,0.8692897,0.9483117
39493,0.14820111,0.390793
39494,0.084530674,0.5015981
39495,0.19469851,0.1172169
39496,0.5729569,0.8184221
39497,0.70630634,0.67096704
39498,0.1819669,0.17545494
39499,0.33171105,0.75649923
39500,0.03353266,0.46280444
39501,0.06490034,0.2292648
39502,0.70484644,0.7151445
39503,0.2847427,0.82080865
39504,0.041469306,0.06842008
39505,0.12602666,0.077988766
39506,0.77116317,0.89171016
39507,0.5942018,0.75334674
39508,0.052041627,0.30894473
39509,0.07150859,0.33848834
39510,0.083515376,0.09134556
39511,0.16752003,0.2755238
39512,0.17672588,0.1739656
39513,0.1831135,0.52397233
39514,0.46990508,0.19634736
39515,0.21810935,0.572895
39516,0.058834195,0.11364271
39517,0.13826947,0.3844767
39518,0.31934586,0.5701856
39519,0.18567751,0.15114631
39520,0.26554212,0.5628019
39521,0.19360512,0.44527164
39522,0.10881222,0.34739286
39523,0.09694425,0.21949916
39524,0.066807985,0.5980354
39525,0.055221558,0.45387962
39526,0.05304466,0.08725331
39527,0.031096818,0.0150656365
39528,0.079197094,0.17477185
39529,0.38487798,0.36278537
39530,0.12792577,0.16613676
39531,0.6252405,0.86934435
39532,0.08763987,0.5257497
39533,0.048737608,0.04730978
39534,0.06918934,0.84045315
39535,0.060472663,0.86339617
39536,0.033573784,0.11078866
39537,0.117818564,0.5948521
39538,0.059467815,0.53810304
39539,0.6271318,0.7312972
39540,0.47514668,0.6663918
39541,0.0811949,0.14610139
39542,0.07468267,0.11180515
39543,0.30606827,0.28609404
39544,0.13889645,0.28611192
39545,0.027169874,0.032642055
39546,0.2542868,0.15593386
39547,0.3439492,0.51450294
39548,0.2573444,0.20840071
39549,0.05851464,0.9494805
39550,0.07596464,0.6870586
39551,0.103473425,0.41805366
39552,0.34169734,0.4415725
39553,0.124688536,0.27589455
39554,0.28144205,0.6569005
39555,0.093840346,0.4508323
39556,0.19108446,0.78377944
39557,0.16252583,0.1782877
39558,0.09927774,0.75687635
39559,0.025454625,0.08352958
39560,0.06918481,0.14326453
39561,0.22876367,0.6974656
39562,0.0824832,0.06025234
39563,0.18277997,0.7776259
39564,0.44397593,0.78608197
39565,0.048721395,0.7302092
39566,0.25207004,0.41714627
39567,0.22298181,0.750141
39568,0.048123106,0.7349975
39569,0.06193928,0.053392254
39570,0.3249476,0.37762272
39571,0.46104446,0.80269414
39572,0.34152216,0.49208048
39573,0.15035476,0.1139622
39574,0.6245995,0.78199744
39575,0.5116159,0.66580886
39576,0.10251896,0.13640991
39577,0.15903388,0.17261475
39578,0.30040303,0.05575851
39579,0.30434814,0.6674641
39580,0.61696464,0.42440596
39581,0.29745597,0.7704451
39582,0.21823595,0.7533096
39583,0.15020072,0.21813132
39584,0.6687171,0.641486
39585,0.052975364,0.8487021
39586,0.59355986,0.5773875
39587,0.13130553,0.6940123
39588,0.100416265,0.49499586
39589,0.044349745,0.42790288
39590,0.0641058,0.070266336
39591,0.016162083,0.03689239
39592,0.046143766,0.12498629
39593,0.3744192,0.67043036
39594,0.18191028,0.8164741
39595,0.26972806,0.85722244
39596,0.08391616,0.86952513
39597,0.20983581,0.13993476
39598,0.034660958,0.042928085
39599,0.5326881,0.7336464
39600,0.059115402,0.112264425
39601,0.123376995,0.14631899
39602,0.042371653,0.24808027
39603,0.7812835,0.7692298
39604,0.05140698,0.16261823
39605,0.23752275,0.25605237
39606,0.22447304,0.8526923
39607,0.060971547,0.08594513
39608,0.2434664,0.69517124
39609,0.15683407,0.49396834
39610,0.7041354,0.10927105
39611,0.5970474,0.81926024
39612,0.030010205,0.052499242
39613,0.04165674,0.03970599
39614,0.2931731,0.62486374
39615,0.45613706,0.8403932
39616,0.08513978,0.3211268
39617,0.48884228,0.7709113
39618,0.66605616,0.8792988
39619,0.62686545,0.8127249
39620,0.38880384,0.9186242
39621,0.07743506,0.5629738
39622,0.121084444,0.20228751
39623,0.015330981,0.0071963193
39624,0.10701453,0.20153107
39625,0.12808856,0.5551289
39626,0.072295606,0.09370341
39627,0.39488602,0.7712383
39628,0.57131577,0.9256341
39629,0.21440238,0.68619245
39630,0.1012685,0.7044388
39631,0.12414125,0.8357622
39632,0.03191893,0.03131716
39633,0.09468367,0.8381477
39634,0.92644495,0.93316525
39635,0.047304098,0.1405176
39636,0.06477654,0.8048351
39637,0.0788745,0.20230637
39638,0.10531199,0.65507585
39639,0.5568299,0.8623534
39640,0.34697944,0.5756493
39641,0.7951994,0.87330246
39642,0.11529485,0.6726215
39643,0.5750827,0.8843533
39644,0.13402261,0.617021
39645,0.056795813,0.05571368
39646,0.1529292,0.47151446
39647,0.15670821,0.9612457
39648,0.3009691,0.76115537
39649,0.05788295,0.09880212
39650,0.10004167,0.33325443
39651,0.031248286,0.03350011
39652,0.096982166,0.8293814
39653,0.10669395,0.85382444
39654,0.1032473,0.18262362
39655,0.096203916,0.028443323
39656,0.20485249,0.9342418
39657,0.050754495,0.11366973
39658,0.46776795,0.29179344
39659,0.5606988,0.92262924
39660,0.055786032,0.09251893
39661,0.118525244,0.20902802
39662,0.087319635,0.07616453
39663,0.055557244,0.44741628
39664,0.09232139,0.6933948
39665,0.05633168,0.17912473
39666,0.2173944,0.7846269
39667,0.13093743,0.084969066
39668,0.859465,0.8721606
39669,0.59266555,0.83033544
39670,0.034795437,0.10371837
39671,0.14405327,0.40556127
39672,0.13311164,0.31078827
39673,0.093678325,0.29014295
39674,0.117196284,0.69014615
39675,0.039763987,0.04964148
39676,0.27273232,0.10524342
39677,0.7504163,0.811837
39678,0.06260334,0.13223271
39679,0.7741815,0.74903196
39680,0.0720363,0.021509979
39681,0.13923733,0.16742097
39682,0.08964889,0.03326888
39683,0.09064786,0.56077856
39684,0.10458672,0.31518355
39685,0.634927,0.5965079
39686,0.05210805,0.09027847
39687,0.28864253,0.7350185
39688,0.11744085,0.66925776
39689,0.50028366,0.9164497
39690,0.10432498,0.47454545
39691,0.09983676,0.57635796
39692,0.07599213,0.8203769
39693,0.18115252,0.78495014
39694,0.16348377,0.34199384
39695,0.18694697,0.6937178
39696,0.26435164,0.9633657
39697,0.08028518,0.3717209
39698,0.07238603,0.9128187
39699,0.05948781,0.094774894
39700,0.04423983,0.21097119
39701,0.03263729,0.12255498
39702,0.09658434,0.8949733
39703,0.77470386,0.97891015
39704,0.03128177,0.26386553
39705,0.18847233,0.38492814
39706,0.020416886,0.08839988
39707,0.021318955,0.108260006
39708,0.029031765,0.07835259
39709,0.22032076,0.11207024
39710,0.81138134,0.9496121
39711,0.30079558,0.4356685
39712,0.03660891,0.18634152
39713,0.36227477,0.8038571
39714,0.027135268,0.0787417
39715,0.21658483,0.6954915
39716,0.07267407,0.3991005
39717,0.3132758,0.24582282
39718,0.10238365,0.92270356
39719,0.051469695,0.11050011
39720,0.1387762,0.07285272
39721,0.10522708,0.4996406
39722,0.09189636,0.91692024
39723,0.030430574,0.40288565
39724,0.056311354,0.6702284
39725,0.35954827,0.8278661
39726,0.03877085,0.04492349
39727,0.23398663,0.8738651
39728,0.11199814,0.52212477
39729,0.051225908,0.12579948
39730,0.028220903,0.4730094
39731,0.112292506,0.15613225
39732,0.059850175,0.19372374
39733,0.05177863,0.06904862
39734,0.22794746,0.18298167
39735,0.15175708,0.4623609
39736,0.076099515,0.066007435
39737,0.17391777,0.33607015
39738,0.52075636,0.56579286
39739,0.45677698,0.35038355
39740,0.39922944,0.45344248
39741,0.028958425,0.052418265
39742,0.60271174,0.85604423
39743,0.06262999,0.60608673
39744,0.23404962,0.773922
39745,0.24038874,0.18044715
39746,0.048530497,0.047492664
39747,0.5916577,0.9258434
39748,0.030729974,0.073965624
39749,0.09967365,0.18605457
39750,0.3177371,0.71202445
39751,0.04822808,0.07762698
39752,0.23312373,0.20778261
39753,0.055582695,0.9316174
39754,0.03225135,0.029135343
39755,0.79252,0.9185867
39756,0.091025606,0.7181738
39757,0.08703615,0.16739005
39758,0.31824702,0.30892202
39759,0.036296494,0.1764507
39760,0.046106566,0.65402955
39761,0.27027127,0.22577624
39762,0.03418821,0.21463941
39763,0.054529723,0.08186952
39764,0.054382436,0.21032847
39765,0.08213531,0.8679118
39766,0.04191927,0.35546625
39767,0.01253552,0.07507093
39768,0.16666842,0.8613762
39769,0.09008498,0.05195551
39770,0.16423371,0.5706945
39771,0.04603978,0.78944504
39772,0.054043885,0.18107481
39773,0.08812762,0.45671904
39774,0.13113783,0.9440488
39775,0.02440493,0.85361814
39776,0.11822577,0.2874862
39777,0.062104728,0.6360988
39778,0.05601974,0.22268613
39779,0.032464657,0.054566633
39780,0.060965832,0.14115207
39781,0.103312396,0.21384415
39782,0.080466084,0.19678214
39783,0.073124655,0.7191398
39784,0.05832198,0.3127845
39785,0.074196346,0.19485222
39786,0.31370458,0.38497645
39787,0.6281638,0.61665016
39788,0.08563529,0.6423567
39789,0.79460865,0.68374807
39790,0.03455373,0.19248626
39791,0.2476866,0.5815684
39792,0.06727139,0.18438399
39793,0.06215501,0.15459856
39794,0.3060335,0.73077536
39795,0.087493345,0.073726766
39796,0.044013917,0.16959825
39797,0.052135635,0.12467493
39798,0.122825526,0.47256628
39799,0.15142906,0.63205504
39800,0.14253835,0.17865983
39801,0.14799511,0.24102259
39802,0.053739563,0.78209496
39803,0.16120529,0.6144049
39804,0.043104652,0.03755854
39805,0.02355879,0.14740591
39806,0.029816218,0.04304452
39807,0.06492586,0.23160855
39808,0.095098324,0.05577256
39809,0.40626624,0.23625377
39810,0.31073588,0.78891075
39811,0.36958352,0.3294191
39812,0.04195947,0.08324009
39813,0.17711169,0.62751615
39814,0.853106,0.96071965
39815,0.06989514,0.20741998
39816,0.12789223,0.089049906
39817,0.49281627,0.6944878
39818,0.04667514,0.04367059
39819,0.04359152,0.08592313
39820,0.16490006,0.8387184
39821,0.08207064,0.7616069
39822,0.02858423,0.044678926
39823,0.14857696,0.6137918
39824,0.06375661,0.29651394
39825,0.06742878,0.17323877
39826,0.5980141,0.81381327
39827,0.29603148,0.4149192
39828,0.21297264,0.64886504
39829,0.03564958,0.044705026
39830,0.080972314,0.19908556
39831,0.11484927,0.09444226
39832,0.044999443,0.03416902
39833,0.38318467,0.2991122
39834,0.12758584,0.6674735
39835,0.10039711,0.2880487
39836,0.06921873,0.6038553
39837,0.13088524,0.25515175
39838,0.075391926,0.83960736
39839,0.4611359,0.8372897
39840,0.034796365,0.45273876
39841,0.3446809,0.6951297
39842,0.11879095,0.4242509
39843,0.036178447,0.077172324
39844,0.0860609,0.17320248
39845,0.042370297,0.7786542
39846,0.22589079,0.5865066
39847,0.16473916,0.5804917
39848,0.064757414,0.16408256
39849,0.04712719,0.24525656
39850,0.8233682,0.9518261
39851,0.036722604,0.45215747
39852,0.07599319,0.09330518
39853,0.08182063,0.15598032
39854,0.13141567,0.30573103
39855,0.07533604,0.05490504
39856,0.02529139,0.041271638
39857,0.17453827,0.48468974
39858,0.08389592,0.6258332
39859,0.074867696,0.5348343
39860,0.601071,0.71685433
39861,0.05342181,0.84710354
39862,0.025391664,0.47885206
39863,0.03925796,0.09874825
39864,0.3335496,0.64182866
39865,0.19460866,0.6508858
39866,0.031502638,0.07817843
39867,0.10352127,0.16798335
39868,0.86933255,0.852858
39869,0.13963757,0.71696526
39870,0.12708335,0.10050967
39871,0.016667243,0.29900464
39872,0.056249972,0.092410475
39873,0.32477462,0.67844063
39874,0.15108757,0.8362635
39875,0.24805284,0.104832694
39876,0.06003857,0.16946861
39877,0.011548353,0.043928612
39878,0.045441426,0.05404637
39879,0.19910581,0.15629643
39880,0.30323935,0.7603435
39881,0.09476436,0.12756704
39882,0.3782485,0.081404015
39883,0.7739903,0.80028206
39884,0.17105453,0.24231365
39885,0.039719913,0.11395054
39886,0.054569893,0.54976296
39887,0.028719265,0.105529934
39888,0.045764226,0.07140958
39889,0.13279785,0.58307385
39890,0.033253863,0.28076524
39891,0.10804301,0.46554062
39892,0.1479561,0.07729711
39893,0.12478948,0.83005875
39894,0.068088636,0.22933239
39895,0.31857246,0.20159371
39896,0.19995995,0.54935586
39897,0.1042882,0.37587866
39898,0.05725941,0.04064107
39899,0.03457275,0.099331446
39900,0.25153825,0.42122898
39901,0.07685348,0.12253358
39902,0.538508,0.8548687
39903,0.6964177,0.71892536
39904,0.056608878,0.1068478
39905,0.16422774,0.4697606
39906,0.19744924,0.111544065
39907,0.06212582,0.824581
39908,0.32824516,0.70444083
39909,0.1086387,0.94731545
39910,0.12920295,0.26507846
39911,0.16589417,0.06502717
39912,0.5660847,0.7881713
39913,0.035534192,0.018060632
39914,0.74576867,0.8817727
39915,0.077854395,0.17668399
39916,0.040529434,0.19158469
39917,0.1759627,0.11882503
39918,0.10949763,0.083882816
39919,0.13027406,0.36305973
39920,0.26603276,0.72239465
39921,0.07075404,0.17035961
39922,0.2358175,0.8656541
39923,0.09328833,0.52497387
39924,0.053511303,0.08353306
39925,0.06601206,0.8013433
39926,0.46690398,0.18272534
39927,0.060676243,0.21150064
39928,0.06476735,0.1832513
39929,0.048652995,0.07584075
39930,0.12754135,0.1823031
39931,0.2241509,0.3515382
39932,0.1541497,0.6480908
39933,0.5011286,0.34182778
39934,0.062037,0.17162101
39935,0.056473203,0.3740515
39936,0.065287,0.29857302
39937,0.2594147,0.10162627
39938,0.06078002,0.11055967
39939,0.4256617,0.90021175
39940,0.46200946,0.61538845
39941,0.71155435,0.8614517
39942,0.15018491,0.28283423
39943,0.604814,0.84408784
39944,0.6235563,0.9128315
39945,0.29411143,0.7157812
39946,0.19402064,0.11465977
39947,0.07303899,0.4764126
39948,0.09650535,0.17941627
39949,0.16347446,0.29796624
39950,0.024750954,0.14727844
39951,0.051076625,0.07022172
39952,0.14788826,0.46552667
39953,0.10852875,0.24433434
39954,0.08942478,0.19609568
39955,0.052278385,0.91947424
39956,0.04538196,0.20084473
39957,0.05848747,0.25015616
39958,0.78926533,0.73105735
39959,0.2372119,0.2914961
39960,0.09357799,0.23590505
39961,0.21653092,0.7760443
39962,0.041438475,0.1980996
39963,0.23962593,0.062244974
39964,0.28593212,0.64749813
39965,0.53088087,0.8265258
39966,0.34679168,0.37488332
39967,0.8336823,0.9319925
39968,0.082338676,0.22943462
39969,0.25173268,0.87416756
39970,0.5346561,0.6563336
39971,0.3955501,0.17894019
39972,0.15023221,0.2152308
39973,0.036462266,0.057769626
39974,0.07601335,0.88409096
39975,0.82005364,0.9213548
39976,0.048546426,0.38168702
39977,0.048046246,0.28533888
39978,0.062366683,0.10548567
39979,0.63824254,0.15911491
39980,0.17706496,0.078730375
39981,0.6192349,0.8794525
39982,0.018328616,0.17346035
39983,0.29642904,0.8439265
39984,0.25498426,0.24628006
39985,0.09045899,0.038948476
39986,0.059700433,0.30828062
39987,0.06018077,0.21188314
39988,0.6596448,0.7288393
39989,0.1110082,0.15817806
39990,0.7983703,0.9140415
39991,0.6282336,0.9585122
39992,0.09751809,0.37153026
39993,0.076570064,0.17559087
39994,0.8251689,0.58616155
39995,0.07803477,0.090729445
39996,0.5753134,0.66594034
39997,0.08838044,0.5727503
39998,0.06359875,0.689001
39999,0.14849374,0.6247499
40000,0.019140448,0.32355252
40001,0.09929845,0.7172579
40002,0.14381543,0.23983547
40003,0.10107203,0.17376913
40004,0.031315368,0.06862639
40005,0.08033679,0.082640655
40006,0.38998264,0.626481
40007,0.325467,0.81477386
40008,0.10438216,0.33241895
40009,0.17089039,0.41261223
40010,0.5250536,0.7388605
40011,0.22903064,0.78690565
40012,0.3423218,0.6519956
40013,0.19420348,0.5617332
40014,0.08849956,0.10771876
40015,0.1919979,0.7905963
40016,0.103484064,0.6289501
40017,0.07263587,0.2707756
40018,0.04189106,0.08701311
40019,0.06378206,0.13761488
40020,0.86049646,0.8935334
40021,0.21078266,0.3860237
40022,0.038499963,0.1742654
40023,0.5225142,0.54161966
40024,0.8982256,0.9376995
40025,0.055426423,0.09114982
40026,0.04563905,0.06121716
40027,0.3788704,0.8553168
40028,0.810492,0.93528616
40029,0.051534876,0.17060067
40030,0.05803598,0.14422248
40031,0.03168245,0.008220218
40032,0.027556308,0.61624646
40033,0.32310307,0.48200318
40034,0.13994285,0.17672895
40035,0.116482235,0.8535007
40036,0.36539215,0.4453736
40037,0.48580697,0.9409781
40038,0.1481666,0.93669987
40039,0.30002967,0.77486074
40040,0.2083014,0.76419115
40041,0.24652126,0.81367606
40042,0.03555294,0.904559
40043,0.32561564,0.66699904
40044,0.853056,0.7762311
40045,0.14226013,0.039319288
40046,0.07022937,0.25701055
40047,0.2493895,0.70454
40048,0.1280814,0.222855
40049,0.5453707,0.48238215
40050,0.6984553,0.9601668
40051,0.48383498,0.80048597
40052,0.017251078,0.032142416
40053,0.053392775,0.12895067
40054,0.119509295,0.8565149
40055,0.34731254,0.32657102
40056,0.081934385,0.25933278
40057,0.89289296,0.97664815
40058,0.17856036,0.10747313
40059,0.14800969,0.6279856
40060,0.04970572,0.90120846
40061,0.11863623,0.89123845
40062,0.027303178,0.027977569
40063,0.4538947,0.7068905
40064,0.07958855,0.9501287
40065,0.7262433,0.85065305
40066,0.112437725,0.15604125
40067,0.06747328,0.22474338
40068,0.1193229,0.17857924
40069,0.4533065,0.37291124
40070,0.041838676,0.29843453
40071,0.68543744,0.94755286
40072,0.09397039,0.46156582
40073,0.055286,0.5155618
40074,0.41088474,0.67248654
40075,0.13655555,0.0872474
40076,0.13490339,0.25825074
40077,0.13587737,0.94562477
40078,0.1021093,0.43387488
40079,0.08762153,0.61029506
40080,0.2553871,0.098211095
40081,0.21202046,0.42156538
40082,0.08471788,0.13324831
40083,0.07218478,0.1782924
40084,0.23631637,0.35147935
40085,0.07164446,0.39021522
40086,0.08247527,0.42463
40087,0.33690697,0.20669591
40088,0.21083862,0.7906276
40089,0.8000387,0.74675196
40090,0.07436032,0.6789773
40091,0.23065199,0.77421165
40092,0.058628015,0.056460742
40093,0.05018573,0.050545365
40094,0.42224976,0.74617755
40095,0.5357341,0.30996755
40096,0.13893607,0.8039161
40097,0.28043246,0.66875166
40098,0.85632676,0.92719054
40099,0.5256187,0.8711125
40100,0.067510046,0.13762891
40101,0.07065571,0.0488501
40102,0.42247275,0.5764288
40103,0.12543094,0.9408261
40104,0.4632123,0.97124904
40105,0.37579498,0.3788208
40106,0.20183867,0.527067
40107,0.081536144,0.19824858
40108,0.12988856,0.3716293
40109,0.09368727,0.4482238
40110,0.14548014,0.37684566
40111,0.054185595,0.12799896
40112,0.19551545,0.10602189
40113,0.16154623,0.51356566
40114,0.08338248,0.7845532
40115,0.2584284,0.7737478
40116,0.12125218,0.47390583
40117,0.02038414,0.045162745
40118,0.08604627,0.13156259
40119,0.073477805,0.080386646
40120,0.056392316,0.0660312
40121,0.8749375,0.9214154
40122,0.1579561,0.81191987
40123,0.7696055,0.96540004
40124,0.062754855,0.16672118
40125,0.25918922,0.58239657
40126,0.045029566,0.34737077
40127,0.11086958,0.57943535
40128,0.032973994,0.023644414
40129,0.19053425,0.9010257
40130,0.0701637,0.5579116
40131,0.782811,0.8636452
40132,0.014283976,0.025935145
40133,0.0695846,0.16776055
40134,0.47969112,0.8471818
40135,0.072163254,0.92364067
40136,0.14091046,0.34136376
40137,0.10339603,0.94595116
40138,0.054568075,0.3782135
40139,0.07726424,0.3515634
40140,0.07178132,0.5038134
40141,0.08797249,0.14435287
40142,0.41212532,0.71248686
40143,0.19642627,0.93287295
40144,0.042317394,0.03423371
40145,0.027976599,0.20063607
40146,0.026511142,0.034469806
40147,0.5047351,0.8688229
40148,0.47562188,0.92813516
40149,0.8039433,0.78296626
40150,0.27362823,0.6485865
40151,0.20275763,0.9035593
40152,0.047227178,0.126837
40153,0.29164144,0.17116763
40154,0.057615098,0.14445086
40155,0.1051469,0.1705835
40156,0.5797685,0.78172946
40157,0.68956697,0.79415107
40158,0.5596313,0.8746862
40159,0.66095865,0.8664181
40160,0.46035475,0.5832053
40161,0.026426636,0.13147847
40162,0.1326803,0.87289596
40163,0.56819487,0.72593534
40164,0.08955451,0.24040416
40165,0.15701357,0.18550241
40166,0.3245457,0.20064811
40167,0.14716199,0.9590009
40168,0.08264675,0.08594204
40169,0.4285391,0.7647606
40170,0.50466424,0.5501962
40171,0.13483395,0.4133652
40172,0.66166985,0.93767506
40173,0.04465279,0.102677986
40174,0.12280707,0.5074809
40175,0.06984624,0.9232051
40176,0.36321208,0.9531074
40177,0.44146594,0.7028135
40178,0.0990716,0.56224316
40179,0.07820669,0.3713456
40180,0.0943066,0.7648807
40181,0.05589227,0.14762841
40182,0.7614898,0.94139636
40183,0.7078901,0.86974555
40184,0.048083365,0.0685327
40185,0.037026003,0.12866524
40186,0.032475535,0.17597517
40187,0.049587563,0.037564807
40188,0.7619383,0.85949665
40189,0.11774402,0.8313147
40190,0.081405476,0.5731379
40191,0.051641252,0.09450597
40192,0.3770171,0.789209
40193,0.31561494,0.43159086
40194,0.19877484,0.32330608
40195,0.50842273,0.7394474
40196,0.76658237,0.86136967
40197,0.050323077,0.09124334
40198,0.3418073,0.39607257
40199,0.05288754,0.9326019
40200,0.15361264,0.20553108
40201,0.8817987,0.82690215
40202,0.56780434,0.7288779
40203,0.07531692,0.8707547
40204,0.070264295,0.17992173
40205,0.031705674,0.22240132
40206,0.5608404,0.8281026
40207,0.1275077,0.8784391
40208,0.7636158,0.91550976
40209,0.17947209,0.2768294
40210,0.043251753,0.06489195
40211,0.27919286,0.36781207
40212,0.48666134,0.36137033
40213,0.25568902,0.7119056
40214,0.08031902,0.058377795
40215,0.09363927,0.25042602
40216,0.36398208,0.5969499
40217,0.19079365,0.24064215
40218,0.23586881,0.4919107
40219,0.347362,0.5466075
40220,0.10431611,0.12288742
40221,0.059749704,0.095979
40222,0.05142702,0.17448816
40223,0.1693929,0.34955144
40224,0.149004,0.0511966
40225,0.14636543,0.13406281
40226,0.051433,0.078616954
40227,0.07107325,0.33149913
40228,0.14908756,0.10084476
40229,0.50459504,0.3539687
40230,0.6646242,0.3028204
40231,0.15320617,0.9037399
40232,0.086321615,0.9692848
40233,0.05894946,0.2773609
40234,0.069321476,0.046525355
40235,0.27337915,0.95966595
40236,0.7428389,0.80727774
40237,0.1494077,0.03801214
40238,0.097332865,0.08545702
40239,0.77178866,0.10457759
40240,0.747027,0.3701809
40241,0.35902175,0.84805304
40242,0.18172428,0.546306
40243,0.10487266,0.5349579
40244,0.1893501,0.47437197
40245,0.020798571,0.023757473
40246,0.18508294,0.22858474
40247,0.10861224,0.31431097
40248,0.11027654,0.34122467
40249,0.069173984,0.6881203
40250,0.7400546,0.92594665
40251,0.044852603,0.056457933
40252,0.7099796,0.88137525
40253,0.1837531,0.26855102
40254,0.07381934,0.32248604
40255,0.044463713,0.0492866
40256,0.31864232,0.2828138
40257,0.1744648,0.35733283
40258,0.051469713,0.44069555
40259,0.041589145,0.05874578
40260,0.43595818,0.76354337
40261,0.14611761,0.4145285
40262,0.1720342,0.616548
40263,0.83644223,0.9729356
40264,0.07245271,0.0678839
40265,0.06887581,0.18243295
40266,0.39810532,0.2651434
40267,0.09299579,0.80681264
40268,0.05482587,0.040862598
40269,0.8610598,0.92041904
40270,0.14303501,0.17979175
40271,0.11936324,0.24673428
40272,0.75214136,0.69913477
40273,0.18552086,0.45098007
40274,0.72427285,0.8710802
40275,0.19159949,0.26826432
40276,0.061017606,0.9091882
40277,0.15264472,0.6908493
40278,0.77750146,0.29080975
40279,0.78541994,0.9493549
40280,0.7499079,0.75555384
40281,0.10589428,0.078489214
40282,0.1592468,0.22449088
40283,0.122673556,0.39044
40284,0.059016526,0.09342021
40285,0.09810782,0.10333384
40286,0.10216748,0.27565655
40287,0.4630887,0.3917894
40288,0.06449884,0.10036096
40289,0.04476793,0.740144
40290,0.055755787,0.93519586
40291,0.08730296,0.8722842
40292,0.07972369,0.21611813
40293,0.094711244,0.64430076
40294,0.05597331,0.12557188
40295,0.022156132,0.07802323
40296,0.063106105,0.03103717
40297,0.050379656,0.06757194
40298,0.2405851,0.07541305
40299,0.034338016,0.1167951
40300,0.08798439,0.3315437
40301,0.42953056,0.49042752
40302,0.45136648,0.6575213
40303,0.016323397,0.030709641
40304,0.02372158,0.20255423
40305,0.16063981,0.3949367
40306,0.09773254,0.30790234
40307,0.51741,0.7988265
40308,0.16879062,0.891307
40309,0.66491115,0.65128905
40310,0.058731645,0.082373045
40311,0.3821351,0.16608784
40312,0.058423907,0.08451227
40313,0.07330777,0.08601014
40314,0.05963571,0.93838286
40315,0.04773443,0.07960346
40316,0.050053135,0.83456594
40317,0.15109885,0.1911177
40318,0.031328402,0.08951387
40319,0.3941787,0.8034688
40320,0.04741504,0.13117214
40321,0.16105635,0.09088056
40322,0.4661216,0.31255928
40323,0.05484744,0.1659164
40324,0.067064725,0.24032088
40325,0.043262873,0.2551614
40326,0.04552702,0.036474716
40327,0.018860372,0.014408985
40328,0.0748392,0.31512398
40329,0.072745875,0.15737338
40330,0.6659458,0.7091828
40331,0.30151033,0.6650249
40332,0.05279562,0.023553738
40333,0.5138659,0.06994693
40334,0.043056954,0.47607028
40335,0.36590615,0.68639535
40336,0.11579791,0.3309693
40337,0.098262265,0.8486853
40338,0.0783985,0.4060156
40339,0.14828981,0.3588156
40340,0.45657945,0.93388116
40341,0.38639995,0.86177576
40342,0.013459902,0.07910007
40343,0.11840385,0.78003585
40344,0.47081643,0.7356652
40345,0.08646341,0.026965328
40346,0.7006194,0.8584584
40347,0.62406445,0.47680327
40348,0.07111161,0.34328038
40349,0.664138,0.87847364
40350,0.11451048,0.17346667
40351,0.27561048,0.769305
40352,0.13185376,0.8120571
40353,0.1972158,0.2889469
40354,0.10886953,0.32548392
40355,0.03191873,0.04075547
40356,0.2328649,0.13762772
40357,0.23308733,0.72385395
40358,0.57020867,0.23504506
40359,0.07695044,0.70383084
40360,0.110247955,0.08306345
40361,0.2620979,0.7298262
40362,0.03731359,0.053621743
40363,0.10300892,0.07730711
40364,0.12306098,0.8121882
40365,0.5271173,0.24872197
40366,0.21190096,0.17698056
40367,0.08675466,0.40514645
40368,0.2231607,0.4990118
40369,0.22562219,0.18481328
40370,0.2208039,0.562466
40371,0.05677814,0.18322437
40372,0.06185909,0.09852951
40373,0.037604235,0.031798713
40374,0.17264606,0.9648494
40375,0.2168944,0.77408653
40376,0.093018495,0.6337672
40377,0.6545311,0.9194306
40378,0.20719382,0.32095528
40379,0.26306596,0.1506961
40380,0.14385134,0.050627958
40381,0.06610458,0.87378067
40382,0.046282943,0.10326925
40383,0.1235465,0.46354643
40384,0.10086597,0.8326212
40385,0.060468405,0.16751425
40386,0.08259202,0.57982194
40387,0.20984127,0.16870199
40388,0.41503242,0.5052246
40389,0.77321666,0.8730296
40390,0.16547886,0.5258124
40391,0.4885115,0.6804902
40392,0.05675054,0.56232923
40393,0.64577675,0.8517786
40394,0.054558605,0.18236874
40395,0.07702986,0.774164
40396,0.60937214,0.86754435
40397,0.11060641,0.44675702
40398,0.6226116,0.8719388
40399,0.17705774,0.6707011
40400,0.10253559,0.34232524
40401,0.06933112,0.15851289
40402,0.057261173,0.073552586
40403,0.034479287,0.19730082
40404,0.0353311,0.12953065
40405,0.103223905,0.9297895
40406,0.61327994,0.8735723
40407,0.22656041,0.44203362
40408,0.036340788,0.1585667
40409,0.41357434,0.2413412
40410,0.054978132,0.34488443
40411,0.15379485,0.26947588
40412,0.087506615,0.7091924
40413,0.5765787,0.57320684
40414,0.11332301,0.8818328
40415,0.048760105,0.044019993
40416,0.17824742,0.3385147
40417,0.040695522,0.031146616
40418,0.14575827,0.24598183
40419,0.032113012,0.08127202
40420,0.03887315,0.7105963
40421,0.07719142,0.4270245
40422,0.73043203,0.6616478
40423,0.73590106,0.5333221
40424,0.09552374,0.08686664
40425,0.060314845,0.25735214
40426,0.37222195,0.5079813
40427,0.08083807,0.17080583
40428,0.668012,0.31428105
40429,0.657107,0.9342449
40430,0.7713241,0.96575344
40431,0.02410014,0.040583365
40432,0.07586639,0.21854311
40433,0.034724537,0.06354866
40434,0.05833636,0.09448572
40435,0.06172249,0.72266316
40436,0.060411602,0.059371993
40437,0.18112038,0.78113467
40438,0.2550414,0.82908154
40439,0.05054079,0.59439826
40440,0.017900689,0.061226398
40441,0.572987,0.20788063
40442,0.079866774,0.19220962
40443,0.104482725,0.43929252
40444,0.09674358,0.10833967
40445,0.31011894,0.52163476
40446,0.15062326,0.35204154
40447,0.8069094,0.36672562
40448,0.11118347,0.4177453
40449,0.14211503,0.7754115
40450,0.07995704,0.06059393
40451,0.4524735,0.55110914
40452,0.06830985,0.16225468
40453,0.8039408,0.9380436
40454,0.090911746,0.03953688
40455,0.72417957,0.91617477
40456,0.302552,0.37168652
40457,0.10153047,0.75594455
40458,0.045082822,0.13415377
40459,0.8958218,0.9664816
40460,0.08730966,0.920037
40461,0.05110952,0.085554615
40462,0.225131,0.6555745
40463,0.1038686,0.7892157
40464,0.2695505,0.43549675
40465,0.050207168,0.18007918
40466,0.014471785,0.3678172
40467,0.12789845,0.27316412
40468,0.117511645,0.75792557
40469,0.08000739,0.62627536
40470,0.18554546,0.3699289
40471,0.124267384,0.21069467
40472,0.020597413,0.070016414
40473,0.103591576,0.5903101
40474,0.23599204,0.25884944
40475,0.15060443,0.5694427
40476,0.09574683,0.033078384
40477,0.44948527,0.50482714
40478,0.04629794,0.19881627
40479,0.11554438,0.27737358
40480,0.473313,0.7030997
40481,0.11355609,0.32970494
40482,0.7751292,0.6565907
40483,0.030814674,0.06915432
40484,0.86910903,0.9751481
40485,0.23491184,0.40155068
40486,0.063361675,0.07784116
40487,0.10522569,0.33316705
40488,0.52495146,0.87325275
40489,0.2945964,0.3838119
40490,0.41065285,0.4040145
40491,0.113263175,0.5349828
40492,0.5046464,0.77258193
40493,0.063952774,0.6703264
40494,0.048310973,0.0403677
40495,0.24972121,0.45891136
40496,0.2888563,0.7862196
40497,0.094469406,0.799302
40498,0.07989492,0.42821717
40499,0.24483,0.40535083
40500,0.050234254,0.11817031
40501,0.070208356,0.507026
40502,0.048353083,0.09999871
40503,0.030180275,0.5433971
40504,0.034304135,0.03694461
40505,0.0948868,0.31165558
40506,0.075738564,0.7135372
40507,0.2063515,0.6977805
40508,0.31314045,0.25217956
40509,0.07343935,0.18709351
40510,0.11566255,0.9178705
40511,0.16416936,0.2562338
40512,0.8364506,0.658463
40513,0.088840626,0.50045246
40514,0.09477105,0.961404
40515,0.104232155,0.8812761
40516,0.41035634,0.7615777
40517,0.041529164,0.12261335
40518,0.02017673,0.016942767
40519,0.39314854,0.3296462
40520,0.8230507,0.95418537
40521,0.6583682,0.8607319
40522,0.08169122,0.728262
40523,0.048957504,0.40103197
40524,0.077385984,0.57939124
40525,0.61948574,0.8823289
40526,0.1620723,0.3877466
40527,0.85434467,0.9025037
40528,0.0573636,0.0974721
40529,0.11548148,0.084399775
40530,0.06879138,0.19494331
40531,0.03854499,0.39113912
40532,0.043651152,0.14460407
40533,0.557399,0.91372144
40534,0.12642846,0.19932194
40535,0.23601124,0.48902592
40536,0.04155713,0.08687812
40537,0.021688392,0.122329704
40538,0.07408823,0.8938419
40539,0.06620818,0.5527616
40540,0.48809564,0.6644665
40541,0.0588032,0.9077445
40542,0.054981843,0.059100248
40543,0.06743171,0.10454834
40544,0.054381955,0.17057501
40545,0.1403215,0.84671533
40546,0.0632383,0.19921562
40547,0.15902661,0.27844468
40548,0.13844323,0.15413757
40549,0.12751319,0.8173342
40550,0.057534944,0.063171245
40551,0.3701614,0.34053978
40552,0.08879355,0.44899938
40553,0.11086283,0.28034472
40554,0.7459024,0.62271756
40555,0.06096557,0.3448762
40556,0.09183164,0.16917458
40557,0.14590383,0.55552673
40558,0.521487,0.56075907
40559,0.2796723,0.8083753
40560,0.096900284,0.8600162
40561,0.083996154,0.38119057
40562,0.13028884,0.0564407
40563,0.065130405,0.22530398
40564,0.3287838,0.4875669
40565,0.58589846,0.17979199
40566,0.07119779,0.061872885
40567,0.49898106,0.6441967
40568,0.039805695,0.12168605
40569,0.21625918,0.89782166
40570,0.79173905,0.51277536
40571,0.10995672,0.732595
40572,0.109168656,0.7266129
40573,0.091615275,0.2700587
40574,0.04192148,0.79350424
40575,0.71462,0.41100588
40576,0.011768012,0.027544597
40577,0.13284096,0.12517
40578,0.089293085,0.055264574
40579,0.024016378,0.22785704
40580,0.021362916,0.08360254
40581,0.18389733,0.13896616
40582,0.683865,0.8898072
40583,0.03912735,0.096144885
40584,0.19957422,0.38598827
40585,0.05000074,0.065227695
40586,0.040080488,0.140446
40587,0.40531635,0.3563954
40588,0.14722022,0.7789927
40589,0.06782257,0.40914258
40590,0.39236036,0.80324167
40591,0.0739375,0.92677206
40592,0.25002635,0.66534245
40593,0.04924384,0.37712684
40594,0.07338977,0.06408086
40595,0.12407158,0.6132386
40596,0.060911875,0.42036617
40597,0.061135825,0.9679143
40598,0.0752797,0.48817602
40599,0.043114595,0.10167117
40600,0.16792673,0.28393143
40601,0.10023443,0.32709995
40602,0.018546756,0.059998456
40603,0.09690245,0.2465572
40604,0.27312067,0.049924918
40605,0.8217879,0.679859
40606,0.32841167,0.6568347
40607,0.08694389,0.78469884
40608,0.075780414,0.09137155
40609,0.086909465,0.18716018
40610,0.4576773,0.7894315
40611,0.06808742,0.16691606
40612,0.14091307,0.8116532
40613,0.5105184,0.42889714
40614,0.06673304,0.13396537
40615,0.03726361,0.09285955
40616,0.09633968,0.16685273
40617,0.06507713,0.8748423
40618,0.04106222,0.051143236
40619,0.3090039,0.9268589
40620,0.47040763,0.48570055
40621,0.15730043,0.20429935
40622,0.05481691,0.07808812
40623,0.17642488,0.7956808
40624,0.7641132,0.8902229
40625,0.11860849,0.814373
40626,0.039634258,0.084739454
40627,0.09735976,0.48058608
40628,0.010293988,0.07220915
40629,0.051282603,0.16622023
40630,0.16695896,0.27926737
40631,0.030577209,0.1591342
40632,0.81701857,0.626804
40633,0.072318,0.22081216
40634,0.17068952,0.3316415
40635,0.1000955,0.82469004
40636,0.06340736,0.5769902
40637,0.6135652,0.8686276
40638,0.03929732,0.8839244
40639,0.118936814,0.35244417
40640,0.09486968,0.7364458
40641,0.05701993,0.106612384
40642,0.296627,0.26182663
40643,0.1196476,0.25066
40644,0.13125038,0.5001876
40645,0.05987804,0.074440934
40646,0.28833172,0.8980169
40647,0.73504937,0.8779805
40648,0.23046213,0.8150931
40649,0.07468017,0.73658425
40650,0.23469654,0.9188459
40651,0.178422,0.64966357
40652,0.3378009,0.60191184
40653,0.10493958,0.43883663
40654,0.081240125,0.2534832
40655,0.26120472,0.19505218
40656,0.07953456,0.13135386
40657,0.30841392,0.5860073
40658,0.14286405,0.52455634
40659,0.013991181,0.07596239
40660,0.24684075,0.26971018
40661,0.05059879,0.108598664
40662,0.8129678,0.91623384
40663,0.41141886,0.5215448
40664,0.41555434,0.7147369
40665,0.07193195,0.10840971
40666,0.11867382,0.34757733
40667,0.19526592,0.38079464
40668,0.12548746,0.26945698
40669,0.04784758,0.1942261
40670,0.016114619,0.20716193
40671,0.47826028,0.7033122
40672,0.76089096,0.85928947
40673,0.6054777,0.64637613
40674,0.017092638,0.11903026
40675,0.55513,0.88252527
40676,0.09488762,0.16723701
40677,0.088496126,0.83532053
40678,0.33019525,0.07190246
40679,0.09928099,0.1840563
40680,0.08311702,0.30487618
40681,0.09848063,0.8058032
40682,0.64923495,0.85614514
40683,0.10185091,0.34523943
40684,0.08040454,0.25958565
40685,0.14620963,0.8574327
40686,0.05652203,0.9593427
40687,0.5020185,0.6302618
40688,0.1196662,0.4746724
40689,0.85317844,0.8992324
40690,0.054173764,0.36649057
40691,0.020321714,0.03948005
40692,0.53826445,0.4475339
40693,0.050810315,0.88681966
40694,0.045484945,0.9164323
40695,0.059761543,0.28821462
40696,0.031427484,0.03198236
40697,0.17372479,0.26591766
40698,0.08898357,0.83226115
40699,0.823411,0.94611037
40700,0.25531012,0.6386289
40701,0.5441794,0.8323918
40702,0.49057037,0.31665438
40703,0.35063064,0.30495086
40704,0.46936902,0.9066095
40705,0.12050568,0.26032507
40706,0.028045652,0.08810992
40707,0.71459633,0.9124302
40708,0.6215428,0.8418159
40709,0.13338608,0.45994824
40710,0.67503,0.21704
40711,0.055952147,0.92558986
40712,0.08466903,0.0958674
40713,0.19193816,0.6860466
40714,0.05190107,0.11495232
40715,0.7298556,0.8142616
40716,0.039870754,0.22208248
40717,0.097935304,0.2006255
40718,0.082783036,0.7342452
40719,0.112289526,0.15782203
40720,0.07460692,0.5042316
40721,0.18562913,0.87621653
40722,0.0792174,0.274041
40723,0.07523769,0.073246084
40724,0.45224917,0.22355822
40725,0.074299045,0.14664309
40726,0.10534825,0.08085192
40727,0.06871758,0.12314804
40728,0.051251847,0.11525128
40729,0.036018427,0.29404297
40730,0.10707169,0.5268103
40731,0.06844025,0.37946263
40732,0.047139898,0.07916121
40733,0.06674457,0.9577271
40734,0.08157397,0.08709131
40735,0.5215201,0.65211266
40736,0.21274132,0.388269
40737,0.032015614,0.049681097
40738,0.5435077,0.8677208
40739,0.054203752,0.06399508
40740,0.035295825,0.18755695
40741,0.037940342,0.041388605
40742,0.07149942,0.19724838
40743,0.41354162,0.86894435
40744,0.21174927,0.66261995
40745,0.058110043,0.9295296
40746,0.027035674,0.039838
40747,0.16821972,0.28260112
40748,0.10040109,0.5580422
40749,0.15916754,0.30971572
40750,0.33195722,0.096420735
40751,0.05466906,0.88766366
40752,0.10522475,0.11947241
40753,0.52590567,0.7654182
40754,0.037307862,0.1425426
40755,0.10521919,0.8979772
40756,0.13376927,0.1658176
40757,0.33230752,0.6783983
40758,0.42539468,0.8444858
40759,0.077705644,0.21893664
40760,0.0663531,0.85588217
40761,0.8464326,0.92203003
40762,0.12957036,0.61429554
40763,0.029235292,0.06960644
40764,0.06748158,0.044886872
40765,0.21294758,0.4237091
40766,0.76399624,0.8644323
40767,0.03648841,0.041340146
40768,0.088113196,0.15733291
40769,0.044228453,0.06367082
40770,0.0276827,0.048663422
40771,0.0694626,0.35694703
40772,0.79972017,0.7935954
40773,0.13688399,0.3359088
40774,0.12822095,0.43923292
40775,0.033452906,0.06774684
40776,0.061190445,0.37474948
40777,0.2783728,0.76472527
40778,0.048127517,0.038982466
40779,0.09942315,0.59346324
40780,0.12769301,0.9418055
40781,0.6051911,0.79395986
40782,0.437285,0.31643865
40783,0.081991576,0.27728617
40784,0.054975975,0.12654682
40785,0.032553576,0.47889355
40786,0.118109934,0.25370353
40787,0.08982619,0.478849
40788,0.041377824,0.07725811
40789,0.052568283,0.15352525
40790,0.21542536,0.8124367
40791,0.045628835,0.10238748
40792,0.17442413,0.53648454
40793,0.15829676,0.07778465
40794,0.16692555,0.23352134
40795,0.25134796,0.35781807
40796,0.05775238,0.21106331
40797,0.11185448,0.5460716
40798,0.064571485,0.71173984
40799,0.7671281,0.7854953
40800,0.037048887,0.021745991
40801,0.14989738,0.088207416
40802,0.040968046,0.072376706
40803,0.40059212,0.63606364
40804,0.9417336,0.9821891
40805,0.42274916,0.5863789
40806,0.19491282,0.52032304
40807,0.27429664,0.11249215
40808,0.1170546,0.16906327
40809,0.019196654,0.015454111
40810,0.03872112,0.10064788
40811,0.18209834,0.9325649
40812,0.06505703,0.15560298
40813,0.07163894,0.121113725
40814,0.13429092,0.12370298
40815,0.119896695,0.13815108
40816,0.022556055,0.26480883
40817,0.04803553,0.07696844
40818,0.06928296,0.06860328
40819,0.09375532,0.84548825
40820,0.07031607,0.18609785
40821,0.080649376,0.5294608
40822,0.19209813,0.32069173
40823,0.66338396,0.84165376
40824,0.10199324,0.4250521
40825,0.092755415,0.5048371
40826,0.4658182,0.78703237
40827,0.06792674,0.95888054
40828,0.04452558,0.15061793
40829,0.16634066,0.9110281
40830,0.07104336,0.70927966
40831,0.14489555,0.614098
40832,0.9041683,0.7645194
40833,0.8283782,0.93680185
40834,0.1056096,0.13456345
40835,0.06046513,0.3844539
40836,0.057379358,0.7742724
40837,0.06915364,0.11795509
40838,0.44844198,0.860873
40839,0.3747229,0.67719454
40840,0.5029005,0.82103455
40841,0.48224315,0.73330545
40842,0.50730014,0.5220429
40843,0.29939455,0.4843059
40844,0.13969514,0.40552863
40845,0.075658455,0.12855168
40846,0.5060672,0.80897146
40847,0.7090737,0.68035084
40848,0.5064321,0.73666966
40849,0.09950225,0.9812835
40850,0.31177735,0.7155005
40851,0.119389474,0.1384271
40852,0.064131916,0.08341623
40853,0.746252,0.8127157
40854,0.4040546,0.8925007
40855,0.052280553,0.8336222
40856,0.11201386,0.6079978
40857,0.69100785,0.76061124
40858,0.124724224,0.24371296
40859,0.18521231,0.33271194
40860,0.639593,0.84201425
40861,0.06387955,0.49756762
40862,0.21910436,0.09042575
40863,0.06336691,0.18834785
40864,0.06846389,0.6820284
40865,0.101034515,0.1790759
40866,0.060520235,0.7500241
40867,0.14729859,0.741005
40868,0.062706016,0.35133547
40869,0.2201375,0.7330352
40870,0.01334636,0.035799544
40871,0.26018184,0.27664012
40872,0.088817574,0.4182589
40873,0.73956984,0.75319266
40874,0.48684707,0.8373688
40875,0.19307217,0.6292926
40876,0.9182612,0.92051893
40877,0.15475284,0.4193785
40878,0.13952246,0.15638573
40879,0.05494405,0.9141749
40880,0.7622421,0.939671
40881,0.10976605,0.58236676
40882,0.7643638,0.91952515
40883,0.5607862,0.6920147
40884,0.017381096,0.251633
40885,0.19442536,0.9117279
40886,0.020338556,0.13923422
40887,0.10679405,0.7967847
40888,0.2988479,0.84193194
40889,0.04438963,0.93589413
40890,0.1483228,0.20905179
40891,0.066974595,0.35601905
40892,0.13854462,0.38117597
40893,0.4888797,0.81063205
40894,0.09109015,0.11533977
40895,0.45982027,0.7117041
40896,0.072471336,0.22317258
40897,0.42610085,0.7412836
40898,0.17492554,0.683251
40899,0.21112452,0.83508927
40900,0.04743433,0.17024791
40901,0.18139417,0.36962146
40902,0.39589646,0.45743197
40903,0.046033517,0.13743556
40904,0.16704072,0.5691982
40905,0.54936373,0.89020646
40906,0.5806976,0.72313684
40907,0.31852973,0.24035539
40908,0.07768883,0.56481266
40909,0.22692376,0.39935708
40910,0.47767264,0.49505815
40911,0.06145053,0.7362953
40912,0.08125425,0.14078738
40913,0.20996176,0.25874904
40914,0.7956552,0.94896245
40915,0.15707366,0.5493596
40916,0.061307404,0.11603605
40917,0.10761546,0.37445682
40918,0.36338946,0.17666042
40919,0.41523334,0.93684256
40920,0.13081475,0.14933468
40921,0.11865088,0.22940539
40922,0.111373745,0.2188458
40923,0.1242333,0.25298437
40924,0.10013738,0.14802667
40925,0.03455558,0.044130422
40926,0.5015479,0.47791648
40927,0.069853835,0.21670035
40928,0.30447644,0.7547978
40929,0.08048008,0.41174945
40930,0.22915621,0.9363132
40931,0.16489124,0.418721
40932,0.4791271,0.118078604
40933,0.8207187,0.8293705
40934,0.6862048,0.9461318
40935,0.12041156,0.67351466
40936,0.15619272,0.50138503
40937,0.084100686,0.044763427
40938,0.058193766,0.15226842
40939,0.25890833,0.832755
40940,0.06536427,0.26188543
40941,0.03536822,0.13292316
40942,0.057311825,0.2519546
40943,0.014798236,0.032416224
40944,0.19439758,0.3923974
40945,0.0530362,0.5573296
40946,0.07088066,0.294586
40947,0.088407,0.06563939
40948,0.07377209,0.1446704
40949,0.04990809,0.8920148
40950,0.07202792,0.96176153
40951,0.847245,0.9057559
40952,0.20948447,0.35112467
40953,0.10644818,0.9316537
40954,0.21916214,0.97275895
40955,0.061540853,0.25183937
40956,0.09689069,0.4480564
40957,0.093613185,0.13141413
40958,0.6525201,0.70112795
40959,0.062886626,0.10304166
40960,0.6311703,0.72854316
40961,0.097348884,0.12760839
40962,0.42593485,0.960085
40963,0.05739082,0.08828805
40964,0.1884604,0.3250922
40965,0.602063,0.9100898
40966,0.038600214,0.27370256
40967,0.04418979,0.021805476
40968,0.20942263,0.91950226
40969,0.04436649,0.62835044
40970,0.04966947,0.2413012
40971,0.10831683,0.16439141
40972,0.11809367,0.29339546
40973,0.028036788,0.06399993
40974,0.37578574,0.56462413
40975,0.40376908,0.68550223
40976,0.06952223,0.29149464
40977,0.058358237,0.6670917
40978,0.04174731,0.035931353
40979,0.5925407,0.89992887
40980,0.11057935,0.31004158
40981,0.06958501,0.39113075
40982,0.17983028,0.16590601
40983,0.5208552,0.70144665
40984,0.18083954,0.18936941
40985,0.8617901,0.9398495
40986,0.04585699,0.07870352
40987,0.40637085,0.86559236
40988,0.039567426,0.2509643
40989,0.15352492,0.73874813
40990,0.18650852,0.11964828
40991,0.08063707,0.27719972
40992,0.14268489,0.58030635
40993,0.0650739,0.14029382
40994,0.56324226,0.7850216
40995,0.028314324,0.026441839
40996,0.2838407,0.9483294
40997,0.07341108,0.73331636
40998,0.12192739,0.30132023
40999,0.10587013,0.065928355
41000,0.29391807,0.5445878
41001,0.035125237,0.05197126
41002,0.3697117,0.8878805
41003,0.1742577,0.8932803
41004,0.057768963,0.2605745
41005,0.3342802,0.37689123
41006,0.06436521,0.14494781
41007,0.1514866,0.7106374
41008,0.06280682,0.6574644
41009,0.07542765,0.08854402
41010,0.07252376,0.20249508
41011,0.4301047,0.7694077
41012,0.6716478,0.8826857
41013,0.5119958,0.09446375
41014,0.060868144,0.058586225
41015,0.12537831,0.7728282
41016,0.059513636,0.14630449
41017,0.024981191,0.5703039
41018,0.09935075,0.2823952
41019,0.108131096,0.17752513
41020,0.082367264,0.88916856
41021,0.09473606,0.3648414
41022,0.07342184,0.12592556
41023,0.087702274,0.8164123
41024,0.1934142,0.38160026
41025,0.04188645,0.07160585
41026,0.059407804,0.08357993
41027,0.7049972,0.8820274
41028,0.132731,0.5135648
41029,0.097444795,0.23401065
41030,0.16560943,0.47548762
41031,0.61252826,0.6622709
41032,0.11648934,0.7731407
41033,0.07781288,0.5099018
41034,0.47498256,0.8186243
41035,0.04531107,0.7949603
41036,0.3961687,0.58025044
41037,0.060776092,0.64574134
41038,0.7823171,0.53477234
41039,0.01931426,0.061403297
41040,0.019075563,0.015172232
41041,0.26301828,0.028798508
41042,0.82325906,0.5687162
41043,0.08133128,0.115226574
41044,0.16914561,0.2181192
41045,0.09698753,0.89380884
41046,0.050226625,0.06403396
41047,0.20757389,0.15264256
41048,0.40815333,0.23246776
41049,0.17623013,0.105917804
41050,0.3398914,0.4283598
41051,0.34778,0.9238842
41052,0.12166974,0.80995864
41053,0.5319126,0.8787004
41054,0.6466275,0.4138347
41055,0.04271974,0.13625896
41056,0.12968458,0.22565892
41057,0.02662009,0.044111427
41058,0.0760336,0.9014267
41059,0.037016902,0.07283237
41060,0.70904917,0.2313169
41061,0.368947,0.15314366
41062,0.15823615,0.9612944
41063,0.057626843,0.19121543
41064,0.14122416,0.70736855
41065,0.050890066,0.055667248
41066,0.04809651,0.046034854
41067,0.08209624,0.40855125
41068,0.18226478,0.7948835
41069,0.62654895,0.9095663
41070,0.29386598,0.4066552
41071,0.0666331,0.21523015
41072,0.09262137,0.14200482
41073,0.1234792,0.84961575
41074,0.11099362,0.32953525
41075,0.18920207,0.3381583
41076,0.3272016,0.4214096
41077,0.07834777,0.079198815
41078,0.41916853,0.68587667
41079,0.0634777,0.10914701
41080,0.13146004,0.23358554
41081,0.05993265,0.7805812
41082,0.5045587,0.63796014
41083,0.10352413,0.52517873
41084,0.1045727,0.92533046
41085,0.21611045,0.46580938
41086,0.09116531,0.2349935
41087,0.1639529,0.9234371
41088,0.22483297,0.47927827
41089,0.86561203,0.9497159
41090,0.060275972,0.33478817
41091,0.9036937,0.9724903
41092,0.071315624,0.15572844
41093,0.06333163,0.09501804
41094,0.056341678,0.08353732
41095,0.119025275,0.21401516
41096,0.051228967,0.039824735
41097,0.25383502,0.3875132
41098,0.12675063,0.21817112
41099,0.1290753,0.33341068
41100,0.61635077,0.5938312
41101,0.06150273,0.39813834
41102,0.47639602,0.78513587
41103,0.06602153,0.12247788
41104,0.059518866,0.10147615
41105,0.29426578,0.14239945
41106,0.13366766,0.3762903
41107,0.8201676,0.76493394
41108,0.1819227,0.9599646
41109,0.5209089,0.27853653
41110,0.6313169,0.72611076
41111,0.04158182,0.5617019
41112,0.061449695,0.11189726
41113,0.69311154,0.8647643
41114,0.17828517,0.4692479
41115,0.24842927,0.74096197
41116,0.17790301,0.22287688
41117,0.26593143,0.6535874
41118,0.24281926,0.52920926
41119,0.033438385,0.59720355
41120,0.16730165,0.6617215
41121,0.2692011,0.7483874
41122,0.25109673,0.087456524
41123,0.13579142,0.06534825
41124,0.1728917,0.940971
41125,0.15201761,0.52846247
41126,0.44761062,0.43435097
41127,0.16691662,0.14268781
41128,0.18747023,0.4426991
41129,0.043705188,0.13156103
41130,0.112357244,0.78281033
41131,0.17305319,0.27782822
41132,0.46688116,0.5329291
41133,0.12453972,0.53198963
41134,0.031638533,0.078510724
41135,0.07005047,0.031283338
41136,0.25646803,0.3892451
41137,0.04170223,0.09003346
41138,0.067155555,0.20797804
41139,0.73554444,0.86568654
41140,0.06850566,0.21775393
41141,0.40464726,0.40906838
41142,0.20113079,0.25456056
41143,0.101073354,0.56409925
41144,0.33127132,0.48240933
41145,0.48075315,0.88750786
41146,0.58632666,0.29772726
41147,0.069000304,0.15727405
41148,0.05467272,0.022664556
41149,0.05951176,0.05801801
41150,0.1255174,0.30855042
41151,0.055118766,0.9458244
41152,0.6112711,0.81132084
41153,0.0494122,0.23598479
41154,0.07281527,0.0644041
41155,0.14835171,0.25229168
41156,0.020274898,0.025153387
41157,0.038037788,0.5521796
41158,0.68581635,0.41234443
41159,0.13376501,0.19429514
41160,0.17304143,0.6951454
41161,0.041444868,0.05011242
41162,0.05017376,0.15582767
41163,0.08677802,0.14212336
41164,0.10245534,0.5054764
41165,0.62457144,0.5902726
41166,0.092350684,0.74179965
41167,0.054027673,0.8864583
41168,0.2958021,0.15082581
41169,0.07089327,0.5362766
41170,0.33603513,0.3017402
41171,0.7482317,0.85852337
41172,0.18264477,0.7262118
41173,0.064698815,0.06958322
41174,0.5164595,0.4559092
41175,0.0899336,0.5303879
41176,0.07595958,0.1502288
41177,0.21385339,0.91161346
41178,0.054864194,0.14297812
41179,0.14761557,0.22537968
41180,0.047426984,0.12677807
41181,0.28583544,0.48363858
41182,0.08260152,0.1839991
41183,0.10364506,0.176689
41184,0.22173773,0.5842743
41185,0.17294122,0.16055307
41186,0.032124702,0.5278869
41187,0.045974165,0.01787139
41188,0.78374153,0.89405024
41189,0.020145733,0.06304045
41190,0.5484538,0.5421594
41191,0.77531177,0.57931894
41192,0.07467091,0.14810671
41193,0.33655733,0.97422534
41194,0.3623658,0.18094653
41195,0.080269635,0.025131047
41196,0.37162843,0.79783666
41197,0.077770665,0.08076927
41198,0.20764008,0.88415295
41199,0.10317007,0.90166986
41200,0.22803067,0.15431458
41201,0.020971436,0.027978303
41202,0.8706273,0.92925584
41203,0.7014373,0.7226745
41204,0.121783085,0.22795011
41205,0.02631217,0.0807067
41206,0.19783296,0.0867417
41207,0.055885427,0.08521188
41208,0.16163115,0.13508798
41209,0.16151085,0.72320825
41210,0.28530028,0.8073227
41211,0.061841533,0.3113966
41212,0.5211295,0.6591097
41213,0.09392378,0.16984558
41214,0.9016024,0.90948915
41215,0.06889614,0.6132631
41216,0.13567682,0.11929475
41217,0.18516813,0.26258624
41218,0.048904132,0.20921986
41219,0.073825456,0.106080614
41220,0.068706,0.10138078
41221,0.35273263,0.66312134
41222,0.09403788,0.8979182
41223,0.7377021,0.9443169
41224,0.096991554,0.5683755
41225,0.023138413,0.011136087
41226,0.3664381,0.6431582
41227,0.024106083,0.11068134
41228,0.055463444,0.23818481
41229,0.091554776,0.40008542
41230,0.06160872,0.42390797
41231,0.078477696,0.23791789
41232,0.051733233,0.0590488
41233,0.080742046,0.41153404
41234,0.10047845,0.1155583
41235,0.7399297,0.8937189
41236,0.09453481,0.19930205
41237,0.36720353,0.54816204
41238,0.85373545,0.94059235
41239,0.026995286,0.025146903
41240,0.02973037,0.1136476
41241,0.16782348,0.21237944
41242,0.07670654,0.24143998
41243,0.07455941,0.09453056
41244,0.058767628,0.1035438
41245,0.33131838,0.31492144
41246,0.12874073,0.12907141
41247,0.20042813,0.27744502
41248,0.75841784,0.804737
41249,0.80837023,0.7539609
41250,0.12185515,0.741239
41251,0.12294131,0.54300374
41252,0.13177808,0.93882805
41253,0.7444639,0.929187
41254,0.26640782,0.02615172
41255,0.8102867,0.8200339
41256,0.13578737,0.5762637
41257,0.4438509,0.52274317
41258,0.02872822,0.09684232
41259,0.18291457,0.09455167
41260,0.17787924,0.95686156
41261,0.18017861,0.58885
41262,0.17962603,0.22235872
41263,0.025547141,0.08441606
41264,0.7748265,0.90992403
41265,0.07749805,0.29429927
41266,0.023220642,0.019920096
41267,0.09056519,0.11417626
41268,0.12444428,0.23983327
41269,0.5157437,0.959895
41270,0.059623707,0.13371491
41271,0.48277092,0.31439963
41272,0.04688352,0.108738355
41273,0.05327941,0.11061832
41274,0.30478725,0.83109546
41275,0.04972221,0.05833281
41276,0.1610556,0.23946844
41277,0.17920995,0.19935724
41278,0.066417664,0.46834052
41279,0.07691338,0.17161359
41280,0.22791858,0.118843
41281,0.09025942,0.4531553
41282,0.072859034,0.2739873
41283,0.09856562,0.29501596
41284,0.12013377,0.30926377
41285,0.07171105,0.15685603
41286,0.056045625,0.027096253
41287,0.20773076,0.45687705
41288,0.036918636,0.06435239
41289,0.38707873,0.9086561
41290,0.13859935,0.18350697
41291,0.6236106,0.89708453
41292,0.08543296,0.32036388
41293,0.037699237,0.041126855
41294,0.2401743,0.5247047
41295,0.07618396,0.41422853
41296,0.01722258,0.06229948
41297,0.05951973,0.17787638
41298,0.16678184,0.5275599
41299,0.13156876,0.24449854
41300,0.024759945,0.08290798
41301,0.14588384,0.054711893
41302,0.085367545,0.5590013
41303,0.036394756,0.22151604
41304,0.30132532,0.35666013
41305,0.35897672,0.3025177
41306,0.053662818,0.5572657
41307,0.085702986,0.16852182
41308,0.02276962,0.100392476
41309,0.024054017,0.029521622
41310,0.41138938,0.9595192
41311,0.27730694,0.5766954
41312,0.12828757,0.15576458
41313,0.09726743,0.6378076
41314,0.80497515,0.8100729
41315,0.038994774,0.10161874
41316,0.056199357,0.08886765
41317,0.28162768,0.6954926
41318,0.070119925,0.9102155
41319,0.05863776,0.07853555
41320,0.2688525,0.16292083
41321,0.7002648,0.73047084
41322,0.21675245,0.9493676
41323,0.14699215,0.2446559
41324,0.29050747,0.4415373
41325,0.06742132,0.20823035
41326,0.1260301,0.4296703
41327,0.026910381,0.034032404
41328,0.11255781,0.082184374
41329,0.92582464,0.9843035
41330,0.17037167,0.25620434
41331,0.15322976,0.27197516
41332,0.067095466,0.8644449
41333,0.3660642,0.6021325
41334,0.05723699,0.9540201
41335,0.037378076,0.29746893
41336,0.036147576,0.032173056
41337,0.49769738,0.37109175
41338,0.034302216,0.10623829
41339,0.04672254,0.8030535
41340,0.7467024,0.8741281
41341,0.2238984,0.50613153
41342,0.25534827,0.8690389
41343,0.5592243,0.83448935
41344,0.5519259,0.76344573
41345,0.08487272,0.15244007
41346,0.050889045,0.057068765
41347,0.08475928,0.17005557
41348,0.09849332,0.20021836
41349,0.090648346,0.53634715
41350,0.5932813,0.9931437
41351,0.3370119,0.11932591
41352,0.7369456,0.79989123
41353,0.07137164,0.14918213
41354,0.15034594,0.34481952
41355,0.05609718,0.121791966
41356,0.0963017,0.9277306
41357,0.10735636,0.19559336
41358,0.10231274,0.22411516
41359,0.2890909,0.39222777
41360,0.16419946,0.11758749
41361,0.1395074,0.22023863
41362,0.11483396,0.4155585
41363,0.08631526,0.37401164
41364,0.09166019,0.22250333
41365,0.08947783,0.262618
41366,0.024778662,0.13196817
41367,0.030427547,0.03672937
41368,0.022173593,0.77909476
41369,0.066838615,0.039958417
41370,0.111387044,0.32019827
41371,0.050887533,0.040654924
41372,0.06672971,0.69626564
41373,0.05291597,0.09614031
41374,0.03479338,0.076258734
41375,0.29308945,0.38449678
41376,0.24143437,0.8128703
41377,0.09816762,0.1935895
41378,0.30964553,0.36476582
41379,0.042619556,0.1402458
41380,0.18347245,0.9165021
41381,0.038587254,0.0675644
41382,0.20616171,0.2232212
41383,0.11463226,0.21624324
41384,0.04145223,0.21298923
41385,0.07663314,0.13218145
41386,0.06693009,0.09262176
41387,0.25363857,0.66915774
41388,0.04322038,0.49999452
41389,0.028520778,0.11273144
41390,0.04540859,0.85851836
41391,0.8567125,0.7853245
41392,0.12107759,0.27096936
41393,0.07726746,0.77594316
41394,0.13196546,0.11446054
41395,0.13234264,0.14430843
41396,0.08424168,0.18404767
41397,0.09425009,0.7414468
41398,0.38599527,0.7457745
41399,0.052069012,0.8541863
41400,0.13274051,0.4988436
41401,0.1402665,0.54852116
41402,0.25805178,0.48290575
41403,0.13213119,0.17219602
41404,0.060098283,0.95869863
41405,0.06562462,0.07533303
41406,0.23000965,0.5610555
41407,0.05480125,0.712893
41408,0.14373346,0.7241264
41409,0.23285294,0.2558527
41410,0.11788912,0.25616482
41411,0.060614657,0.29326445
41412,0.06851852,0.29627925
41413,0.7878337,0.9368393
41414,0.12850472,0.76034504
41415,0.08419897,0.3672583
41416,0.14188462,0.18879926
41417,0.13612656,0.89550066
41418,0.32632065,0.074781075
41419,0.5358796,0.87302333
41420,0.12478118,0.731305
41421,0.9079901,0.9578029
41422,0.81666666,0.76051015
41423,0.28480053,0.7625475
41424,0.18625292,0.69186956
41425,0.46154,0.69021136
41426,0.145897,0.08065065
41427,0.043692127,0.1682274
41428,0.16002764,0.8475035
41429,0.07675365,0.15836988
41430,0.055844598,0.24742453
41431,0.74428076,0.8337195
41432,0.14082715,0.20538522
41433,0.6588428,0.8842507
41434,0.054632,0.18535617
41435,0.047732666,0.077788554
41436,0.30480427,0.44474944
41437,0.12427192,0.5134532
41438,0.0935191,0.1357331
41439,0.036939707,0.06290612
41440,0.012180597,0.050355334
41441,0.029849648,0.46644512
41442,0.20078793,0.7660699
41443,0.08712961,0.16147386
41444,0.65453357,0.9463073
41445,0.1324632,0.3931132
41446,0.12154768,0.62113583
41447,0.44676024,0.8712408
41448,0.065711446,0.07234235
41449,0.16508391,0.9150913
41450,0.23288073,0.19242556
41451,0.056405015,0.17346396
41452,0.035902683,0.70076555
41453,0.46567747,0.54838187
41454,0.89827496,0.9902805
41455,0.27798298,0.79756933
41456,0.779145,0.70884085
41457,0.08679335,0.33469105
41458,0.19994132,0.30341098
41459,0.009953682,0.048565622
41460,0.2123725,0.8051531
41461,0.54446715,0.956097
41462,0.3902564,0.30632007
41463,0.25889304,0.85244
41464,0.22121783,0.32791626
41465,0.15807413,0.39837343
41466,0.08294878,0.38923356
41467,0.15381372,0.253503
41468,0.1170564,0.8748468
41469,0.6722524,0.45758963
41470,0.04748654,0.2264075
41471,0.59817564,0.91494155
41472,0.33793408,0.68189466
41473,0.5641949,0.8324453
41474,0.28268358,0.8000233
41475,0.1400839,0.4684172
41476,0.15861025,0.17563722
41477,0.15523815,0.36103502
41478,0.06311693,0.15366822
41479,0.21475692,0.39668283
41480,0.10688183,0.19989967
41481,0.06580271,0.21414955
41482,0.05243075,0.057525583
41483,0.033920668,0.71983564
41484,0.025249548,0.04658267
41485,0.11127978,0.12295489
41486,0.04171456,0.044180162
41487,0.27994055,0.68083185
41488,0.0731844,0.12709305
41489,0.0922706,0.3957125
41490,0.03382787,0.63504934
41491,0.34148553,0.8595506
41492,0.070556685,0.1868974
41493,0.51534927,0.76381284
41494,0.04225789,0.92877185
41495,0.06986997,0.22775653
41496,0.0666662,0.6396934
41497,0.07256729,0.29268155
41498,0.10932508,0.12480431
41499,0.23663327,0.4371976
41500,0.037769593,0.17990382
41501,0.45996332,0.8359349
41502,0.08484488,0.35760152
41503,0.39569473,0.1302321
41504,0.08006656,0.7292651
41505,0.085841425,0.5352
41506,0.4265877,0.05653403
41507,0.037113458,0.058951594
41508,0.0953804,0.16804875
41509,0.06219751,0.16486916
41510,0.03153689,0.5980945
41511,0.10401218,0.4039601
41512,0.0684211,0.18409577
41513,0.48031476,0.5827667
41514,0.12146127,0.047282007
41515,0.06839193,0.23551899
41516,0.08365558,0.92591476
41517,0.061658274,0.07775341
41518,0.5129897,0.35762605
41519,0.17431092,0.83220863
41520,0.21211495,0.61966807
41521,0.13099758,0.7601572
41522,0.088210635,0.10039799
41523,0.02723206,0.021436226
41524,0.24111475,0.57976925
41525,0.030835971,0.8617792
41526,0.076916456,0.3240221
41527,0.15930696,0.23566648
41528,0.16597769,0.92619383
41529,0.23399787,0.14925463
41530,0.024350988,0.035309505
41531,0.40162662,0.54741853
41532,0.4662866,0.3243274
41533,0.443415,0.5282596
41534,0.13792114,0.7741749
41535,0.095630884,0.06588511
41536,0.69039005,0.86432946
41537,0.49322888,0.67141104
41538,0.5528207,0.72178406
41539,0.08099934,0.76548785
41540,0.2862124,0.5814732
41541,0.6817243,0.9142982
41542,0.14050241,0.12568617
41543,0.122254714,0.33329436
41544,0.13303255,0.26630342
41545,0.07160651,0.48261577
41546,0.14368743,0.33366275
41547,0.1333553,0.4172339
41548,0.06866979,0.311728
41549,0.043804392,0.37581578
41550,0.18622585,0.6681396
41551,0.16004631,0.88793105
41552,0.40088263,0.52558476
41553,0.047115788,0.20189741
41554,0.72973645,0.7410015
41555,0.15664157,0.15013875
41556,0.28410485,0.30093312
41557,0.1894489,0.95076835
41558,0.83132994,0.8254433
41559,0.11774453,0.35293064
41560,0.033999674,0.1194585
41561,0.64058423,0.48669806
41562,0.17790858,0.2512923
41563,0.088103466,0.5983719
41564,0.5397515,0.26362008
41565,0.03528343,0.15980111
41566,0.34357643,0.3844583
41567,0.11782396,0.30787316
41568,0.28616807,0.6414054
41569,0.08037907,0.40085983
41570,0.08460067,0.8952396
41571,0.04199642,0.09351637
41572,0.09547561,0.23552306
41573,0.5565575,0.83300024
41574,0.011559963,0.04571403
41575,0.87836593,0.94000894
41576,0.63743085,0.5182872
41577,0.14365023,0.92704225
41578,0.11128878,0.20266633
41579,0.067101344,0.0888919
41580,0.175474,0.8082179
41581,0.038219508,0.059316743
41582,0.12793691,0.39084974
41583,0.117327996,0.57299733
41584,0.09503206,0.9041578
41585,0.63997686,0.7525905
41586,0.13685323,0.22477596
41587,0.4773358,0.6712056
41588,0.44536528,0.27306706
41589,0.70456475,0.85560673
41590,0.05679281,0.38684213
41591,0.063032255,0.6928984
41592,0.22197779,0.66145635
41593,0.042049527,0.43682823
41594,0.03728326,0.098463565
41595,0.14500484,0.3053565
41596,0.4335009,0.73841834
41597,0.06265982,0.04601398
41598,0.8249409,0.93785906
41599,0.10783349,0.79977196
41600,0.07266364,0.26858288
41601,0.49358985,0.3350269
41602,0.06378484,0.6919077
41603,0.033063225,0.13399556
41604,0.47436124,0.8472093
41605,0.06613666,0.3634515
41606,0.10292075,0.07978499
41607,0.12652698,0.31983992
41608,0.08842011,0.5746445
41609,0.06854029,0.42465279
41610,0.087117024,0.30138567
41611,0.15010087,0.31777504
41612,0.3110182,0.71136236
41613,0.70131475,0.91560775
41614,0.77802426,0.81350553
41615,0.73221385,0.85536164
41616,0.75556606,0.8002127
41617,0.02281296,0.7151113
41618,0.8101909,0.975245
41619,0.20316401,0.30545777
41620,0.09570948,0.08334765
41621,0.3620349,0.5233666
41622,0.58673704,0.5190686
41623,0.5018389,0.6132351
41624,0.5205688,0.36167356
41625,0.83374476,0.6411559
41626,0.010642987,0.017652854
41627,0.11182926,0.23750204
41628,0.06294553,0.1451791
41629,0.07617328,0.13795385
41630,0.28548583,0.35601684
41631,0.5736666,0.7451939
41632,0.5434067,0.69305336
41633,0.05940436,0.09421672
41634,0.15872741,0.34561375
41635,0.59211874,0.7082738
41636,0.11833103,0.050804794
41637,0.1450085,0.087803446
41638,0.024226747,0.0370215
41639,0.09745258,0.5879895
41640,0.507894,0.8682213
41641,0.357763,0.5578731
41642,0.08408935,0.12188036
41643,0.07704907,0.1778197
41644,0.09002989,0.13564548
41645,0.05615322,0.94016844
41646,0.17616239,0.6285482
41647,0.043143917,0.7214448
41648,0.047913752,0.09738152
41649,0.13264611,0.34428817
41650,0.4442166,0.7673807
41651,0.081790775,0.92224485
41652,0.7495568,0.8686298
41653,0.036573593,0.066179894
41654,0.069632046,0.21464334
41655,0.024391815,0.04659589
41656,0.12498899,0.54218346
41657,0.068147145,0.22170323
41658,0.72236395,0.92660534
41659,0.28176802,0.55950093
41660,0.10077839,0.82530427
41661,0.3619734,0.6098906
41662,0.06220957,0.635677
41663,0.02734112,0.020656921
41664,0.68561625,0.9076472
41665,0.057941414,0.12738423
41666,0.2664589,0.9305375
41667,0.04496986,0.15284331
41668,0.14166938,0.1445595
41669,0.016949575,0.034458976
41670,0.08194201,0.10573957
41671,0.018114494,0.028488671
41672,0.10384441,0.108225726
41673,0.022266287,0.04235427
41674,0.031720836,0.08399149
41675,0.16929811,0.24105284
41676,0.059570856,0.14467382
41677,0.15484324,0.56228775
41678,0.043931134,0.15491305
41679,0.2268779,0.14890426
41680,0.083289266,0.13961501
41681,0.8326569,0.90953887
41682,0.047195874,0.12205162
41683,0.038947772,0.08973046
41684,0.13556378,0.43656415
41685,0.10217702,0.46804553
41686,0.1500189,0.39243388
41687,0.027344314,0.038638145
41688,0.05367228,0.22570017
41689,0.085542135,0.07091361
41690,0.09372982,0.58409536
41691,0.40975723,0.8264985
41692,0.075620964,0.05847406
41693,0.41198432,0.17151675
41694,0.041391093,0.034462005
41695,0.42937014,0.8153526
41696,0.03615606,0.07919379
41697,0.0734954,0.18273884
41698,0.16205017,0.21328883
41699,0.1423772,0.06396004
41700,0.028203435,0.06690306
41701,0.70039845,0.771182
41702,0.41270512,0.44616535
41703,0.13221243,0.053034168
41704,0.09521972,0.17351481
41705,0.08483432,0.27565125
41706,0.78321743,0.9076639
41707,0.020454759,0.117659874
41708,0.04145095,0.24587166
41709,0.6120348,0.7344386
41710,0.5707153,0.13993524
41711,0.8201095,0.79064757
41712,0.25732866,0.52367854
41713,0.12918766,0.9634417
41714,0.377919,0.46447963
41715,0.08283465,0.07500484
41716,0.06758762,0.16100837
41717,0.079188585,0.113334216
41718,0.081079766,0.19077823
41719,0.11309483,0.2233447
41720,0.35340703,0.6847986
41721,0.03438665,0.13501075
41722,0.04597632,0.15474539
41723,0.08051979,0.9547842
41724,0.09860153,0.21779057
41725,0.5890459,0.9528544
41726,0.048591014,0.040346455
41727,0.7141225,0.72379386
41728,0.02289958,0.034155037
41729,0.055611648,0.15929668
41730,0.053110532,0.09961986
41731,0.042276222,0.23698074
41732,0.058204114,0.2166395
41733,0.2542127,0.84231985
41734,0.37045807,0.23940031
41735,0.1088165,0.23521431
41736,0.11192582,0.24662517
41737,0.0701668,0.068447426
41738,0.014528573,0.8224887
41739,0.1447024,0.6208013
41740,0.062671736,0.1624103
41741,0.12008757,0.5787399
41742,0.17031871,0.042977866
41743,0.09255313,0.7054858
41744,0.12926033,0.38980103
41745,0.029069215,0.060944885
41746,0.041400272,0.1160688
41747,0.8139073,0.6958771
41748,0.08854983,0.5933278
41749,0.08081702,0.2708346
41750,0.029379375,0.4868588
41751,0.81832457,0.773206
41752,0.04199762,0.05328873
41753,0.0469514,0.45792663
41754,0.46535704,0.29232204
41755,0.06353068,0.31054538
41756,0.080759056,0.28201076
41757,0.6551646,0.69651395
41758,0.1889106,0.6691653
41759,0.09867651,0.26686755
41760,0.123997614,0.14355853
41761,0.5978979,0.9079551
41762,0.09303886,0.020760838
41763,0.16939548,0.20381193
41764,0.054374393,0.26250482
41765,0.034245886,0.18347292
41766,0.0821793,0.6245518
41767,0.051137485,0.8913808
41768,0.4298376,0.7110593
41769,0.05472632,0.6175343
41770,0.26663432,0.07176401
41771,0.131201,0.08537782
41772,0.18506235,0.4446874
41773,0.07620504,0.18484199
41774,0.5541468,0.5603101
41775,0.08703621,0.12726106
41776,0.059481822,0.0629761
41777,0.5868252,0.82532114
41778,0.11902368,0.14356305
41779,0.032194726,0.13223691
41780,0.032841537,0.10435907
41781,0.0478453,0.09503274
41782,0.07818817,0.06670447
41783,0.110802546,0.27087143
41784,0.04706746,0.043365512
41785,0.04110212,0.110639974
41786,0.042561,0.19134878
41787,0.08287864,0.79690033
41788,0.19667378,0.10055389
41789,0.12767911,0.26916498
41790,0.42566037,0.9625432
41791,0.33833304,0.5832487
41792,0.34763744,0.37105125
41793,0.077504,0.3991779
41794,0.05515567,0.37024656
41795,0.019961081,0.01908605
41796,0.796096,0.8504033
41797,0.06884663,0.17679366
41798,0.08481051,0.79051065
41799,0.75553894,0.8759203
41800,0.024084803,0.10816455
41801,0.1329105,0.41488943
41802,0.0557624,0.07296761
41803,0.13928989,0.16827618
41804,0.16547222,0.9691495
41805,0.03531854,0.016447235
41806,0.25867712,0.48557582
41807,0.032024812,0.054264873
41808,0.09045321,0.37832952
41809,0.06272543,0.21017392
41810,0.4839057,0.20872141
41811,0.059413813,0.16061907
41812,0.12560144,0.045062374
41813,0.09117536,0.3987607
41814,0.089765474,0.6580957
41815,0.16807264,0.5179811
41816,0.04976494,0.037418038
41817,0.100154296,0.0766041
41818,0.06494278,0.9191351
41819,0.27688038,0.7703223
41820,0.02469394,0.06963376
41821,0.025442425,0.20904142
41822,0.071606636,0.061558086
41823,0.062264305,0.11237362
41824,0.026022468,0.076415524
41825,0.060867727,0.3088573
41826,0.0953405,0.2856366
41827,0.13249381,0.32293883
41828,0.11959844,0.8611116
41829,0.056284145,0.14847809
41830,0.16472425,0.85775244
41831,0.2270838,0.32419455
41832,0.11302131,0.24870981
41833,0.036063425,0.14988667
41834,0.21642876,0.45032543
41835,0.53704077,0.9696251
41836,0.43434346,0.16031286
41837,0.074813925,0.113935985
41838,0.05355397,0.1402257
41839,0.22278443,0.7243551
41840,0.42423218,0.95606565
41841,0.0892536,0.73364174
41842,0.38330695,0.45993826
41843,0.058614243,0.9397025
41844,0.08762762,0.114002965
41845,0.13793838,0.16357319
41846,0.042465016,0.15684994
41847,0.08919865,0.21139959
41848,0.4205445,0.8593296
41849,0.066853486,0.29722455
41850,0.071711026,0.28622904
41851,0.10449152,0.47412294
41852,0.039429408,0.09857899
41853,0.03641015,0.4074165
41854,0.16292113,0.13123067
41855,0.32631686,0.83282673
41856,0.6971204,0.97863483
41857,0.118126966,0.13643068
41858,0.45598477,0.12766975
41859,0.4087193,0.20767358
41860,0.19442716,0.8905348
41861,0.16624838,0.26088044
41862,0.058003273,0.18250768
41863,0.05321538,0.46525702
41864,0.059969153,0.5043767
41865,0.6049575,0.91277695
41866,0.18869258,0.6081366
41867,0.83056456,0.7870154
41868,0.101749845,0.5024265
41869,0.13838364,0.2412624
41870,0.13613887,0.18953006
41871,0.19539046,0.8910862
41872,0.067544304,0.8612273
41873,0.69151026,0.5619348
41874,0.2434287,0.50452954
41875,0.07260731,0.94446397
41876,0.032283816,0.061124694
41877,0.0924366,0.11725342
41878,0.9060958,0.97924507
41879,0.051043592,0.92131186
41880,0.20121716,0.5974789
41881,0.06524748,0.03358893
41882,0.2418438,0.3159896
41883,0.24280323,0.46959272
41884,0.039162815,0.11766409
41885,0.32029742,0.7843405
41886,0.04308913,0.09096055
41887,0.37901914,0.77474004
41888,0.07941222,0.71906465
41889,0.042566974,0.09083824
41890,0.1242755,0.08439202
41891,0.050961412,0.061027132
41892,0.14164221,0.3729096
41893,0.23982239,0.82831126
41894,0.027726639,0.09516187
41895,0.3360986,0.51515436
41896,0.28420886,0.7377711
41897,0.21179879,0.1975107
41898,0.09247694,0.10204251
41899,0.100791655,0.1186981
41900,0.5463804,0.6124739
41901,0.050652806,0.21212897
41902,0.18880117,0.5947259
41903,0.48967457,0.78464615
41904,0.02816818,0.5385951
41905,0.13664268,0.10736484
41906,0.26006272,0.6737315
41907,0.53626704,0.6820727
41908,0.044984516,0.04022599
41909,0.71894777,0.7756697
41910,0.8185245,0.8456387
41911,0.06290149,0.16999058
41912,0.041208826,0.21746355
41913,0.07670658,0.071055
41914,0.21462527,0.34037516
41915,0.038778912,0.045297954
41916,0.04249058,0.084003456
41917,0.106440306,0.17277251
41918,0.8665443,0.8798378
41919,0.055615474,0.22302806
41920,0.022085544,0.033518925
41921,0.115010865,0.8125054
41922,0.053367753,0.06555801
41923,0.1530993,0.84336674
41924,0.017964527,0.040641963
41925,0.113290444,0.3041912
41926,0.58743167,0.9225233
41927,0.15617217,0.26751223
41928,0.103781894,0.35703763
41929,0.56268597,0.1578259
41930,0.32176873,0.6110094
41931,0.03379649,0.12662497
41932,0.27118498,0.80201226
41933,0.6687654,0.31025493
41934,0.31332114,0.57617325
41935,0.10906379,0.2299273
41936,0.042917293,0.028634852
41937,0.61333317,0.93401456
41938,0.27887642,0.35323018
41939,0.07766738,0.164137
41940,0.14648877,0.39611605
41941,0.8677284,0.9353207
41942,0.04836763,0.29869574
41943,0.12428687,0.19420543
41944,0.10728188,0.16162778
41945,0.62909245,0.7429157
41946,0.08139966,0.24269441
41947,0.075484514,0.23162836
41948,0.08375338,0.15745583
41949,0.056668393,0.064336725
41950,0.5812618,0.46173036
41951,0.09063516,0.6855525
41952,0.039727744,0.1589025
41953,0.10942084,0.8813498
41954,0.101847075,0.1799463
41955,0.14874683,0.1721091
41956,0.18485765,0.44335312
41957,0.12227443,0.12197677
41958,0.7107827,0.9314264
41959,0.23264778,0.88936067
41960,0.13276392,0.22298357
41961,0.7352699,0.879649
41962,0.16970849,0.10705035
41963,0.0826352,0.37246197
41964,0.20252343,0.71617454
41965,0.15859875,0.8415943
41966,0.11145669,0.8391807
41967,0.028433654,0.24841583
41968,0.046455856,0.068386264
41969,0.15530644,0.09550456
41970,0.05817611,0.06447125
41971,0.9207444,0.96458876
41972,0.09487961,0.75911295
41973,0.19038004,0.8752266
41974,0.069207415,0.2052056
41975,0.15845521,0.35088524
41976,0.088202566,0.872248
41977,0.12291528,0.044491053
41978,0.057698965,0.0476255
41979,0.699164,0.89675903
41980,0.08466674,0.8807757
41981,0.028940266,0.045009844
41982,0.4150152,0.58988124
41983,0.045196638,0.35010418
41984,0.18324263,0.88599783
41985,0.6245103,0.9076602
41986,0.079838954,0.38629335
41987,0.7679539,0.76749194
41988,0.02391814,0.14265949
41989,0.7225498,0.21662386
41990,0.14108229,0.20471734
41991,0.22097208,0.52722794
41992,0.15015703,0.9807819
41993,0.09353196,0.19439387
41994,0.035348516,0.078852214
41995,0.6704617,0.6668666
41996,0.077731535,0.4234282
41997,0.071190804,0.22584933
41998,0.16007063,0.2513472
41999,0.35990414,0.75785464
42000,0.03543329,0.041442122
42001,0.3187459,0.8876206
42002,0.033432405,0.029259596
42003,0.049780026,0.08191454
42004,0.4857244,0.49867696
42005,0.3463532,0.345091
42006,0.42609245,0.5783253
42007,0.3762145,0.88062257
42008,0.046475463,0.11094744
42009,0.14935341,0.72074586
42010,0.060457356,0.42670503
42011,0.049213532,0.098135084
42012,0.0422944,0.046709757
42013,0.15459238,0.88782513
42014,0.27787957,0.28488824
42015,0.036081225,0.45727298
42016,0.062128015,0.9339997
42017,0.483516,0.8949579
42018,0.1592956,0.1606988
42019,0.71116644,0.7073938
42020,0.1648248,0.16746274
42021,0.072789215,0.56948596
42022,0.87141025,0.9613591
42023,0.15681379,0.7650681
42024,0.033416413,0.03739089
42025,0.33762372,0.5669196
42026,0.573695,0.81307137
42027,0.13126539,0.8523267
42028,0.100561716,0.5913365
42029,0.041344017,0.10135724
42030,0.064314224,0.11506732
42031,0.07693618,0.17000157
42032,0.83414274,0.73915076
42033,0.29822955,0.19926919
42034,0.13555959,0.4141145
42035,0.02654562,0.039448302
42036,0.08740103,0.2714717
42037,0.09103214,0.45204255
42038,0.060937475,0.922018
42039,0.055957388,0.15946735
42040,0.32679662,0.9145271
42041,0.760849,0.76760894
42042,0.06009938,0.15288448
42043,0.13299896,0.13882792
42044,0.14993368,0.5607099
42045,0.35524982,0.38761583
42046,0.06017666,0.21367833
42047,0.32911915,0.31429693
42048,0.14628315,0.1132247
42049,0.5129288,0.41880313
42050,0.039227154,0.43284488
42051,0.27757645,0.7817172
42052,0.15116738,0.27809954
42053,0.05565128,0.3514828
42054,0.16046415,0.8854619
42055,0.68386936,0.8261686
42056,0.058438152,0.3346516
42057,0.06516354,0.8522848
42058,0.66991276,0.7549328
42059,0.07919474,0.09167414
42060,0.0869667,0.37940115
42061,0.021514624,0.07051575
42062,0.025967347,0.07004278
42063,0.32075974,0.124437995
42064,0.20393492,0.62055767
42065,0.54205954,0.6325174
42066,0.029611686,0.038130283
42067,0.07357405,0.20081508
42068,0.22740127,0.37391323
42069,0.07697047,0.1130839
42070,0.05676962,0.06672947
42071,0.032821164,0.13717937
42072,0.34531274,0.9128753
42073,0.0977867,0.016507471
42074,0.09683541,0.23597942
42075,0.123047315,0.16547374
42076,0.15016812,0.902743
42077,0.09537667,0.09392625
42078,0.7057708,0.80413693
42079,0.079528615,0.064886935
42080,0.13969894,0.30898106
42081,0.035676375,0.22468892
42082,0.07762849,0.50628215
42083,0.039914347,0.7990297
42084,0.69143546,0.85997033
42085,0.33425757,0.21261454
42086,0.5125929,0.5074389
42087,0.14273883,0.8291183
42088,0.0754288,0.09496362
42089,0.040144157,0.8651772
42090,0.103670835,0.1431751
42091,0.05553497,0.054836456
42092,0.058821548,0.13195848
42093,0.3561169,0.6924981
42094,0.14810748,0.2736308
42095,0.14355631,0.3494837
42096,0.022452192,0.034016907
42097,0.01999226,0.020189436
42098,0.57791024,0.7428624
42099,0.091103084,0.16080035
42100,0.82241994,0.9286675
42101,0.52555686,0.16902335
42102,0.065430924,0.53383213
42103,0.10318621,0.09639822
42104,0.37259194,0.20025477
42105,0.109728366,0.27854112
42106,0.058315396,0.04081815
42107,0.070796974,0.34055826
42108,0.21744521,0.76207113
42109,0.77252144,0.9163353
42110,0.07908335,0.108344674
42111,0.04251172,0.42858562
42112,0.033012394,0.02579447
42113,0.13318093,0.73096097
42114,0.07091473,0.13546985
42115,0.050335463,0.03611915
42116,0.081639245,0.919905
42117,0.037710067,0.025191626
42118,0.8530934,0.9404373
42119,0.34898132,0.84697723
42120,0.13173394,0.69778323
42121,0.42951968,0.406771
42122,0.08987279,0.36676145
42123,0.083991714,0.56668156
42124,0.28636876,0.39449537
42125,0.8030378,0.9312341
42126,0.06631945,0.8541921
42127,0.40887684,0.5263421
42128,0.1026397,0.53683025
42129,0.0700314,0.20852818
42130,0.41048092,0.6816138
42131,0.07030332,0.32450348
42132,0.042679537,0.031924397
42133,0.25652426,0.29301897
42134,0.31969386,0.32590225
42135,0.102028966,0.15421212
42136,0.2156828,0.5551155
42137,0.62612104,0.6485616
42138,0.35242647,0.6679735
42139,0.058081683,0.2094249
42140,0.032925185,0.17450708
42141,0.04601911,0.06915781
42142,0.5286604,0.45939264
42143,0.07029744,0.092567906
42144,0.014553069,0.119182296
42145,0.09460113,0.48932225
42146,0.116803825,0.6368196
42147,0.28675038,0.62181205
42148,0.32659978,0.91531414
42149,0.076278605,0.38108423
42150,0.2621386,0.89344805
42151,0.34475446,0.9413352
42152,0.11174773,0.3251057
42153,0.36246842,0.42262596
42154,0.8784647,0.9564906
42155,0.056372907,0.549735
42156,0.08021455,0.3817789
42157,0.1612023,0.34109172
42158,0.12797262,0.48648146
42159,0.041042313,0.09924654
42160,0.16053101,0.5528549
42161,0.1250302,0.20357549
42162,0.049992934,0.13209444
42163,0.11393043,0.91205287
42164,0.043182418,0.1554802
42165,0.03837535,0.034469083
42166,0.03397786,0.09825582
42167,0.10309129,0.41351312
42168,0.15252137,0.23745966
42169,0.080180965,0.1511781
42170,0.035211403,0.08641158
42171,0.78142357,0.5908108
42172,0.014369248,0.040296175
42173,0.04046103,0.05357211
42174,0.4539121,0.9074087
42175,0.039423566,0.04033263
42176,0.3708763,0.30139562
42177,0.053187087,0.65461546
42178,0.4698162,0.6756018
42179,0.041086707,0.0366483
42180,0.27366644,0.7113046
42181,0.31885675,0.29690376
42182,0.054324582,0.058676235
42183,0.058000173,0.08114664
42184,0.12600791,0.7889994
42185,0.24639829,0.3544971
42186,0.36432728,0.42880565
42187,0.07216993,0.09642683
42188,0.11390717,0.15615621
42189,0.037329055,0.13212778
42190,0.2953665,0.3817319
42191,0.19743338,0.95077837
42192,0.019470325,0.024556972
42193,0.9061487,0.9568192
42194,0.14001709,0.1539648
42195,0.44994757,0.63812506
42196,0.16079074,0.2906918
42197,0.10420692,0.30843812
42198,0.12217422,0.47951528
42199,0.5676576,0.92816794
42200,0.13420752,0.34330884
42201,0.07700424,0.88957644
42202,0.35067075,0.5866093
42203,0.06390458,0.080021955
42204,0.43048534,0.7216211
42205,0.19442578,0.114411235
42206,0.0824459,0.05087992
42207,0.16310114,0.76529527
42208,0.02615668,0.08344876
42209,0.14979263,0.71320033
42210,0.059909973,0.076704666
42211,0.037240174,0.5155158
42212,0.21787721,0.8533441
42213,0.052671045,0.07241712
42214,0.055359483,0.9580919
42215,0.14364481,0.3199091
42216,0.1830918,0.7060603
42217,0.08902318,0.14429641
42218,0.01758344,0.094610915
42219,0.05140578,0.07433276
42220,0.116460465,0.18681006
42221,0.050860964,0.07219104
42222,0.23470518,0.7579045
42223,0.07036986,0.27554974
42224,0.074875936,0.094260946
42225,0.4574427,0.7906856
42226,0.048931964,0.90259355
42227,0.06846964,0.12009221
42228,0.14401788,0.04027291
42229,0.102384195,0.04959054
42230,0.30400944,0.8128644
42231,0.034866676,0.7224616
42232,0.8485256,0.803274
42233,0.32287627,0.6976102
42234,0.78858995,0.8931353
42235,0.04853109,0.121157
42236,0.06663679,0.90830064
42237,0.03637237,0.13371773
42238,0.1705512,0.5464579
42239,0.11974529,0.083042026
42240,0.058627438,0.8468189
42241,0.15415186,0.942646
42242,0.026007136,0.3064128
42243,0.098366104,0.6219258
42244,0.16912836,0.09942588
42245,0.03491932,0.023131583
42246,0.25512496,0.44094527
42247,0.16315804,0.062454615
42248,0.3003564,0.76129174
42249,0.10276891,0.91025066
42250,0.24177162,0.34855726
42251,0.20799924,0.6642392
42252,0.1065419,0.7745768
42253,0.7297447,0.91576743
42254,0.14620839,0.48582956
42255,0.057983413,0.28870565
42256,0.28011256,0.73425615
42257,0.0925772,0.398025
42258,0.0229118,0.077335276
42259,0.05902046,0.12577221
42260,0.31278497,0.4524916
42261,0.12998924,0.67056966
42262,0.052099675,0.029613275
42263,0.24880618,0.5758615
42264,0.068831146,0.119766995
42265,0.11280056,0.44947165
42266,0.060851697,0.33972302
42267,0.26908183,0.706276
42268,0.22395937,0.29952058
42269,0.11381172,0.3367275
42270,0.084259525,0.21225509
42271,0.5945362,0.7174925
42272,0.042985514,0.0655749
42273,0.03919516,0.31063446
42274,0.13930164,0.3404372
42275,0.8252386,0.83168715
42276,0.10646219,0.7625827
42277,0.018049072,0.05322552
42278,0.07166155,0.13562699
42279,0.10912483,0.03936949
42280,0.12066177,0.24854404
42281,0.01919559,0.060062874
42282,0.16691984,0.64213574
42283,0.19651556,0.21209581
42284,0.022740223,0.06525323
42285,0.2027328,0.26949915
42286,0.13322136,0.16993321
42287,0.03942473,0.35264945
42288,0.07227142,0.18220118
42289,0.11738578,0.38577446
42290,0.044815764,0.12207021
42291,0.11277982,0.117873475
42292,0.2313131,0.81417394
42293,0.109508835,0.17553213
42294,0.41944784,0.7332424
42295,0.06225514,0.5543621
42296,0.14752488,0.6926337
42297,0.034394786,0.036465485
42298,0.065066226,0.2627349
42299,0.43091744,0.25230792
42300,0.038092498,0.08494295
42301,0.13262178,0.031668738
42302,0.20359723,0.5751048
42303,0.2206426,0.05618044
42304,0.08991618,0.12959896
42305,0.29468182,0.9030897
42306,0.044011198,0.10131497
42307,0.8501789,0.95619935
42308,0.023903873,0.04649814
42309,0.21215104,0.86379164
42310,0.02836588,0.034493536
42311,0.09642263,0.8142785
42312,0.52648467,0.5087298
42313,0.24442935,0.77440476
42314,0.057697948,0.18446703
42315,0.07809632,0.09073189
42316,0.048516348,0.14599004
42317,0.4379313,0.5847427
42318,0.14052036,0.25335413
42319,0.051183444,0.1909073
42320,0.0907231,0.70869386
42321,0.8657278,0.7382644
42322,0.065433815,0.8529981
42323,0.07649783,0.14291626
42324,0.0933782,0.11427224
42325,0.46170932,0.12997422
42326,0.06886218,0.08808014
42327,0.03528424,0.05082253
42328,0.054564793,0.83445615
42329,0.27662054,0.94109327
42330,0.03128244,0.040312957
42331,0.015823433,0.41354018
42332,0.08723184,0.04875025
42333,0.11511838,0.8905621
42334,0.872889,0.9469271
42335,0.07306692,0.39777324
42336,0.08365728,0.751637
42337,0.2054763,0.6088547
42338,0.17126997,0.6887694
42339,0.28114212,0.27986014
42340,0.23487748,0.24372916
42341,0.4720126,0.5912472
42342,0.02621066,0.027083874
42343,0.30314764,0.84061414
42344,0.09902085,0.9008281
42345,0.047719583,0.4121162
42346,0.36663643,0.59281623
42347,0.110326864,0.76490366
42348,0.59011793,0.8405097
42349,0.12274357,0.9219118
42350,0.26132202,0.76197714
42351,0.89287424,0.9677365
42352,0.104797885,0.1804419
42353,0.8544687,0.8742153
42354,0.84568113,0.9034091
42355,0.0882622,0.5570334
42356,0.09803484,0.46538782
42357,0.05238538,0.28135172
42358,0.04301807,0.057440527
42359,0.39057815,0.78571486
42360,0.6272542,0.6738419
42361,0.1415456,0.3360018
42362,0.32674277,0.3658553
42363,0.107265234,0.5390069
42364,0.076521836,0.12209932
42365,0.5467597,0.8826204
42366,0.020422896,0.04984054
42367,0.19995254,0.11739309
42368,0.44659555,0.64820963
42369,0.5938623,0.8848699
42370,0.088640645,0.17284054
42371,0.5152529,0.69799113
42372,0.32207626,0.3823042
42373,0.1648306,0.32834342
42374,0.033132024,0.8622741
42375,0.08145095,0.17888841
42376,0.09454492,0.021290159
42377,0.026680788,0.051792976
42378,0.18326946,0.7516525
42379,0.2161897,0.93057406
42380,0.047562484,0.09317351
42381,0.12327643,0.4034492
42382,0.1577907,0.41739032
42383,0.41905567,0.7016588
42384,0.48493144,0.83383787
42385,0.2827596,0.79264575
42386,0.116487905,0.6405835
42387,0.06987101,0.1772299
42388,0.40284285,0.5656528
42389,0.10719149,0.51037645
42390,0.06547481,0.08320597
42391,0.07720489,0.23686674
42392,0.09247176,0.14340025
42393,0.5503436,0.78021604
42394,0.0768148,0.44036487
42395,0.44606587,0.47583103
42396,0.04561916,0.02751602
42397,0.04041973,0.031949613
42398,0.073513195,0.5771704
42399,0.18556972,0.108984075
42400,0.07857056,0.5720567
42401,0.0958152,0.15355027
42402,0.04082363,0.8153226
42403,0.27048773,0.7301187
42404,0.16897315,0.79618514
42405,0.27313682,0.8368276
42406,0.11601571,0.9502561
42407,0.40506348,0.6585687
42408,0.047637712,0.062545374
42409,0.31117108,0.8273964
42410,0.3855219,0.825331
42411,0.052945346,0.2679952
42412,0.7408987,0.9031685
42413,0.044172287,0.07333029
42414,0.050957263,0.0818435
42415,0.06959383,0.044876542
42416,0.39299843,0.19125015
42417,0.04908687,0.03508042
42418,0.08397786,0.2683122
42419,0.22607629,0.62871945
42420,0.05860243,0.08587204
42421,0.11779377,0.41905233
42422,0.04256465,0.021714374
42423,0.040441226,0.013716964
42424,0.09511332,0.43637848
42425,0.038022168,0.08571389
42426,0.08360814,0.19457811
42427,0.09636664,0.6399845
42428,0.046631075,0.34310594
42429,0.014687118,0.1293877
42430,0.3319697,0.48865503
42431,0.37603387,0.5096305
42432,0.032718264,0.16164367
42433,0.48559618,0.15615994
42434,0.04451364,0.30684298
42435,0.038464297,0.26586872
42436,0.04418681,0.039996255
42437,0.026177587,0.07996358
42438,0.5262945,0.48381105
42439,0.873776,0.95894796
42440,0.48676297,0.35259035
42441,0.09354507,0.7652652
42442,0.10565907,0.64868754
42443,0.1083875,0.10414974
42444,0.39633927,0.937011
42445,0.012968751,0.036569014
42446,0.15930507,0.6542304
42447,0.1452442,0.7252135
42448,0.03953843,0.19796488
42449,0.057143867,0.067952715
42450,0.08867609,0.43282244
42451,0.05596322,0.16973917
42452,0.067337885,0.92957735
42453,0.054648153,0.18917449
42454,0.080950364,0.18214414
42455,0.094541304,0.10090297
42456,0.2802868,0.713643
42457,0.079930104,0.24074452
42458,0.051408242,0.28206664
42459,0.08628086,0.24243225
42460,0.29798195,0.76442313
42461,0.2525485,0.17581034
42462,0.7636423,0.90574
42463,0.20483333,0.13954681
42464,0.43819717,0.5579071
42465,0.13678275,0.30119383
42466,0.13366914,0.78400636
42467,0.07597596,0.9405204
42468,0.050305896,0.027182538
42469,0.22579326,0.10420441
42470,0.6774659,0.8434071
42471,0.058669608,0.40189424
42472,0.06060422,0.30389002
42473,0.51448363,0.8188633
42474,0.13558814,0.88415945
42475,0.76184815,0.97721213
42476,0.042080298,0.8822672
42477,0.5314323,0.8731969
42478,0.019657135,0.020575652
42479,0.15361606,0.22479962
42480,0.58702433,0.8996984
42481,0.051394437,0.7528264
42482,0.046741866,0.20449142
42483,0.7773635,0.66510475
42484,0.038848173,0.06772522
42485,0.029207403,0.029590702
42486,0.8708726,0.89278865
42487,0.24522644,0.7755796
42488,0.08733632,0.057720114
42489,0.6446354,0.92552143
42490,0.0522652,0.22575548
42491,0.10591897,0.676381
42492,0.23276803,0.5816724
42493,0.11997239,0.93637615
42494,0.23195854,0.76323944
42495,0.26039127,0.21521164
42496,0.36586732,0.729568
42497,0.104577206,0.06307185
42498,0.38364297,0.81633544
42499,0.047458313,0.36535195
42500,0.12447696,0.16216527
42501,0.36422125,0.88638616
42502,0.04971427,0.045772724
42503,0.046204016,0.085255474
42504,0.05464291,0.056705873
42505,0.18018226,0.50730574
42506,0.033171244,0.12788345
42507,0.093129225,0.38223085
42508,0.15592727,0.0795949
42509,0.13282138,0.29788667
42510,0.11245299,0.84513545
42511,0.47257867,0.41924548
42512,0.5219132,0.9295235
42513,0.09863663,0.30722478
42514,0.12600824,0.7194174
42515,0.8301946,0.7688388
42516,0.068519585,0.32749915
42517,0.16043723,0.74746656
42518,0.13805191,0.08440842
42519,0.07574651,0.1317852
42520,0.15351006,0.43145528
42521,0.11045627,0.31783333
42522,0.12382987,0.79356986
42523,0.718545,0.9784833
42524,0.17841029,0.6973102
42525,0.7727334,0.9366145
42526,0.055401552,0.22585824
42527,0.2766817,0.5730378
42528,0.07837623,0.16787362
42529,0.72161597,0.7230704
42530,0.11990425,0.6530076
42531,0.085230894,0.08317847
42532,0.09146873,0.06706415
42533,0.034908168,0.09811348
42534,0.054117497,0.22480504
42535,0.59430176,0.79536974
42536,0.019476535,0.022089014
42537,0.10318656,0.15121034
42538,0.06274059,0.1478555
42539,0.56406295,0.31869525
42540,0.04223772,0.2770094
42541,0.11364034,0.9551996
42542,0.026178638,0.041744363
42543,0.06674144,0.107780874
42544,0.048222322,0.061412547
42545,0.124353535,0.044028535
42546,0.06957209,0.065329246
42547,0.26256013,0.7687328
42548,0.08166182,0.29505765
42549,0.07855826,0.63406533
42550,0.86507213,0.89573526
42551,0.4112278,0.75513643
42552,0.031761386,0.024615742
42553,0.7877271,0.93380123
42554,0.14787339,0.2919102
42555,0.5363657,0.7457136
42556,0.28089607,0.8872026
42557,0.11960772,0.6785451
42558,0.12348707,0.15880632
42559,0.11348311,0.34013414
42560,0.06062283,0.9239606
42561,0.27086073,0.44586408
42562,0.2370797,0.3977255
42563,0.12829109,0.35672617
42564,0.03221347,0.059680827
42565,0.08761221,0.28367415
42566,0.11744882,0.8210107
42567,0.27806854,0.93528086
42568,0.2575604,0.18333258
42569,0.60642606,0.86181474
42570,0.069587626,0.07027782
42571,0.17587237,0.35927203
42572,0.08345804,0.3665948
42573,0.19479929,0.41357464
42574,0.067024924,0.67132384
42575,0.23914617,0.67794853
42576,0.15342861,0.3524909
42577,0.041575007,0.07656928
42578,0.5508742,0.8164534
42579,0.11812654,0.16898303
42580,0.07287516,0.09770153
42581,0.30492905,0.5454313
42582,0.0791731,0.046991125
42583,0.7414646,0.96165866
42584,0.060042392,0.54531664
42585,0.20780851,0.19908556
42586,0.47666174,0.77749425
42587,0.020112218,0.014354345
42588,0.09036931,0.14015186
42589,0.24350683,0.39456144
42590,0.4781536,0.76888096
42591,0.11818351,0.76407087
42592,0.10829757,0.6770831
42593,0.39992136,0.5854127
42594,0.053295195,0.13866958
42595,0.26402768,0.64903295
42596,0.044195637,0.06985582
42597,0.16263248,0.18731284
42598,0.3080642,0.09063931
42599,0.061227728,0.070168845
42600,0.1801831,0.6899678
42601,0.372274,0.103469454
42602,0.56016815,0.92737865
42603,0.59008014,0.5883449
42604,0.25392348,0.34546
42605,0.11376109,0.24222057
42606,0.18343821,0.82102984
42607,0.19409193,0.049333956
42608,0.09820055,0.042555712
42609,0.42053303,0.4379551
42610,0.049430896,0.5746258
42611,0.6144901,0.83802897
42612,0.12490116,0.58284116
42613,0.030006986,0.0473838
42614,0.12337843,0.13456355
42615,0.058425773,0.15060787
42616,0.12171394,0.20342328
42617,0.11322743,0.24524261
42618,0.0618881,0.8459674
42619,0.15257674,0.31472516
42620,0.03029185,0.041552432
42621,0.061652936,0.14672694
42622,0.08103906,0.06028741
42623,0.11544062,0.25202975
42624,0.036402147,0.3561068
42625,0.04732794,0.15815306
42626,0.75357044,0.7890006
42627,0.16893138,0.39283648
42628,0.4248794,0.30854473
42629,0.5202856,0.20233925
42630,0.16133107,0.27477834
42631,0.13744256,0.78308994
42632,0.044880085,0.13432172
42633,0.031572934,0.07309764
42634,0.043144457,0.19979538
42635,0.23883948,0.6806742
42636,0.70014143,0.5732198
42637,0.114891686,0.37726405
42638,0.45553154,0.7052141
42639,0.055949543,0.8047375
42640,0.037293103,0.18029964
42641,0.20359962,0.20729826
42642,0.022322621,0.0117428135
42643,0.31920323,0.2935329
42644,0.06312276,0.43325076
42645,0.06834678,0.61671627
42646,0.10234264,0.8247762
42647,0.4100903,0.90759194
42648,0.18499592,0.107035175
42649,0.038742002,0.09350182
42650,0.08749441,0.54402083
42651,0.3698347,0.16804463
42652,0.42706612,0.53792626
42653,0.24110746,0.03754495
42654,0.7819868,0.95305294
42655,0.038410693,0.086827956
42656,0.09100533,0.1276252
42657,0.045912642,0.066405654
42658,0.048125323,0.15770575
42659,0.06878772,0.53890365
42660,0.41392943,0.9508579
42661,0.11514182,0.23115318
42662,0.09443641,0.34603882
42663,0.1271799,0.6122075
42664,0.72796357,0.645025
42665,0.066817485,0.7247245
42666,0.09316255,0.60364765
42667,0.5828915,0.95797867
42668,0.06446766,0.1476495
42669,0.033140503,0.09577621
42670,0.05909077,0.14332786
42671,0.11047598,0.40026674
42672,0.6986941,0.7406812
42673,0.5878535,0.6034795
42674,0.2674613,0.8143062
42675,0.11763176,0.25353745
42676,0.05404516,0.2282281
42677,0.050253365,0.36780763
42678,0.07885236,0.4120751
42679,0.07306322,0.09239194
42680,0.11975358,0.19782388
42681,0.03332497,0.04163902
42682,0.015398467,0.048288997
42683,0.24837501,0.7420278
42684,0.30041918,0.9129608
42685,0.15190415,0.71519995
42686,0.59160507,0.8475812
42687,0.7864344,0.9130952
42688,0.19452451,0.7233665
42689,0.884354,0.9521763
42690,0.023180151,0.033266068
42691,0.08548233,0.12690319
42692,0.12918821,0.13391662
42693,0.4149776,0.5921891
42694,0.0814998,0.20868492
42695,0.02279513,0.09297636
42696,0.13283713,0.54096895
42697,0.05250743,0.08193758
42698,0.77934515,0.8760178
42699,0.15281722,0.38447627
42700,0.072342895,0.6477004
42701,0.11692676,0.9530024
42702,0.045285508,0.100518614
42703,0.031903133,0.063866906
42704,0.1533828,0.79946244
42705,0.03927771,0.09133931
42706,0.3666858,0.33615822
42707,0.035600714,0.07513835
42708,0.07593664,0.93697834
42709,0.1814641,0.40339488
42710,0.01828469,0.06050144
42711,0.13183323,0.5168882
42712,0.119474165,0.20877615
42713,0.24035016,0.89743525
42714,0.15158288,0.85623413
42715,0.040782664,0.13806282
42716,0.26397312,0.6049754
42717,0.1302603,0.26477727
42718,0.5218808,0.9064045
42719,0.117189944,0.25396973
42720,0.6319296,0.82735634
42721,0.029024877,0.08441485
42722,0.4417858,0.657569
42723,0.178934,0.64774257
42724,0.03816363,0.035749204
42725,0.14129627,0.6543472
42726,0.10260836,0.6129444
42727,0.051459447,0.36324987
42728,0.09439135,0.2747413
42729,0.18062185,0.7992455
42730,0.17357472,0.89968413
42731,0.25013494,0.59291965
42732,0.11150674,0.41917488
42733,0.1160909,0.20286429
42734,0.20050262,0.38439095
42735,0.18292294,0.6062199
42736,0.34766993,0.1893358
42737,0.07804967,0.05776114
42738,0.14531441,0.797271
42739,0.30565426,0.54284954
42740,0.11207405,0.17438655
42741,0.30632365,0.6838449
42742,0.080056,0.17634076
42743,0.04151811,0.21830389
42744,0.014700553,0.051303297
42745,0.09959242,0.61664224
42746,0.043077353,0.06903268
42747,0.14397,0.5608967
42748,0.092411615,0.429913
42749,0.7476226,0.8878039
42750,0.06123612,0.0913089
42751,0.083294705,0.43048885
42752,0.07480952,0.16663529
42753,0.32532206,0.47060966
42754,0.10554553,0.12518494
42755,0.045355245,0.19226371
42756,0.22580542,0.7643622
42757,0.25293744,0.34717128
42758,0.024031539,0.18777728
42759,0.117435925,0.18066546
42760,0.09809567,0.267125
42761,0.53735334,0.6236009
42762,0.1572812,0.33771843
42763,0.59602016,0.95392764
42764,0.2195093,0.46184057
42765,0.025431788,0.041628413
42766,0.050653815,0.15446222
42767,0.09302497,0.3337572
42768,0.12751682,0.35004357
42769,0.043182693,0.08308924
42770,0.041096423,0.119137056
42771,0.3906739,0.16972597
42772,0.65800166,0.6153056
42773,0.10883354,0.24731925
42774,0.10684919,0.1659783
42775,0.15724498,0.080703214
42776,0.014595363,0.15796924
42777,0.5132377,0.8014457
42778,0.14933689,0.2535964
42779,0.17285651,0.3903412
42780,0.053780966,0.19497031
42781,0.13527016,0.8903366
42782,0.051752217,0.8293646
42783,0.7485925,0.90133166
42784,0.043097485,0.548574
42785,0.068200275,0.88637155
42786,0.09111277,0.22228567
42787,0.20361644,0.91047937
42788,0.1768075,0.7794697
42789,0.10091381,0.3596808
42790,0.030864233,0.03596312
42791,0.041646715,0.051575143
42792,0.09942128,0.18625028
42793,0.38281617,0.77703524
42794,0.095315605,0.18827158
42795,0.046224687,0.07445101
42796,0.50951964,0.7626908
42797,0.16745284,0.124130234
42798,0.090243444,0.3532408
42799,0.046735696,0.5381233
42800,0.22384682,0.9140724
42801,0.0656896,0.15495345
42802,0.092206135,0.09310416
42803,0.3482095,0.7416944
42804,0.37573645,0.8176621
42805,0.18521234,0.8117216
42806,0.39123788,0.80226755
42807,0.04364094,0.06144965
42808,0.09130491,0.11939616
42809,0.1721493,0.21833657
42810,0.028582834,0.18483466
42811,0.062488277,0.2068537
42812,0.55875087,0.6784776
42813,0.16441311,0.91660744
42814,0.06705052,0.069409974
42815,0.10426372,0.16301736
42816,0.020657765,0.02860649
42817,0.21435343,0.109033324
42818,0.15377294,0.21900074
42819,0.055978652,0.29076836
42820,0.06493039,0.34046555
42821,0.7704379,0.9499821
42822,0.08393744,0.34172583
42823,0.051678628,0.14518416
42824,0.9369729,0.9366989
42825,0.116497055,0.8491624
42826,0.77388495,0.2703691
42827,0.24441083,0.1500055
42828,0.21834894,0.20397332
42829,0.040959086,0.028271817
42830,0.42947042,0.35612413
42831,0.2801517,0.76415527
42832,0.8405015,0.9346719
42833,0.89265484,0.9690614
42834,0.11749634,0.9407821
42835,0.4295667,0.68141824
42836,0.032957356,0.01656376
42837,0.06475482,0.94667953
42838,0.63765,0.5470403
42839,0.69374734,0.7464303
42840,0.039108142,0.58363765
42841,0.14413555,0.8898733
42842,0.6729099,0.57803214
42843,0.085001774,0.17118154
42844,0.1864976,0.6433036
42845,0.59096426,0.72296643
42846,0.1272842,0.7667303
42847,0.05827024,0.15576583
42848,0.11564892,0.84448457
42849,0.013808962,0.04244916
42850,0.25911108,0.8440767
42851,0.025879325,0.017927341
42852,0.14027704,0.5749752
42853,0.07451177,0.72482735
42854,0.45914885,0.3631223
42855,0.07041175,0.93236065
42856,0.087849654,0.09022737
42857,0.31436944,0.7067765
42858,0.23350616,0.66803044
42859,0.015957475,0.024874775
42860,0.14785326,0.7834459
42861,0.040453322,0.50293255
42862,0.06381614,0.15652399
42863,0.094607055,0.7479181
42864,0.032010403,0.23178267
42865,0.07202791,0.26556677
42866,0.054452643,0.2371431
42867,0.2666394,0.30161726
42868,0.19400433,0.18751587
42869,0.24493474,0.8155556
42870,0.05755301,0.21546459
42871,0.8685627,0.8693297
42872,0.19055602,0.9409785
42873,0.067308754,0.3380966
42874,0.13168107,0.037459306
42875,0.09739434,0.74476826
42876,0.1450355,0.12895674
42877,0.06290195,0.4647483
42878,0.1948372,0.6656925
42879,0.25374794,0.65023726
42880,0.8129256,0.95885324
42881,0.058069773,0.4321985
42882,0.0977684,0.60867137
42883,0.23190185,0.094077624
42884,0.34960547,0.2715613
42885,0.20415576,0.5791298
42886,0.46051612,0.69908327
42887,0.03859242,0.2057369
42888,0.074077785,0.24361439
42889,0.08754437,0.15414764
42890,0.51911604,0.46182328
42891,0.28118774,0.6580725
42892,0.28393254,0.36665052
42893,0.03944254,0.6663122
42894,0.16544554,0.13584083
42895,0.0344155,0.1093503
42896,0.06479256,0.14730923
42897,0.24213606,0.55724144
42898,0.37703675,0.46650308
42899,0.11920456,0.223124
42900,0.08365354,0.8715734
42901,0.5353577,0.7064798
42902,0.7961391,0.8861185
42903,0.055201553,0.49458742
42904,0.07264648,0.22451054
42905,0.68413633,0.8858645
42906,0.059064634,0.30857453
42907,0.14320785,0.18729945
42908,0.3704072,0.7958846
42909,0.09019468,0.55819225
42910,0.36853814,0.9693738
42911,0.9233692,0.92921185
42912,0.48587778,0.14494082
42913,0.2447752,0.22651021
42914,0.155184,0.9493841
42915,0.76275593,0.87366134
42916,0.023028154,0.036899194
42917,0.044324175,0.03341048
42918,0.15280862,0.1471051
42919,0.06394916,0.4591487
42920,0.11002962,0.5711168
42921,0.04001521,0.07663157
42922,0.5060616,0.76833636
42923,0.07346834,0.8522785
42924,0.061576825,0.10975107
42925,0.053303782,0.25217462
42926,0.46054196,0.6067589
42927,0.0651128,0.05780674
42928,0.12760408,0.1815255
42929,0.07916043,0.4033307
42930,0.5097267,0.7883068
42931,0.39032853,0.3028197
42932,0.08280323,0.95059615
42933,0.09018928,0.3173025
42934,0.07943145,0.05376458
42935,0.13583174,0.6924005
42936,0.08924023,0.91708064
42937,0.123316504,0.8609712
42938,0.5527867,0.8725236
42939,0.03475735,0.43227574
42940,0.13185453,0.53958535
42941,0.19564144,0.26246592
42942,0.7296046,0.7411737
42943,0.2573843,0.455894
42944,0.07671151,0.3456696
42945,0.05484989,0.2314477
42946,0.07874302,0.76052976
42947,0.17327502,0.4501355
42948,0.154166,0.2275564
42949,0.031428766,0.23826177
42950,0.6205045,0.76409686
42951,0.7251817,0.8531522
42952,0.09205059,0.23235203
42953,0.45431095,0.48362538
42954,0.011053849,0.025543764
42955,0.40789077,0.30639976
42956,0.09217,0.37547824
42957,0.1280234,0.0718891
42958,0.29209736,0.33723453
42959,0.4166322,0.4002038
42960,0.13728683,0.610169
42961,0.013984341,0.02990934
42962,0.12239795,0.21427532
42963,0.07473765,0.16948096
42964,0.08368585,0.7331422
42965,0.6365504,0.8592795
42966,0.77791226,0.9403078
42967,0.3278534,0.33011225
42968,0.20956978,0.6789405
42969,0.021791281,0.046794035
42970,0.38096106,0.1605299
42971,0.72738713,0.728314
42972,0.025169684,0.086359285
42973,0.47548115,0.37187785
42974,0.042450044,0.05550139
42975,0.77449,0.9457233
42976,0.10520306,0.51459014
42977,0.18589288,0.67034984
42978,0.35519898,0.33032873
42979,0.24767642,0.77926654
42980,0.05649123,0.5608923
42981,0.12472427,0.7966253
42982,0.076727584,0.0860302
42983,0.07223046,0.7170302
42984,0.16087416,0.30242383
42985,0.04602381,0.34252957
42986,0.08547667,0.12929443
42987,0.06557168,0.40685284
42988,0.03174262,0.18700403
42989,0.010831065,0.042843767
42990,0.240499,0.58001304
42991,0.3775031,0.3173545
42992,0.64441216,0.87108916
42993,0.06941609,0.17605963
42994,0.31376007,0.7394128
42995,0.806814,0.7718466
42996,0.61068654,0.18890458
42997,0.046240803,0.03135598
42998,0.2922712,0.09637606
42999,0.39597377,0.44460934
43000,0.672507,0.8063175
43001,0.18692109,0.3605497
43002,0.06204632,0.17582405
43003,0.07590643,0.75275916
43004,0.023535192,0.23478872
43005,0.16173778,0.09786763
43006,0.5940063,0.8073323
43007,0.49160478,0.8850949
43008,0.11998176,0.39475432
43009,0.06956294,0.1775373
43010,0.203962,0.8143723
43011,0.34249046,0.5349164
43012,0.40363675,0.86773986
43013,0.062701,0.21236229
43014,0.4129541,0.8764804
43015,0.4859335,0.8164246
43016,0.052110158,0.36049193
43017,0.047846604,0.056369916
43018,0.06285882,0.05779286
43019,0.031245343,0.04935043
43020,0.1564521,0.1351336
43021,0.057741746,0.22300446
43022,0.6112981,0.8341746
43023,0.15887052,0.8232786
43024,0.042973097,0.09663808
43025,0.04003355,0.14694521
43026,0.014356943,0.06885597
43027,0.061841205,0.06481328
43028,0.10193683,0.3082343
43029,0.78266764,0.7785577
43030,0.036940604,0.052770436
43031,0.07344102,0.8127033
43032,0.11232621,0.8328024
43033,0.052640326,0.10164367
43034,0.7812651,0.30532724
43035,0.04075562,0.11283387
43036,0.6989835,0.8907154
43037,0.16904904,0.28278825
43038,0.87114817,0.96467185
43039,0.2494706,0.26960286
43040,0.7632288,0.91665745
43041,0.3850734,0.46267658
43042,0.28323224,0.35700175
43043,0.043780852,0.053145025
43044,0.06864936,0.11374342
43045,0.18993194,0.26122785
43046,0.026839778,0.041911192
43047,0.421128,0.36124158
43048,0.09133981,0.084923826
43049,0.022772014,0.025897902
43050,0.8308077,0.8904937
43051,0.03812012,0.07882435
43052,0.07038628,0.09646709
43053,0.19117483,0.8804255
43054,0.15531223,0.72195506
43055,0.40661865,0.38811186
43056,0.13318881,0.3519971
43057,0.1258259,0.8108136
43058,0.03714491,0.1308283
43059,0.22332156,0.13499328
43060,0.06504974,0.6216204
43061,0.59904695,0.81397176
43062,0.36205015,0.13251933
43063,0.08812751,0.5628443
43064,0.096553095,0.15731026
43065,0.6802213,0.7877454
43066,0.047335472,0.04331161
43067,0.10579585,0.21646062
43068,0.31282356,0.43314064
43069,0.017203035,0.072606586
43070,0.41711292,0.735849
43071,0.082315736,0.7472804
43072,0.7044429,0.9507094
43073,0.03248099,0.09280662
43074,0.23914942,0.19341703
43075,0.82451975,0.866679
43076,0.17841674,0.8161055
43077,0.062558696,0.102611616
43078,0.3213828,0.293985
43079,0.08995514,0.13582571
43080,0.24673572,0.0847399
43081,0.11662136,0.37049538
43082,0.14997104,0.24796458
43083,0.027836867,0.058579206
43084,0.03324966,0.5217223
43085,0.118093945,0.5445904
43086,0.021270808,0.049238093
43087,0.08524712,0.6980243
43088,0.5481262,0.81827503
43089,0.5559169,0.5708661
43090,0.08921198,0.87601644
43091,0.20346962,0.15190929
43092,0.12442899,0.06007339
43093,0.05124427,0.8711931
43094,0.47661093,0.91867673
43095,0.11939029,0.26670438
43096,0.06410384,0.113747194
43097,0.74905837,0.78070545
43098,0.059603393,0.81347305
43099,0.078413345,0.18258815
43100,0.02421331,0.13115396
43101,0.6600637,0.88074934
43102,0.059493132,0.104363255
43103,0.0650105,0.15823008
43104,0.21237081,0.75592005
43105,0.16178265,0.2807462
43106,0.050167482,0.06010379
43107,0.15164776,0.94035846
43108,0.45438057,0.36981452
43109,0.035404697,0.066756696
43110,0.05160277,0.5152577
43111,0.07216223,0.47198913
43112,0.044052795,0.2607921
43113,0.09431652,0.8293428
43114,0.2123662,0.30358064
43115,0.09257668,0.25082102
43116,0.74526125,0.85985774
43117,0.08223587,0.32188997
43118,0.06570832,0.17906153
43119,0.52975947,0.95591223
43120,0.28694087,0.7701479
43121,0.096458845,0.94530296
43122,0.8292383,0.769602
43123,0.06759981,0.23190272
43124,0.054519255,0.20519543
43125,0.092998624,0.13395144
43126,0.21010682,0.9093549
43127,0.055127908,0.08292349
43128,0.04698729,0.685455
43129,0.030737013,0.12383976
43130,0.06501157,0.901143
43131,0.09611611,0.519008
43132,0.09247579,0.41962394
43133,0.2510862,0.4669278
43134,0.11202285,0.27581877
43135,0.12977429,0.7939775
43136,0.19908269,0.593484
43137,0.088078886,0.8308049
43138,0.3350768,0.39817858
43139,0.08135908,0.8848751
43140,0.08635377,0.53247553
43141,0.6739713,0.8816937
43142,0.9272692,0.9421863
43143,0.065150194,0.22829767
43144,0.086122684,0.8469441
43145,0.42996007,0.9158029
43146,0.16651504,0.60603297
43147,0.050742835,0.21260363
43148,0.6423201,0.9457041
43149,0.31008744,0.8631272
43150,0.109453484,0.80360144
43151,0.16224927,0.43645516
43152,0.016566144,0.013935468
43153,0.5251645,0.92529523
43154,0.22976062,0.4270536
43155,0.057697263,0.074576065
43156,0.6823374,0.7969203
43157,0.07923453,0.1475736
43158,0.0715232,0.14190371
43159,0.07436196,0.1360738
43160,0.09694908,0.83873945
43161,0.87685263,0.97318417
43162,0.65093386,0.8926991
43163,0.14525497,0.6676967
43164,0.34994048,0.70304525
43165,0.44427013,0.8854362
43166,0.45632997,0.49372575
43167,0.06398259,0.6660476
43168,0.13069798,0.6466117
43169,0.06738944,0.041787893
43170,0.13080285,0.8637064
43171,0.15935768,0.6015798
43172,0.042777598,0.0795883
43173,0.048011985,0.045892052
43174,0.0752896,0.66082543
43175,0.07685554,0.4294369
43176,0.043543883,0.09875241
43177,0.109018624,0.8317968
43178,0.42485,0.17324576
43179,0.059730835,0.40213028
43180,0.13122427,0.18798403
43181,0.3588317,0.64365494
43182,0.08468945,0.17365025
43183,0.3130313,0.54806757
43184,0.0655768,0.019893749
43185,0.097386666,0.17143206
43186,0.07790151,0.6406163
43187,0.40113297,0.9334529
43188,0.101531684,0.17480507
43189,0.09995326,0.48472214
43190,0.8389115,0.9505552
43191,0.044454146,0.055489555
43192,0.89042294,0.844599
43193,0.069535926,0.080394536
43194,0.07508711,0.12720326
43195,0.056818385,0.9372629
43196,0.046090327,0.01983885
43197,0.8473467,0.89518744
43198,0.5600328,0.80040014
43199,0.11760402,0.07839098
43200,0.06118905,0.13237423
43201,0.112351984,0.81043005
43202,0.069891855,0.68195575
43203,0.061754655,0.113198616
43204,0.055142466,0.06657446
43205,0.41410476,0.87431234
43206,0.51040727,0.83547103
43207,0.09593097,0.04436476
43208,0.07112961,0.09368256
43209,0.5710146,0.84204966
43210,0.6532871,0.7540137
43211,0.13725738,0.6611789
43212,0.08999081,0.71864265
43213,0.09459814,0.3861295
43214,0.050418306,0.09212498
43215,0.12538353,0.9160701
43216,0.13619602,0.09051938
43217,0.2102814,0.9064067
43218,0.36462197,0.1415852
43219,0.10745007,0.400717
43220,0.07306513,0.085763104
43221,0.24246743,0.38737062
43222,0.36573383,0.88177764
43223,0.48742548,0.8758791
43224,0.1784321,0.31457198
43225,0.384915,0.650355
43226,0.6396932,0.8829129
43227,0.1637117,0.19601472
43228,0.20523605,0.8774661
43229,0.8044684,0.3062857
43230,0.57200307,0.38805747
43231,0.060559075,0.15928806
43232,0.033025842,0.05392952
43233,0.15699162,0.18415025
43234,0.046448935,0.22912322
43235,0.7632412,0.9495938
43236,0.14630747,0.90716606
43237,0.14972785,0.19453485
43238,0.18311459,0.8848849
43239,0.64990175,0.9066357
43240,0.026332997,0.19484615
43241,0.24021694,0.2765024
43242,0.2086997,0.5691949
43243,0.024772003,0.9469029
43244,0.07200998,0.17605408
43245,0.030695247,0.019757947
43246,0.04948835,0.44452146
43247,0.05768835,0.85191244
43248,0.18908753,0.54928595
43249,0.0379151,0.123244934
43250,0.13610226,0.37636432
43251,0.5674139,0.0978101
43252,0.09555217,0.9082319
43253,0.37023884,0.71505463
43254,0.07732961,0.7042858
43255,0.16919354,0.4424962
43256,0.02732225,0.06535508
43257,0.2713133,0.71687376
43258,0.081527196,0.34729457
43259,0.15297961,0.34061566
43260,0.76000756,0.7077265
43261,0.22300239,0.19249599
43262,0.14062813,0.47507322
43263,0.10839884,0.5066137
43264,0.072770216,0.35906765
43265,0.2137764,0.44113374
43266,0.097017534,0.100888275
43267,0.19761217,0.8560016
43268,0.52047026,0.8187498
43269,0.06503769,0.87890357
43270,0.7743291,0.71536076
43271,0.51558584,0.84159833
43272,0.23536652,0.6179723
43273,0.10190464,0.036359962
43274,0.22942114,0.72617877
43275,0.04962308,0.51936543
43276,0.25420007,0.7132599
43277,0.089112066,0.13951035
43278,0.10474736,0.3417741
43279,0.07314555,0.37194258
43280,0.23489563,0.18585289
43281,0.4530668,0.7469425
43282,0.6723116,0.5570142
43283,0.030911287,0.031561285
43284,0.1807977,0.116869584
43285,0.057547566,0.36874732
43286,0.7376319,0.8430245
43287,0.60965306,0.8871423
43288,0.08695125,0.6424937
43289,0.052037474,0.11438219
43290,0.12520309,0.9576159
43291,0.6611907,0.7440743
43292,0.27555344,0.24878877
43293,0.16671818,0.58764035
43294,0.06192054,0.617514
43295,0.01952397,0.024725208
43296,0.16874368,0.60661703
43297,0.15914752,0.1776292
43298,0.3000977,0.8349996
43299,0.09562717,0.092514575
43300,0.1738166,0.7021464
43301,0.050618056,0.093033396
43302,0.06983157,0.2626611
43303,0.059378985,0.15053274
43304,0.02893429,0.19899791
43305,0.2283631,0.80822814
43306,0.077754155,0.3164448
43307,0.077307805,0.49213567
43308,0.62882626,0.89609873
43309,0.11768946,0.5640666
43310,0.4091482,0.3465512
43311,0.05694217,0.06000474
43312,0.080059804,0.056011546
43313,0.08041462,0.27346104
43314,0.026779179,0.059506275
43315,0.12701887,0.10966313
43316,0.70731324,0.92904323
43317,0.055413645,0.29896784
43318,0.054380532,0.14092536
43319,0.11275142,0.22881094
43320,0.606238,0.88142294
43321,0.06317228,0.10446432
43322,0.029535461,0.02029485
43323,0.24535836,0.46594876
43324,0.00962429,0.055929244
43325,0.023454977,0.047096457
43326,0.08268072,0.57487315
43327,0.06507457,0.19713686
43328,0.69854766,0.93544316
43329,0.71206677,0.86468095
43330,0.096237086,0.2218208
43331,0.2067785,0.8260095
43332,0.13134769,0.2971748
43333,0.080837645,0.2207055
43334,0.048120324,0.5701204
43335,0.1581902,0.32587826
43336,0.1458768,0.25243464
43337,0.07942136,0.08753244
43338,0.12790695,0.84654546
43339,0.04612554,0.10357318
43340,0.034443706,0.022545382
43341,0.068343654,0.2443805
43342,0.03973755,0.06352657
43343,0.035629537,0.06319761
43344,0.09916996,0.13114052
43345,0.03006883,0.021177435
43346,0.044298276,0.029210962
43347,0.23185411,0.30671692
43348,0.09158855,0.5822949
43349,0.8481974,0.94697547
43350,0.9228681,0.9068678
43351,0.138207,0.062039737
43352,0.06776646,0.54915863
43353,0.116323695,0.8481921
43354,0.04936704,0.109058626
43355,0.14920725,0.76869684
43356,0.10079537,0.11468986
43357,0.055150367,0.10467182
43358,0.17189564,0.40896523
43359,0.46718773,0.114917025
43360,0.091686524,0.7014377
43361,0.57050884,0.32989606
43362,0.05834478,0.03776623
43363,0.13666323,0.10794589
43364,0.2947477,0.09252213
43365,0.06436016,0.60024947
43366,0.04343343,0.64654905
43367,0.7674325,0.8115361
43368,0.76329637,0.93932164
43369,0.1341176,0.4187909
43370,0.73196656,0.9023059
43371,0.059015762,0.11102635
43372,0.36681464,0.64177966
43373,0.34171793,0.79707783
43374,0.09745891,0.46052372
43375,0.04658358,0.09235073
43376,0.08997238,0.23694828
43377,0.02119386,0.08591463
43378,0.09832691,0.5398393
43379,0.1331649,0.24168651
43380,0.040593263,0.05292166
43381,0.03533422,0.15753464
43382,0.16204916,0.22932912
43383,0.10218124,0.85149133
43384,0.14252469,0.73986673
43385,0.078460924,0.5124858
43386,0.040298305,0.041936986
43387,0.11822318,0.2761861
43388,0.87747717,0.9646255
43389,0.17764877,0.3212536
43390,0.26485866,0.9292537
43391,0.14252022,0.4631562
43392,0.04908738,0.06832598
43393,0.0441335,0.8621308
43394,0.15997648,0.72265136
43395,0.23487651,0.1794373
43396,0.059637047,0.06096806
43397,0.25878927,0.92491424
43398,0.26905385,0.6692139
43399,0.16346537,0.42743653
43400,0.05180076,0.20712727
43401,0.1772501,0.2922348
43402,0.013298943,0.023752326
43403,0.06375401,0.17091192
43404,0.27404895,0.1146922
43405,0.10914126,0.61404467
43406,0.65340215,0.8543329
43407,0.81614566,0.81715137
43408,0.87876713,0.9521618
43409,0.59805655,0.5429079
43410,0.07403442,0.24572761
43411,0.064941026,0.68536747
43412,0.17143112,0.76672345
43413,0.16356385,0.6778479
43414,0.034054477,0.07099408
43415,0.35156608,0.7087403
43416,0.1928871,0.3126554
43417,0.10804005,0.14638191
43418,0.1385064,0.46427777
43419,0.24514572,0.9739391
43420,0.09032706,0.15129119
43421,0.19176112,0.072401606
43422,0.055825263,0.13912633
43423,0.1558748,0.46245825
43424,0.14690314,0.7273984
43425,0.053326596,0.65998733
43426,0.6400336,0.92844087
43427,0.07034862,0.48800847
43428,0.8935955,0.93088037
43429,0.70015174,0.8095251
43430,0.27859414,0.18061118
43431,0.08968201,0.14431344
43432,0.2741054,0.64439064
43433,0.06931107,0.09658602
43434,0.0618461,0.34710088
43435,0.09900349,0.16691878
43436,0.6063638,0.7239898
43437,0.1026123,0.86529416
43438,0.30557308,0.6348815
43439,0.16066179,0.15959056
43440,0.1653784,0.14719254
43441,0.0579961,0.10092521
43442,0.040119722,0.14229946
43443,0.24365605,0.26321352
43444,0.042842332,0.098003656
43445,0.70568866,0.7494933
43446,0.022974195,0.03444761
43447,0.0660929,0.104199775
43448,0.040465206,0.10256934
43449,0.03780438,0.08413661
43450,0.091146626,0.64779466
43451,0.0717289,0.35770577
43452,0.11861744,0.19693471
43453,0.48075834,0.7484066
43454,0.08198843,0.17321396
43455,0.5149756,0.80465055
43456,0.18363725,0.8969913
43457,0.18310454,0.5260599
43458,0.6320281,0.889284
43459,0.119902894,0.35649595
43460,0.66171134,0.9105987
43461,0.12841046,0.11811486
43462,0.059870213,0.17770456
43463,0.28391087,0.6807024
43464,0.03486662,0.07629233
43465,0.036236506,0.060616557
43466,0.20291081,0.25051
43467,0.33052188,0.6289218
43468,0.1904065,0.11798411
43469,0.23221675,0.3439087
43470,0.30099192,0.3096427
43471,0.20350641,0.5612779
43472,0.30942976,0.7300177
43473,0.05480919,0.12531802
43474,0.020142274,0.063585706
43475,0.09797601,0.22085978
43476,0.09090985,0.15041623
43477,0.030866144,0.45878077
43478,0.33528742,0.54523724
43479,0.37386197,0.8488107
43480,0.06587612,0.19384511
43481,0.07829363,0.6509674
43482,0.36232036,0.32407925
43483,0.39082286,0.67808485
43484,0.02377994,0.8187822
43485,0.027644759,0.5318399
43486,0.6749012,0.7171638
43487,0.08994073,0.14638196
43488,0.48940983,0.83803886
43489,0.14555687,0.5633199
43490,0.13469392,0.13520679
43491,0.5756514,0.8500277
43492,0.20727414,0.317466
43493,0.12353879,0.24078014
43494,0.10489032,0.15956753
43495,0.13333003,0.082426906
43496,0.03496909,0.19872059
43497,0.32773066,0.7370714
43498,0.3050145,0.61328375
43499,0.6636179,0.88600606
43500,0.14859372,0.48079327
43501,0.07637675,0.23742369
43502,0.31037623,0.50737023
43503,0.055824663,0.34172812
43504,0.120889395,0.19750504
43505,0.056470122,0.16380689
43506,0.35424134,0.9172623
43507,0.046440385,0.08289971
43508,0.027172431,0.046658486
43509,0.1856057,0.4846796
43510,0.6586503,0.8597513
43511,0.03097098,0.05589981
43512,0.45245588,0.8795396
43513,0.09975625,0.16862157
43514,0.16090526,0.14775147
43515,0.050209187,0.059611972
43516,0.7411226,0.5147312
43517,0.046084236,0.5033936
43518,0.032674596,0.05468805
43519,0.043968763,0.03786279
43520,0.2136599,0.33582836
43521,0.13935316,0.60856223
43522,0.061114475,0.6649076
43523,0.05301402,0.6316918
43524,0.49343887,0.9206787
43525,0.17272933,0.18953289
43526,0.04231723,0.18355817
43527,0.08068164,0.8741829
43528,0.07772063,0.50681233
43529,0.39871797,0.92721194
43530,0.37943137,0.92231035
43531,0.071281224,0.23956095
43532,0.018072158,0.04530749
43533,0.059375938,0.25489232
43534,0.2606699,0.14242347
43535,0.8089767,0.95414865
43536,0.06251866,0.19132736
43537,0.54819167,0.8626125
43538,0.13241903,0.43346894
43539,0.61053485,0.9286534
43540,0.114227325,0.10586092
43541,0.8526466,0.6839367
43542,0.3364033,0.46801087
43543,0.066913076,0.61096674
43544,0.5286806,0.48392743
43545,0.3780307,0.92956835
43546,0.05688078,0.80441976
43547,0.07136979,0.80997086
43548,0.23178749,0.4187266
43549,0.05818898,0.08955659
43550,0.08250083,0.24117988
43551,0.15473129,0.5483083
43552,0.68032014,0.78232396
43553,0.149305,0.19181716
43554,0.11183125,0.6779285
43555,0.040840868,0.13425827
43556,0.5202712,0.7741432
43557,0.47714946,0.88932985
43558,0.03258008,0.05664506
43559,0.14600433,0.77241474
43560,0.22801456,0.82520133
43561,0.60697824,0.87637246
43562,0.112913676,0.37147242
43563,0.08115883,0.33793435
43564,0.042830814,0.1082592
43565,0.47198296,0.6142355
43566,0.42481896,0.75124764
43567,0.060369905,0.056578122
43568,0.22254361,0.30977744
43569,0.7655919,0.7163429
43570,0.11709637,0.933546
43571,0.046039525,0.029422674
43572,0.055036552,0.062418524
43573,0.034908924,0.053738542
43574,0.6573596,0.90996933
43575,0.06890687,0.5280715
43576,0.09726972,0.5159047
43577,0.080285385,0.086571656
43578,0.06491079,0.08359715
43579,0.07881117,0.66266346
43580,0.07308711,0.16671532
43581,0.7483388,0.82847905
43582,0.6010689,0.84908706
43583,0.03833497,0.039757907
43584,0.08429745,0.7956817
43585,0.051612183,0.15901017
43586,0.041549053,0.041267622
43587,0.1265497,0.75473
43588,0.6810329,0.91208965
43589,0.0667044,0.25271708
43590,0.2267212,0.5389933
43591,0.059106518,0.15386589
43592,0.11191204,0.8307017
43593,0.29625487,0.05609449
43594,0.048696812,0.06959682
43595,0.55030316,0.2452316
43596,0.06293355,0.08331769
43597,0.6665682,0.9188489
43598,0.26887354,0.39546505
43599,0.8813261,0.95672876
43600,0.034866188,0.054562084
43601,0.11398126,0.20474769
43602,0.072514966,0.21790421
43603,0.0155948205,0.05459384
43604,0.06274846,0.23046333
43605,0.062418286,0.09636996
43606,0.08211209,0.07379533
43607,0.07680488,0.32166567
43608,0.4891441,0.6786408
43609,0.6153777,0.69323
43610,0.2983766,0.2644524
43611,0.48790452,0.8088283
43612,0.081366114,0.18340456
43613,0.38891247,0.3526269
43614,0.2104821,0.35739878
43615,0.37308475,0.30134714
43616,0.16973111,0.24428551
43617,0.22832158,0.49393845
43618,0.021946467,0.05289498
43619,0.68347216,0.7686207
43620,0.34187493,0.2231974
43621,0.05573612,0.07759426
43622,0.29089922,0.51314825
43623,0.24217767,0.2564338
43624,0.11919372,0.07062125
43625,0.35609686,0.40255943
43626,0.08010904,0.11915853
43627,0.02521596,0.04459863
43628,0.29779014,0.14811108
43629,0.0150617445,0.04981862
43630,0.10307267,0.3004249
43631,0.29040468,0.19593957
43632,0.2584724,0.83132577
43633,0.21534005,0.16913399
43634,0.5737464,0.46333566
43635,0.7455259,0.92149264
43636,0.112065256,0.34933785
43637,0.532205,0.31374305
43638,0.15555593,0.27356374
43639,0.23361458,0.07180188
43640,0.15275744,0.4211397
43641,0.03921792,0.5685348
43642,0.19120827,0.36062482
43643,0.12042216,0.48335937
43644,0.16588655,0.3805314
43645,0.074652545,0.8460729
43646,0.012791851,0.08892091
43647,0.12575208,0.33507916
43648,0.33956605,0.24527532
43649,0.5771107,0.31379506
43650,0.12719683,0.47095758
43651,0.73513436,0.96033996
43652,0.08920922,0.73956907
43653,0.7218923,0.9078035
43654,0.40410388,0.7428901
43655,0.030935958,0.6552491
43656,0.1494866,0.2513705
43657,0.093576275,0.095594145
43658,0.0337234,0.6605511
43659,0.07435461,0.7437611
43660,0.094129756,0.386679
43661,0.530329,0.8533442
43662,0.7802282,0.83125484
43663,0.18179506,0.87611467
43664,0.74948114,0.67265964
43665,0.12061039,0.31128162
43666,0.03618516,0.060838033
43667,0.040761854,0.4074395
43668,0.47002798,0.36947584
43669,0.06847907,0.09992741
43670,0.3288425,0.28441522
43671,0.088865206,0.7373659
43672,0.090613194,0.18807656
43673,0.14801738,0.77031404
43674,0.038424812,0.461165
43675,0.037897695,0.05702057
43676,0.43925384,0.34371072
43677,0.019090457,0.026479151
43678,0.12801918,0.101214565
43679,0.04891539,0.12349572
43680,0.25750342,0.2253898
43681,0.10653127,0.79213727
43682,0.097134046,0.19996141
43683,0.0999631,0.8041087
43684,0.6724405,0.86244124
43685,0.122336045,0.082233794
43686,0.53819895,0.8363925
43687,0.09579859,0.3444898
43688,0.15636353,0.40232533
43689,0.018905863,0.03805354
43690,0.17308033,0.8717116
43691,0.24108426,0.7171311
43692,0.1029698,0.9489614
43693,0.71435326,0.6611914
43694,0.04743687,0.06600558
43695,0.7043446,0.91862553
43696,0.12261176,0.14912137
43697,0.09361266,0.42290372
43698,0.079659835,0.07032606
43699,0.066083305,0.11103953
43700,0.4934589,0.6792868
43701,0.27071255,0.68715733
43702,0.07354324,0.12926684
43703,0.09577563,0.3698337
43704,0.014958155,0.035254274
43705,0.1220378,0.74974775
43706,0.12075315,0.26356384
43707,0.06453579,0.86858535
43708,0.2957024,0.5592765
43709,0.49770057,0.8583409
43710,0.10455466,0.94219404
43711,0.09074365,0.8629975
43712,0.59543926,0.74032384
43713,0.0558779,0.10415815
43714,0.08187564,0.6755337
43715,0.121493936,0.6688069
43716,0.29375377,0.7692544
43717,0.08241209,0.1753232
43718,0.04477517,0.027575249
43719,0.035241686,0.48500413
43720,0.3142464,0.47422898
43721,0.46624184,0.4816087
43722,0.1694508,0.731205
43723,0.35990703,0.38439435
43724,0.066427775,0.20056866
43725,0.076844834,0.116650626
43726,0.25919122,0.6677482
43727,0.11220748,0.07253774
43728,0.117228396,0.19943328
43729,0.73968184,0.7382121
43730,0.11448374,0.400347
43731,0.79372454,0.5996956
43732,0.05574459,0.36523846
43733,0.05104257,0.6401182
43734,0.12034046,0.47454274
43735,0.07394357,0.70202935
43736,0.0704918,0.80310494
43737,0.1217907,0.058382962
43738,0.6786785,0.85754526
43739,0.08597001,0.29424116
43740,0.19528447,0.96652514
43741,0.027147222,0.44786194
43742,0.24949065,0.17762733
43743,0.4893669,0.7150327
43744,0.09914534,0.050862197
43745,0.8195625,0.8675298
43746,0.22626089,0.7937728
43747,0.19255276,0.48444226
43748,0.073018074,0.29239434
43749,0.20122075,0.13714717
43750,0.1888235,0.20218582
43751,0.55144,0.92892605
43752,0.31347173,0.60949194
43753,0.07669953,0.13606921
43754,0.43030247,0.709483
43755,0.12530614,0.3744793
43756,0.037976604,0.06870302
43757,0.047371045,0.5411906
43758,0.07515138,0.21438022
43759,0.046945117,0.8135615
43760,0.22119603,0.23883948
43761,0.5647478,0.90901285
43762,0.1333228,0.059596807
43763,0.7890978,0.8755415
43764,0.08240646,0.78759956
43765,0.2086316,0.93892455
43766,0.029023279,0.014311925
43767,0.18621127,0.21560916
43768,0.12129741,0.18477395
43769,0.10667951,0.25848857
43770,0.68342453,0.9394259
43771,0.7137116,0.9513379
43772,0.035596307,0.08382952
43773,0.068098985,0.071182795
43774,0.1893552,0.8174204
43775,0.1759816,0.37903786
43776,0.12587006,0.6447751
43777,0.059386816,0.13729699
43778,0.17853323,0.15350549
43779,0.41806775,0.88496584
43780,0.11265233,0.51081073
43781,0.029058298,0.16255848
43782,0.16424362,0.75828046
43783,0.23885635,0.12545012
43784,0.045550864,0.052653667
43785,0.44838884,0.86825323
43786,0.59646344,0.87235785
43787,0.68940973,0.88701135
43788,0.5399122,0.38181692
43789,0.08687273,0.40297785
43790,0.04762975,0.079203054
43791,0.07325064,0.07721905
43792,0.13479385,0.44127265
43793,0.039491255,0.032160822
43794,0.23094825,0.11331544
43795,0.058517598,0.22799447
43796,0.7346026,0.9499468
43797,0.06302872,0.41790628
43798,0.2087631,0.7785991
43799,0.36788422,0.1364819
43800,0.056894366,0.13886577
43801,0.018294193,0.52267283
43802,0.14741437,0.46362284
43803,0.03837114,0.08633213
43804,0.17154892,0.16826494
43805,0.542803,0.9570103
43806,0.15317468,0.5046345
43807,0.49569517,0.28757042
43808,0.05871511,0.04646235
43809,0.042413026,0.05928713
43810,0.08008058,0.13555793
43811,0.6841868,0.78155166
43812,0.100315474,0.063782886
43813,0.52456,0.71580964
43814,0.16482973,0.49016383
43815,0.18566883,0.82931113
43816,0.2357551,0.79327613
43817,0.1212589,0.6672729
43818,0.046910748,0.49740288
43819,0.08509652,0.30794033
43820,0.23063116,0.71885914
43821,0.0984058,0.434525
43822,0.2317315,0.6198865
43823,0.045971822,0.11536911
43824,0.19066857,0.5963698
43825,0.020551147,0.9207534
43826,0.103447355,0.49357098
43827,0.029878207,0.09867581
43828,0.443829,0.3325891
43829,0.017334258,0.039941683
43830,0.035376064,0.07186746
43831,0.07948185,0.33922487
43832,0.117967546,0.9111203
43833,0.09282789,0.23711634
43834,0.04420623,0.10146963
43835,0.6840368,0.87182736
43836,0.0286532,0.30640453
43837,0.080901004,0.27607185
43838,0.29434597,0.69305575
43839,0.02919104,0.19605783
43840,0.03837546,0.17057681
43841,0.28536206,0.36720845
43842,0.14322726,0.121862456
43843,0.11234438,0.10070103
43844,0.5671871,0.62247044
43845,0.015113478,0.8461614
43846,0.2792582,0.63334763
43847,0.0937929,0.94276226
43848,0.4034299,0.51351947
43849,0.02423984,0.020776518
43850,0.3496461,0.50107193
43851,0.07616008,0.5403116
43852,0.1303806,0.14465067
43853,0.04452472,0.6591131
43854,0.10486295,0.6968084
43855,0.69006324,0.81480145
43856,0.26591036,0.6747646
43857,0.057707757,0.91423887
43858,0.7136479,0.90346056
43859,0.042410955,0.102300614
43860,0.084896594,0.19841553
43861,0.74984866,0.39025515
43862,0.57763314,0.16081922
43863,0.04543425,0.04249194
43864,0.117384076,0.26597452
43865,0.61412406,0.38815415
43866,0.056395676,0.28335142
43867,0.06516473,0.1736342
43868,0.075257644,0.33755377
43869,0.7222774,0.912767
43870,0.40201065,0.12743628
43871,0.06915592,0.20490357
43872,0.066152304,0.46630937
43873,0.051559113,0.20336796
43874,0.099474914,0.8100013
43875,0.13981545,0.87709725
43876,0.18681441,0.3068036
43877,0.079071894,0.6662235
43878,0.09223589,0.5388596
43879,0.15499115,0.45312333
43880,0.05951704,0.77752036
43881,0.2997269,0.6239086
43882,0.13889721,0.29343066
43883,0.038423244,0.030837016
43884,0.66638356,0.7804243
43885,0.025941594,0.056907684
43886,0.042819437,0.062374916
43887,0.04901437,0.5854855
43888,0.091669776,0.085341655
43889,0.83316916,0.9669076
43890,0.6399467,0.93314636
43891,0.17095083,0.15451168
43892,0.30010915,0.7105411
43893,0.84871155,0.6675081
43894,0.051473126,0.28614783
43895,0.7070835,0.79811084
43896,0.21529417,0.571481
43897,0.16918547,0.40785062
43898,0.07744825,0.20780477
43899,0.08085113,0.14235187
43900,0.1413884,0.2391296
43901,0.0323362,0.057587557
43902,0.046701122,0.03205626
43903,0.12011983,0.8781443
43904,0.11214194,0.7233192
43905,0.36959133,0.6133556
43906,0.110967666,0.88207245
43907,0.042086534,0.18404225
43908,0.15268451,0.13523726
43909,0.16234979,0.23906128
43910,0.24558017,0.44992498
43911,0.028826993,0.09428818
43912,0.19804618,0.35018286
43913,0.086828604,0.09348478
43914,0.101713434,0.23529507
43915,0.7817752,0.85726815
43916,0.042725902,0.046247575
43917,0.15611224,0.6885271
43918,0.1679256,0.124925524
43919,0.11003344,0.5945769
43920,0.017118702,0.09268325
43921,0.10670918,0.3002479
43922,0.07377635,0.4057558
43923,0.47484198,0.37750617
43924,0.16586846,0.4583749
43925,0.37142625,0.18928221
43926,0.17412384,0.2945929
43927,0.4170141,0.6162702
43928,0.4586637,0.2811408
43929,0.08219957,0.45080936
43930,0.038412534,0.06387027
43931,0.30639705,0.3985749
43932,0.3581675,0.83754295
43933,0.12092679,0.69042426
43934,0.22687699,0.45215815
43935,0.29733226,0.32008475
43936,0.09829753,0.32488397
43937,0.052945275,0.8313471
43938,0.05357553,0.1303088
43939,0.46842107,0.7868414
43940,0.7935413,0.8165707
43941,0.13106675,0.610086
43942,0.016849218,0.16655931
43943,0.051816843,0.13648942
43944,0.03483681,0.040332727
43945,0.08738447,0.3525609
43946,0.07697662,0.6254405
43947,0.30660734,0.7720446
43948,0.07106839,0.50765777
43949,0.26335764,0.22837009
43950,0.20390382,0.33324113
43951,0.07921179,0.10167288
43952,0.69539475,0.9542162
43953,0.6054592,0.7654661
43954,0.07428972,0.12682322
43955,0.1987625,0.67740566
43956,0.3809861,0.5761595
43957,0.15715885,0.331039
43958,0.059158847,0.26071623
43959,0.6688634,0.34203383
43960,0.1245127,0.13476826
43961,0.6526193,0.090323515
43962,0.05344734,0.8953738
43963,0.20342718,0.11692024
43964,0.12968268,0.20941305
43965,0.056255594,0.0910088
43966,0.39267787,0.48159313
43967,0.042104274,0.14763965
43968,0.14898072,0.5018199
43969,0.053896505,0.75913644
43970,0.048509516,0.14627306
43971,0.07677129,0.11409826
43972,0.036163844,0.022423103
43973,0.10662969,0.2094634
43974,0.26954934,0.85758084
43975,0.36005902,0.3623831
43976,0.13142326,0.93460846
43977,0.08416952,0.88651836
43978,0.090907596,0.21444526
43979,0.062064823,0.15102705
43980,0.061483745,0.08298096
43981,0.41396245,0.82880265
43982,0.12750046,0.82313704
43983,0.20143044,0.24579465
43984,0.12945469,0.66902363
43985,0.13877568,0.1686931
43986,0.5314191,0.83205324
43987,0.28792182,0.5789902
43988,0.103418216,0.81218654
43989,0.088157855,0.76191115
43990,0.08277763,0.1347222
43991,0.08922335,0.4199788
43992,0.07811418,0.17398159
43993,0.7413852,0.83297133
43994,0.013430088,0.5854882
43995,0.04688187,0.059702948
43996,0.075374894,0.8044224
43997,0.26768947,0.63824826
43998,0.73999465,0.9237252
43999,0.08184313,0.39728925
44000,0.6092683,0.90469986
44001,0.8720025,0.9742586
44002,0.098304585,0.1511859
44003,0.060440063,0.8999461
44004,0.028752225,0.025269438
44005,0.022090157,0.2511485
44006,0.04850254,0.868316
44007,0.13416195,0.77421707
44008,0.09573734,0.3240205
44009,0.02113802,0.65188235
44010,0.104148,0.93534863
44011,0.08258602,0.030418258
44012,0.08526589,0.28614742
44013,0.31924433,0.21851584
44014,0.21078572,0.7089115
44015,0.20822047,0.54410875
44016,0.08500889,0.121649146
44017,0.070927024,0.5404475
44018,0.05103421,0.08622197
44019,0.9105065,0.9498507
44020,0.22772299,0.23707442
44021,0.5731737,0.8873109
44022,0.03744404,0.020601247
44023,0.09643561,0.084611125
44024,0.050141945,0.1133762
44025,0.060910985,0.058293518
44026,0.24031334,0.8788034
44027,0.41407254,0.5901409
44028,0.6128453,0.84346807
44029,0.045788623,0.4166956
44030,0.19063285,0.20207569
44031,0.33157596,0.7007199
44032,0.096235946,0.1701868
44033,0.055710316,0.37333217
44034,0.15166198,0.6715954
44035,0.096112825,0.38184842
44036,0.056565497,0.44892725
44037,0.14003682,0.56736636
44038,0.038861718,0.07681945
44039,0.11964585,0.22106019
44040,0.83589524,0.84375256
44041,0.048012223,0.6068384
44042,0.51692706,0.7171886
44043,0.08477254,0.8513419
44044,0.077725366,0.24506968
44045,0.5228988,0.29789045
44046,0.45183945,0.62254286
44047,0.54350495,0.8928984
44048,0.85835254,0.929588
44049,0.20007277,0.86534894
44050,0.040866908,0.8880648
44051,0.60084677,0.8609539
44052,0.086640164,0.68825835
44053,0.0561449,0.063879825
44054,0.06351256,0.11010526
44055,0.47605273,0.42436767
44056,0.07732743,0.90970254
44057,0.45270377,0.8153395
44058,0.08951871,0.036289897
44059,0.21239206,0.35847116
44060,0.507809,0.8771218
44061,0.052507203,0.03148559
44062,0.11810075,0.3333301
44063,0.37586293,0.36994925
44064,0.28555292,0.05352332
44065,0.07650419,0.0497384
44066,0.028835492,0.19910775
44067,0.11635989,0.18625292
44068,0.25547,0.40627092
44069,0.043011453,0.04971383
44070,0.74777293,0.927635
44071,0.062378168,0.11763753
44072,0.33917853,0.047145776
44073,0.043060374,0.091027774
44074,0.8455774,0.94316983
44075,0.16116856,0.8074458
44076,0.11396815,0.018880876
44077,0.06472583,0.07442303
44078,0.08199137,0.09277367
44079,0.4862802,0.55886525
44080,0.8281782,0.9389257
44081,0.8939023,0.9360075
44082,0.061685544,0.88380444
44083,0.46347407,0.614213
44084,0.20007893,0.21125104
44085,0.15238604,0.12457041
44086,0.10957255,0.24856284
44087,0.05600896,0.07681796
44088,0.12017414,0.15879998
44089,0.13532716,0.19223116
44090,0.2314981,0.847364
44091,0.024675628,0.07194954
44092,0.048770525,0.7172321
44093,0.3517183,0.6550472
44094,0.11271071,0.07696751
44095,0.08215262,0.6904343
44096,0.01967434,0.048108812
44097,0.6276901,0.7935167
44098,0.1567367,0.6081354
44099,0.73642147,0.72526324
44100,0.14085343,0.64102143
44101,0.078903735,0.8030793
44102,0.13631815,0.5534453
44103,0.38129336,0.18640672
44104,0.053436883,0.13962713
44105,0.0338927,0.07328222
44106,0.07185081,0.49535516
44107,0.6302235,0.64910567
44108,0.076099195,0.15884948
44109,0.075147435,0.0901651
44110,0.033191673,0.1317445
44111,0.037821487,0.168466
44112,0.066516675,0.08448466
44113,0.24621338,0.81342155
44114,0.6240869,0.73709536
44115,0.055772293,0.20640895
44116,0.031165404,0.044192586
44117,0.0372168,0.11375667
44118,0.06662468,0.13722745
44119,0.074523784,0.1178434
44120,0.36684763,0.35354102
44121,0.12560385,0.55535525
44122,0.05692935,0.2074203
44123,0.67873204,0.8466829
44124,0.35053203,0.4796763
44125,0.054667853,0.023844482
44126,0.13179055,0.112193674
44127,0.0803522,0.30095297
44128,0.13666406,0.8242764
44129,0.05951122,0.07256179
44130,0.13005422,0.24699447
44131,0.16205885,0.13937572
44132,0.031713516,0.04505348
44133,0.02613786,0.38997155
44134,0.143874,0.20757613
44135,0.24130425,0.48635477
44136,0.28473508,0.1427775
44137,0.047809277,0.31375942
44138,0.17170437,0.91516644
44139,0.2617349,0.11508858
44140,0.09512589,0.6587993
44141,0.21461712,0.6998154
44142,0.21879502,0.6178653
44143,0.28564525,0.5880659
44144,0.07629599,0.13238032
44145,0.6836201,0.898976
44146,0.18510395,0.25645164
44147,0.107571095,0.18357942
44148,0.07671857,0.2611995
44149,0.04944724,0.18941379
44150,0.10198652,0.7478887
44151,0.15634966,0.07723585
44152,0.07903811,0.3603861
44153,0.07246132,0.16037011
44154,0.050472517,0.0951227
44155,0.06431017,0.14765722
44156,0.035409793,0.089404784
44157,0.045492407,0.036744405
44158,0.22543879,0.09122069
44159,0.023924157,0.060029637
44160,0.023162283,0.25646043
44161,0.10433865,0.812575
44162,0.7584309,0.6928362
44163,0.01779037,0.025477327
44164,0.86965847,0.93094236
44165,0.113848515,0.38229617
44166,0.03856093,0.0461066
44167,0.32209945,0.6178193
44168,0.3638407,0.35081744
44169,0.12797488,0.10620996
44170,0.06794173,0.41521645
44171,0.2090708,0.2796083
44172,0.07616421,0.31395185
44173,0.08396184,0.100347154
44174,0.42113084,0.545665
44175,0.02370491,0.041354667
44176,0.17876236,0.3838509
44177,0.31993544,0.71225727
44178,0.052624013,0.041617714
44179,0.6675123,0.8276182
44180,0.24402724,0.60806113
44181,0.11801568,0.316022
44182,0.44211903,0.8696224
44183,0.7101648,0.8272652
44184,0.2567421,0.35777718
44185,0.81774855,0.75515974
44186,0.15157056,0.4701461
44187,0.36348572,0.6417779
44188,0.01189186,0.010149551
44189,0.068223834,0.23052299
44190,0.06528028,0.026507223
44191,0.03411019,0.17655294
44192,0.088364355,0.14964646
44193,0.05935455,0.11831549
44194,0.057152282,0.24503501
44195,0.065719865,0.3384191
44196,0.12418445,0.5629318
44197,0.10290577,0.16451582
44198,0.059289973,0.84322107
44199,0.24130873,0.7121103
44200,0.11933629,0.2560937
44201,0.07085118,0.323405
44202,0.06623834,0.12353598
44203,0.12388523,0.14436345
44204,0.14243564,0.20058827
44205,0.21836177,0.27903935
44206,0.6000229,0.95356655
44207,0.016243428,0.112699986
44208,0.17701054,0.06615109
44209,0.05992197,0.12170368
44210,0.1415785,0.3615403
44211,0.32436848,0.34187764
44212,0.67945796,0.7647712
44213,0.2466442,0.40162942
44214,0.116524294,0.3308361
44215,0.16404912,0.6002157
44216,0.051795747,0.49264956
44217,0.15074505,0.5409581
44218,0.08281205,0.28403294
44219,0.043915424,0.09254682
44220,0.12291988,0.6063668
44221,0.12230485,0.95673263
44222,0.07922401,0.340417
44223,0.03990684,0.040451907
44224,0.039347447,0.13529903
44225,0.07392801,0.17920697
44226,0.16689256,0.27904636
44227,0.062998116,0.046832312
44228,0.22640224,0.41623074
44229,0.17927873,0.70467293
44230,0.22046037,0.7986125
44231,0.034699604,0.4384558
44232,0.08079023,0.15225203
44233,0.5247977,0.6134331
44234,0.097029574,0.8516112
44235,0.061850857,0.69589037
44236,0.44083783,0.80868167
44237,0.70900416,0.73187923
44238,0.032301504,0.6371973
44239,0.061174437,0.095444515
44240,0.09792968,0.2756666
44241,0.8501335,0.8202912
44242,0.5416675,0.20751105
44243,0.07131403,0.100565255
44244,0.1584588,0.3522409
44245,0.025220266,0.08589952
44246,0.45490104,0.9610477
44247,0.049339134,0.049849913
44248,0.4041742,0.83336914
44249,0.6788482,0.699958
44250,0.15990141,0.39549947
44251,0.06815844,0.07313881
44252,0.11253092,0.81805235
44253,0.07973858,0.94761485
44254,0.04764959,0.07794237
44255,0.098355554,0.07389042
44256,0.82047826,0.81407577
44257,0.2550376,0.6864453
44258,0.46285355,0.84402406
44259,0.13374797,0.964027
44260,0.20926516,0.1687071
44261,0.063860334,0.061397042
44262,0.06259394,0.2609554
44263,0.34183288,0.8448896
44264,0.6928309,0.66911906
44265,0.041174646,0.27401558
44266,0.71491766,0.9345735
44267,0.057907913,0.44152418
44268,0.32671493,0.24854334
44269,0.05594865,0.13353045
44270,0.23040774,0.20190501
44271,0.57427573,0.6421049
44272,0.26077223,0.7067501
44273,0.20332442,0.38560513
44274,0.08602148,0.5735254
44275,0.012528168,0.03177643
44276,0.53133744,0.89939386
44277,0.17776722,0.76176155
44278,0.37083796,0.5367165
44279,0.06002735,0.03225197
44280,0.14039049,0.39248937
44281,0.109716974,0.16233896
44282,0.03242879,0.049295384
44283,0.09822672,0.24192287
44284,0.20901372,0.4321211
44285,0.08407708,0.38308814
44286,0.20156074,0.44792545
44287,0.057306107,0.17437585
44288,0.19338343,0.19540769
44289,0.7700475,0.8887091
44290,0.08876799,0.3657033
44291,0.052884065,0.2839
44292,0.059144173,0.9122833
44293,0.09332719,0.32258514
44294,0.43469033,0.34490415
44295,0.09391257,0.44976348
44296,0.149258,0.8791591
44297,0.13547404,0.7371795
44298,0.05076729,0.7263476
44299,0.26103035,0.48844972
44300,0.04658946,0.107189156
44301,0.3949303,0.37632766
44302,0.42525867,0.47242272
44303,0.49270985,0.87059456
44304,0.43956375,0.84006906
44305,0.05074853,0.106218085
44306,0.6856573,0.9483143
44307,0.04796928,0.119023114
44308,0.1432296,0.31814966
44309,0.17073528,0.16174465
44310,0.055326328,0.33885002
44311,0.24219058,0.6010355
44312,0.22617358,0.44940403
44313,0.051596608,0.16674173
44314,0.12504263,0.8657406
44315,0.42419094,0.89638686
44316,0.34754574,0.41667724
44317,0.049052555,0.08142772
44318,0.17443329,0.56567293
44319,0.11044377,0.93236065
44320,0.03358559,0.5243069
44321,0.39347324,0.49879175
44322,0.3522403,0.87649935
44323,0.059751965,0.10234292
44324,0.019518523,0.011185096
44325,0.09456902,0.8389057
44326,0.4926018,0.54602695
44327,0.04644692,0.25233105
44328,0.080269985,0.08881136
44329,0.04271045,0.059069354
44330,0.12117331,0.91233623
44331,0.076797895,0.9387287
44332,0.32396036,0.7123401
44333,0.116096996,0.3571798
44334,0.43003199,0.7674935
44335,0.32659793,0.79502606
44336,0.35519788,0.4920025
44337,0.21808493,0.93954843
44338,0.032697596,0.073915236
44339,0.04739388,0.24084428
44340,0.056080002,0.15483654
44341,0.39913934,0.79699105
44342,0.11807363,0.35084417
44343,0.22882302,0.34441963
44344,0.12229781,0.8817285
44345,0.08364809,0.74261534
44346,0.32911,0.049538963
44347,0.59266454,0.3232621
44348,0.28254,0.5132139
44349,0.31032777,0.6862922
44350,0.08856879,0.6255054
44351,0.16019322,0.6956221
44352,0.1827823,0.43687463
44353,0.5576505,0.49178997
44354,0.8417172,0.84604514
44355,0.09594867,0.3323658
44356,0.4361659,0.05510828
44357,0.08122122,0.17342474
44358,0.1279007,0.83671665
44359,0.024696106,0.067614466
44360,0.21598268,0.42483494
44361,0.18747263,0.28248003
44362,0.0489772,0.25319192
44363,0.083881505,0.77315587
44364,0.3757329,0.46457908
44365,0.044263,0.036820147
44366,0.7115884,0.9268653
44367,0.17923465,0.17449766
44368,0.13467652,0.08293314
44369,0.13550453,0.05540371
44370,0.047468405,0.15402354
44371,0.30916014,0.42340645
44372,0.7112496,0.8513413
44373,0.12702197,0.044941653
44374,0.37303433,0.4620118
44375,0.16028623,0.113748305
44376,0.21561281,0.7441029
44377,0.016967477,0.038601764
44378,0.9138407,0.88402313
44379,0.17804965,0.37795198
44380,0.19415785,0.4489081
44381,0.7932694,0.81069976
44382,0.10862752,0.23273806
44383,0.8752093,0.9228399
44384,0.13538273,0.15774243
44385,0.03955608,0.08528428
44386,0.23437284,0.27280438
44387,0.3098286,0.68853796
44388,0.09345795,0.39077088
44389,0.31243038,0.5078196
44390,0.05610097,0.12349667
44391,0.1409315,0.103762686
44392,0.44276163,0.46136522
44393,0.037087593,0.050763834
44394,0.26318842,0.61101216
44395,0.04643039,0.29443783
44396,0.029355392,0.058995176
44397,0.08498282,0.7178145
44398,0.47911718,0.8873513
44399,0.10385511,0.1034875
44400,0.0833863,0.14615642
44401,0.4522963,0.4796534
44402,0.1480892,0.84026617
44403,0.06881141,0.13031289
44404,0.43289745,0.7826079
44405,0.067795716,0.4798262
44406,0.10110834,0.11838778
44407,0.19711323,0.31086698
44408,0.124670364,0.14059867
44409,0.15091574,0.065826125
44410,0.08424878,0.27629858
44411,0.17124587,0.31803042
44412,0.14235826,0.23256545
44413,0.50811875,0.8136217
44414,0.452904,0.76693344
44415,0.105612084,0.2875118
44416,0.6222203,0.48196962
44417,0.07936267,0.32602003
44418,0.104124576,0.32457685
44419,0.8152036,0.9392555
44420,0.056158535,0.4441821
44421,0.38917366,0.11058293
44422,0.08786866,0.72164404
44423,0.45326105,0.8183382
44424,0.6911691,0.88208294
44425,0.07704872,0.22965859
44426,0.4216721,0.42011216
44427,0.16959403,0.5697792
44428,0.5260225,0.8001629
44429,0.1605592,0.7066051
44430,0.050384983,0.6498978
44431,0.35281944,0.48277825
44432,0.45089465,0.5167801
44433,0.23475522,0.7899637
44434,0.2495265,0.8016768
44435,0.10623594,0.14761887
44436,0.5285295,0.8948687
44437,0.085409425,0.118473925
44438,0.040059734,0.015182273
44439,0.12654427,0.21727335
44440,0.053668037,0.116215736
44441,0.13336514,0.24217592
44442,0.09333005,0.023984674
44443,0.06705208,0.17536181
44444,0.24585713,0.6849276
44445,0.104463354,0.19534487
44446,0.11438872,0.09476256
44447,0.031097556,0.2581716
44448,0.87810415,0.96527493
44449,0.051887583,0.040508118
44450,0.17602792,0.93805444
44451,0.53442967,0.7321271
44452,0.10539556,0.07177557
44453,0.0248851,0.04671279
44454,0.24178846,0.43285817
44455,0.6686979,0.80302113
44456,0.014998875,0.02516739
44457,0.05440079,0.12596811
44458,0.18107505,0.1992675
44459,0.07595789,0.11692703
44460,0.04473794,0.09693962
44461,0.03181082,0.63349074
44462,0.022196468,0.06506357
44463,0.28467372,0.86965716
44464,0.6786028,0.86637217
44465,0.24051188,0.2789362
44466,0.067390054,0.3787588
44467,0.6307375,0.72304463
44468,0.102884434,0.106973894
44469,0.060566586,0.21609493
44470,0.22564565,0.5308044
44471,0.68496734,0.7177825
44472,0.06026261,0.7758672
44473,0.5915432,0.8967842
44474,0.04445449,0.060945034
44475,0.08943563,0.33675024
44476,0.047783256,0.0851022
44477,0.8938779,0.9124923
44478,0.093185656,0.92990655
44479,0.20527674,0.5445509
44480,0.1347761,0.6863635
44481,0.76190627,0.8331738
44482,0.62057185,0.55422753
44483,0.52029717,0.8716536
44484,0.104802735,0.32741126
44485,0.06569172,0.771768
44486,0.10999092,0.8103238
44487,0.10717415,0.15683423
44488,0.21675096,0.72457415
44489,0.02470704,0.20580754
44490,0.07367243,0.6730632
44491,0.92671466,0.9510192
44492,0.037667703,0.270198
44493,0.24923272,0.2588667
44494,0.9044365,0.9692054
44495,0.7821255,0.80476123
44496,0.09453557,0.18330568
44497,0.14735849,0.041224327
44498,0.74543446,0.931222
44499,0.39007303,0.7800328
44500,0.089027375,0.1812333
44501,0.11978312,0.6277783
44502,0.8093851,0.9442522
44503,0.04655591,0.15745583
44504,0.55002666,0.67090553
44505,0.04981663,0.43036124
44506,0.3422491,0.33314
44507,0.028173007,0.038848992
44508,0.20349014,0.56788886
44509,0.478474,0.60112196
44510,0.09704405,0.7473985
44511,0.10588334,0.83089584
44512,0.23892508,0.6853357
44513,0.11923837,0.5253222
44514,0.035017718,0.1746723
44515,0.022816954,0.10419786
44516,0.051434025,0.019328754
44517,0.30103225,0.2583505
44518,0.88989544,0.9690995
44519,0.47479984,0.8293282
44520,0.18658666,0.45116228
44521,0.19113179,0.43622807
44522,0.5215603,0.7894608
44523,0.039510638,0.05393339
44524,0.15204252,0.48016393
44525,0.16760735,0.34375805
44526,0.28815037,0.69160163
44527,0.03583888,0.8233701
44528,0.23016636,0.35946462
44529,0.46810395,0.91093516
44530,0.5862095,0.93760496
44531,0.1485087,0.5453595
44532,0.11000891,0.7649187
44533,0.03104726,0.023112189
44534,0.1163891,0.8745041
44535,0.062151007,0.87506396
44536,0.08097666,0.6384781
44537,0.023943178,0.2663835
44538,0.22809389,0.63870037
44539,0.3238302,0.9292396
44540,0.14991462,0.5904957
44541,0.045385532,0.042353243
44542,0.30600676,0.2910788
44543,0.13159499,0.042580795
44544,0.43939966,0.8647144
44545,0.10179221,0.24175315
44546,0.07177597,0.5893178
44547,0.39300716,0.30276683
44548,0.07173687,0.06828027
44549,0.06434953,0.6396558
44550,0.17811556,0.17766154
44551,0.115825355,0.24266773
44552,0.44358006,0.78650546
44553,0.058204845,0.04664987
44554,0.2999967,0.314995
44555,0.6068768,0.6635841
44556,0.21352224,0.13111134
44557,0.081131585,0.11523469
44558,0.015068453,0.041320372
44559,0.064612366,0.18376265
44560,0.023121601,0.042057063
44561,0.026211401,0.35502568
44562,0.087979935,0.09537149
44563,0.19777378,0.5321931
44564,0.28187513,0.2782839
44565,0.08361171,0.07690427
44566,0.20787035,0.39631182
44567,0.67435884,0.5464516
44568,0.058696415,0.089750186
44569,0.11253296,0.21104285
44570,0.1812422,0.40194726
44571,0.07080097,0.2718092
44572,0.09808799,0.0765082
44573,0.40213287,0.50892675
44574,0.06554255,0.15278006
44575,0.17267317,0.9353594
44576,0.064754225,0.07556507
44577,0.06271435,0.08812793
44578,0.823175,0.9071535
44579,0.055153314,0.0963698
44580,0.060505625,0.9287944
44581,0.108106725,0.15519892
44582,0.7275402,0.91846025
44583,0.10224311,0.17289212
44584,0.5666928,0.600366
44585,0.04236413,0.40616363
44586,0.4687698,0.3686732
44587,0.35675177,0.830678
44588,0.108659744,0.29176983
44589,0.105559506,0.41112664
44590,0.066418074,0.1949851
44591,0.14414184,0.6448574
44592,0.06874614,0.16520698
44593,0.05362619,0.042408902
44594,0.07848786,0.7239343
44595,0.15511571,0.797705
44596,0.11496379,0.20780672
44597,0.09076553,0.14163281
44598,0.56511986,0.3904173
44599,0.1513159,0.12637322
44600,0.108741455,0.7745359
44601,0.043270767,0.04885779
44602,0.06888973,0.6691954
44603,0.084309965,0.37053433
44604,0.059260417,0.20827593
44605,0.64832556,0.8515874
44606,0.055127773,0.35037535
44607,0.44789752,0.84008193
44608,0.25525102,0.2781277
44609,0.3978321,0.6570685
44610,0.0270801,0.073322274
44611,0.011879298,0.008742834
44612,0.047013476,0.4678482
44613,0.06429771,0.20601048
44614,0.12350684,0.16496159
44615,0.08233607,0.12601846
44616,0.09710356,0.9166357
44617,0.02796509,0.25682843
44618,0.37963068,0.38653767
44619,0.21260549,0.77753043
44620,0.07924909,0.12323615
44621,0.13129254,0.35521916
44622,0.25225088,0.5296459
44623,0.4738579,0.80813175
44624,0.80375904,0.80409473
44625,0.079704195,0.19880073
44626,0.56997997,0.9604285
44627,0.2848418,0.275912
44628,0.17802928,0.14145903
44629,0.017824797,0.02039677
44630,0.06491402,0.4533476
44631,0.15625273,0.8215983
44632,0.727929,0.73055065
44633,0.6687317,0.98324686
44634,0.07599456,0.17234753
44635,0.8446909,0.9623865
44636,0.07458671,0.41582498
44637,0.6401333,0.8030207
44638,0.08564118,0.3672215
44639,0.6379315,0.33116427
44640,0.05083434,0.027231202
44641,0.7732262,0.6135217
44642,0.044588517,0.051693227
44643,0.015085545,0.05160188
44644,0.10411599,0.6776241
44645,0.5203345,0.8970751
44646,0.036505185,0.06429588
44647,0.49781305,0.5010476
44648,0.024166234,0.3362553
44649,0.07107131,0.18029806
44650,0.115451574,0.9084061
44651,0.19932635,0.8851441
44652,0.77691174,0.95723695
44653,0.14519383,0.40160677
44654,0.13373545,0.79696876
44655,0.57039154,0.42610526
44656,0.18846597,0.91421795
44657,0.31471398,0.70595825
44658,0.035228204,0.15661284
44659,0.3256162,0.11866161
44660,0.78029686,0.70484906
44661,0.054719776,0.3009589
44662,0.056043066,0.2679492
44663,0.035924353,0.11520123
44664,0.27357265,0.8794843
44665,0.072224624,0.081277825
44666,0.09413117,0.6656173
44667,0.18260367,0.7749876
44668,0.08460968,0.045091778
44669,0.034824364,0.04286632
44670,0.5831263,0.43220022
44671,0.20007777,0.78577113
44672,0.07469803,0.80751806
44673,0.4377137,0.91876566
44674,0.0647832,0.8684963
44675,0.0457071,0.2100058
44676,0.072810024,0.1736924
44677,0.47649437,0.48953876
44678,0.08952534,0.2967609
44679,0.06818818,0.7220723
44680,0.5104932,0.80489427
44681,0.13285059,0.34653726
44682,0.13429272,0.26885262
44683,0.104884766,0.15327275
44684,0.8086489,0.8521564
44685,0.4342062,0.2980204
44686,0.10717303,0.8710361
44687,0.0796724,0.052850686
44688,0.064659916,0.057955705
44689,0.099923566,0.21386473
44690,0.12663145,0.18960325
44691,0.118650466,0.3131997
44692,0.18178034,0.93003654
44693,0.9149422,0.8864937
44694,0.2832024,0.95718354
44695,0.19790056,0.30057678
44696,0.20866393,0.6201102
44697,0.028980447,0.016838644
44698,0.060584895,0.7197641
44699,0.90710217,0.8504182
44700,0.12993129,0.2958991
44701,0.0853723,0.22344457
44702,0.19787014,0.40082034
44703,0.06506132,0.2578318
44704,0.09464701,0.091768205
44705,0.89824194,0.92431366
44706,0.052631933,0.072179765
44707,0.806407,0.74678445
44708,0.052991677,0.08474452
44709,0.06211063,0.20764823
44710,0.09752461,0.3833777
44711,0.08919239,0.13216922
44712,0.55945945,0.9235789
44713,0.04144805,0.86718327
44714,0.10051946,0.52131194
44715,0.3163413,0.4046635
44716,0.05787624,0.9526515
44717,0.09947444,0.509848
44718,0.063488565,0.068393275
44719,0.08494903,0.09993536
44720,0.69587654,0.86139363
44721,0.06134857,0.25009108
44722,0.08554546,0.87866116
44723,0.081740506,0.17690793
44724,0.65614,0.809901
44725,0.1927514,0.49862644
44726,0.1270581,0.70230997
44727,0.20986694,0.5620277
44728,0.17490968,0.9469492
44729,0.47737244,0.9721264
44730,0.059682,0.07643848
44731,0.16057709,0.49754187
44732,0.05501892,0.13247885
44733,0.13258493,0.13720924
44734,0.074933924,0.6869743
44735,0.8568417,0.970874
44736,0.082166895,0.32565075
44737,0.34609422,0.90817577
44738,0.018910056,0.024215868
44739,0.12041132,0.6494864
44740,0.29729223,0.8863801
44741,0.13003725,0.46946692
44742,0.3278084,0.9434429
44743,0.06357459,0.68806154
44744,0.4994229,0.40204594
44745,0.83650637,0.9624991
44746,0.030732354,0.29871538
44747,0.74108356,0.9362085
44748,0.054280818,0.51819015
44749,0.039814033,0.2684143
44750,0.12974864,0.04561418
44751,0.17195466,0.8372048
44752,0.12011835,0.7719966
44753,0.014016793,0.0155144315
44754,0.5926315,0.4937121
44755,0.18147293,0.26709786
44756,0.6754623,0.7720227
44757,0.0451,0.054237865
44758,0.10527823,0.14681882
44759,0.7398284,0.8475921
44760,0.052721996,0.5132323
44761,0.091738105,0.8057252
44762,0.08380391,0.9497103
44763,0.27659234,0.4081354
44764,0.044145953,0.1038678
44765,0.29894763,0.85343766
44766,0.707418,0.923647
44767,0.596851,0.519116
44768,0.61190194,0.7228332
44769,0.8472012,0.87231314
44770,0.110102855,0.26277488
44771,0.070378594,0.10013245
44772,0.049708955,0.07652456
44773,0.3217141,0.47559115
44774,0.08598372,0.6894376
44775,0.6608755,0.7350618
44776,0.26158717,0.4361219
44777,0.17815389,0.45536608
44778,0.20277427,0.7831349
44779,0.0729012,0.1698346
44780,0.64215714,0.42597786
44781,0.3067641,0.5561817
44782,0.06909242,0.091461755
44783,0.11770549,0.85874057
44784,0.022380374,0.036013473
44785,0.38372454,0.37856138
44786,0.43439528,0.46181637
44787,0.19484825,0.4673329
44788,0.41403878,0.43602464
44789,0.55852705,0.8010272
44790,0.11789827,0.91295606
44791,0.71866506,0.8169706
44792,0.05892894,0.04491647
44793,0.15618187,0.24239549
44794,0.10022387,0.17451937
44795,0.23976094,0.37146991
44796,0.39270836,0.9310779
44797,0.3480041,0.5537175
44798,0.16802426,0.82291204
44799,0.7314504,0.894951
44800,0.036483254,0.7748263
44801,0.02930311,0.12154872
44802,0.6296482,0.82045037
44803,0.06717586,0.85761636
44804,0.14364943,0.20618331
44805,0.11408771,0.13573132
44806,0.12650385,0.93685424
44807,0.07235705,0.9345896
44808,0.16815004,0.12343847
44809,0.03737299,0.13730155
44810,0.048722845,0.25951096
44811,0.28021243,0.1917488
44812,0.47269744,0.36899468
44813,0.8705514,0.9430566
44814,0.061399594,0.8306867
44815,0.02313968,0.11708759
44816,0.35779896,0.8930491
44817,0.85382694,0.9095563
44818,0.74920905,0.8988927
44819,0.06456198,0.6879452
44820,0.76958567,0.6503779
44821,0.3639626,0.59449506
44822,0.09849625,0.67674786
44823,0.07363708,0.47898608
44824,0.23793668,0.6081822
44825,0.3137587,0.6637313
44826,0.19673502,0.77523494
44827,0.038569465,0.08269268
44828,0.09255025,0.9021247
44829,0.035501253,0.15598568
44830,0.10400605,0.9329853
44831,0.035967544,0.042301945
44832,0.21301545,0.31468618
44833,0.6512939,0.53394693
44834,0.25669459,0.663934
44835,0.07664567,0.17224397
44836,0.17705798,0.65800023
44837,0.06447731,0.88431084
44838,0.061252054,0.23452011
44839,0.049447183,0.08403452
44840,0.1914604,0.489074
44841,0.09360987,0.47164264
44842,0.29243255,0.13740164
44843,0.06297932,0.37991807
44844,0.04144841,0.56667477
44845,0.7343284,0.9857773
44846,0.065128915,0.29537663
44847,0.10152092,0.037694953
44848,0.4344306,0.33752573
44849,0.20222913,0.65073985
44850,0.027001897,0.022155583
44851,0.028437681,0.743623
44852,0.17592168,0.5417639
44853,0.19096342,0.22853397
44854,0.03925467,0.06451113
44855,0.057418913,0.08157263
44856,0.18286626,0.3757252
44857,0.67749166,0.8347701
44858,0.030089566,0.06139287
44859,0.1609176,0.11329267
44860,0.048350066,0.8645504
44861,0.5421424,0.18408693
44862,0.15532471,0.10934865
44863,0.7471718,0.6966907
44864,0.15939616,0.1464983
44865,0.043789856,0.08015779
44866,0.02878468,0.13612443
44867,0.354752,0.24291174
44868,0.06380242,0.040513992
44869,0.26793078,0.19509204
44870,0.106036216,0.58101714
44871,0.31523898,0.16866738
44872,0.0331019,0.11029933
44873,0.07219134,0.15504345
44874,0.045821473,0.5019996
44875,0.070267156,0.22909248
44876,0.021583617,0.05314495
44877,0.16281915,0.7473183
44878,0.81135726,0.96348244
44879,0.17959473,0.8020383
44880,0.033192124,0.10448529
44881,0.19280474,0.064484544
44882,0.27614686,0.3406663
44883,0.7505921,0.40414935
44884,0.2588592,0.69576204
44885,0.013000528,0.07560866
44886,0.06501512,0.2858421
44887,0.143313,0.34310174
44888,0.20291837,0.13273361
44889,0.14427325,0.19986784
44890,0.19529918,0.39616227
44891,0.11417314,0.49208343
44892,0.8190867,0.9583011
44893,0.1103081,0.6909828
44894,0.046922643,0.10175257
44895,0.50699174,0.5027883
44896,0.15362354,0.24459893
44897,0.069829576,0.18606538
44898,0.13066301,0.24919656
44899,0.62855077,0.89410704
44900,0.27134016,0.64997053
44901,0.050749864,0.018042507
44902,0.042451225,0.11299883
44903,0.09152124,0.14105731
44904,0.45752564,0.4250319
44905,0.37950134,0.74149954
44906,0.119797446,0.17726715
44907,0.85290074,0.9682912
44908,0.07927051,0.8376204
44909,0.03954527,0.06839284
44910,0.06959198,0.20760773
44911,0.11564277,0.3665671
44912,0.52389485,0.9340263
44913,0.04052177,0.07280674
44914,0.078001626,0.8504316
44915,0.2215944,0.8607516
44916,0.113713324,0.58252424
44917,0.04686423,0.015668362
44918,0.16360374,0.40543866
44919,0.081798546,0.68464136
44920,0.70782214,0.8315494
44921,0.06508942,0.88606036
44922,0.10988237,0.48626134
44923,0.08436069,0.87707645
44924,0.10641897,0.32256615
44925,0.08965201,0.74852014
44926,0.5129741,0.79209757
44927,0.58347976,0.87758476
44928,0.09254644,0.19287008
44929,0.077906564,0.55118704
44930,0.10601602,0.8339412
44931,0.80560404,0.9204234
44932,0.41190618,0.5665079
44933,0.036961205,0.7811385
44934,0.13131317,0.88904
44935,0.67204165,0.8666373
44936,0.79630274,0.72020566
44937,0.04866519,0.19910781
44938,0.026466427,0.11791077
44939,0.58508426,0.45426625
44940,0.09693006,0.6818173
44941,0.1377133,0.5107056
44942,0.065304056,0.13689403
44943,0.7467522,0.77880114
44944,0.070525736,0.48977497
44945,0.06568681,0.7857299
44946,0.68251926,0.9419307
44947,0.0851398,0.43861356
44948,0.20873374,0.7609943
44949,0.06267114,0.21622112
44950,0.045821786,0.10961327
44951,0.67880934,0.87491775
44952,0.41302586,0.48611334
44953,0.13182075,0.80732065
44954,0.66332215,0.6892059
44955,0.4902047,0.45513058
44956,0.74444234,0.9466838
44957,0.06778391,0.35590106
44958,0.046718534,0.6454088
44959,0.18655325,0.32122052
44960,0.34367096,0.5246653
44961,0.6245605,0.74322516
44962,0.16889042,0.32603326
44963,0.40999946,0.92952573
44964,0.13224584,0.29564744
44965,0.039218124,0.22696637
44966,0.38047764,0.06384681
44967,0.04499773,0.19394334
44968,0.16608374,0.78824556
44969,0.054078925,0.11834118
44970,0.1373288,0.111947216
44971,0.08021489,0.15556963
44972,0.03076227,0.2765656
44973,0.5116883,0.56301653
44974,0.047798,0.09827741
44975,0.66618776,0.44616768
44976,0.08625279,0.18671933
44977,0.20455691,0.74189615
44978,0.13778947,0.16426492
44979,0.21085434,0.037730683
44980,0.13195644,0.44910777
44981,0.8675969,0.8976144
44982,0.59738225,0.37857518
44983,0.79710495,0.7887924
44984,0.26367092,0.62007904
44985,0.5339419,0.22645009
44986,0.09120952,0.5970374
44987,0.108574934,0.4590133
44988,0.6521212,0.94253874
44989,0.076448075,0.0976736
44990,0.035693325,0.20065376
44991,0.8261041,0.92358404
44992,0.6093205,0.739756
44993,0.075821735,0.6826992
44994,0.14377825,0.22253853
44995,0.07426088,0.20169686
44996,0.7796697,0.9683354
44997,0.03557661,0.139175
44998,0.37798494,0.9473642
44999,0.08757664,0.20709474
45000,0.09061636,0.8339226
45001,0.03899811,0.04499641
45002,0.14001127,0.81844336
45003,0.09693598,0.7796286
45004,0.23743072,0.404348
45005,0.04003529,0.10486581
45006,0.09781708,0.10910267
45007,0.27308384,0.8274371
45008,0.734824,0.6738463
45009,0.051760588,0.14991386
45010,0.2707324,0.908934
45011,0.29927024,0.21280625
45012,0.10928692,0.17259999
45013,0.8678656,0.93860537
45014,0.94256,0.9811421
45015,0.16886967,0.26628864
45016,0.4783072,0.37525997
45017,0.5039622,0.49993515
45018,0.4057053,0.42805353
45019,0.20515485,0.52568436
45020,0.6292586,0.7531559
45021,0.081124514,0.21982425
45022,0.04258444,0.12596177
45023,0.1167463,0.6590287
45024,0.1486152,0.3453907
45025,0.019839821,0.031054122
45026,0.15859912,0.7517905
45027,0.805052,0.7657457
45028,0.040046588,0.07720581
45029,0.40577173,0.9012829
45030,0.043079153,0.037214424
45031,0.68115216,0.86859995
45032,0.27138767,0.062133167
45033,0.05770651,0.044108715
45034,0.517283,0.8940862
45035,0.11389956,0.1407955
45036,0.09257073,0.651914
45037,0.26364872,0.21636084
45038,0.069442615,0.75263745
45039,0.09812814,0.27524582
45040,0.2399439,0.76287097
45041,0.20250341,0.9577797
45042,0.0514572,0.55195504
45043,0.20560697,0.7238631
45044,0.058222096,0.13389584
45045,0.03069331,0.058561657
45046,0.13789442,0.2637962
45047,0.42135963,0.5518831
45048,0.1334574,0.20186247
45049,0.5893403,0.7751759
45050,0.041784562,0.3312507
45051,0.3316271,0.31428093
45052,0.10619574,0.43412727
45053,0.26553676,0.40364292
45054,0.15149619,0.8153081
45055,0.040305212,0.087273985
45056,0.5484443,0.8702095
45057,0.8185624,0.8719229
45058,0.21411072,0.43211353
45059,0.05444724,0.07062608
45060,0.902582,0.96142125
45061,0.48797333,0.6652323
45062,0.16674158,0.21781921
45063,0.17354256,0.7668093
45064,0.03488905,0.034034006
45065,0.18570074,0.10668821
45066,0.027854485,0.7277023
45067,0.41403422,0.2903012
45068,0.14496385,0.82199615
45069,0.11747564,0.31702277
45070,0.4653083,0.382908
45071,0.8665526,0.8166259
45072,0.867932,0.9348646
45073,0.045905232,0.5574397
45074,0.014672338,0.42463154
45075,0.0413673,0.1195354
45076,0.9096943,0.96009016
45077,0.04543647,0.11378064
45078,0.027759353,0.014351586
45079,0.089152426,0.27479938
45080,0.042675205,0.08013809
45081,0.49687928,0.77165496
45082,0.29185683,0.8303669
45083,0.71871406,0.5690221
45084,0.15985692,0.8703003
45085,0.5534454,0.18443207
45086,0.06705681,0.1526865
45087,0.031262375,0.00943612
45088,0.63751996,0.876144
45089,0.08865638,0.1971429
45090,0.04052708,0.0721835
45091,0.93176776,0.9774889
45092,0.72193056,0.7652015
45093,0.28632104,0.33646852
45094,0.28560317,0.39797625
45095,0.029401574,0.10394567
45096,0.021663638,0.08461669
45097,0.14036913,0.91728723
45098,0.09604293,0.13986357
45099,0.13113524,0.79980326
45100,0.05378876,0.82097197
45101,0.055023186,0.101799905
45102,0.33922994,0.31978017
45103,0.025740137,0.043978114
45104,0.07418024,0.46219152
45105,0.4354914,0.3721417
45106,0.28495014,0.26456034
45107,0.1274838,0.16826364
45108,0.20874333,0.74943143
45109,0.6167946,0.85443956
45110,0.66829425,0.9265627
45111,0.25135112,0.47002998
45112,0.17571548,0.96043175
45113,0.14840335,0.38953885
45114,0.5239968,0.72095436
45115,0.047260083,0.14793597
45116,0.13078433,0.11246574
45117,0.039975196,0.034307696
45118,0.08135359,0.3310498
45119,0.0640793,0.9227675
45120,0.27504775,0.73871076
45121,0.47496593,0.579123
45122,0.1298279,0.20773473
45123,0.08724718,0.9284887
45124,0.17233217,0.04619077
45125,0.089061916,0.1288963
45126,0.019698948,0.031363577
45127,0.044378296,0.03454063
45128,0.10181378,0.77999717
45129,0.020655753,0.03533036
45130,0.07411645,0.9114717
45131,0.13104488,0.24813792
45132,0.68462485,0.8954488
45133,0.04094739,0.097631246
45134,0.02566744,0.06563052
45135,0.2496149,0.81766576
45136,0.50578046,0.89502245
45137,0.029816804,0.0419202
45138,0.024974972,0.044736356
45139,0.08191713,0.19669352
45140,0.035437193,0.5641719
45141,0.17413773,0.21133202
45142,0.25147206,0.52765983
45143,0.083328426,0.4691357
45144,0.17781137,0.52910596
45145,0.031430703,0.024975983
45146,0.16584833,0.24949625
45147,0.10536043,0.36751664
45148,0.45281646,0.7308082
45149,0.27555788,0.60241055
45150,0.2935412,0.9197533
45151,0.8102069,0.7780765
45152,0.1648822,0.8966822
45153,0.21846606,0.0732529
45154,0.055506866,0.021532139
45155,0.12212855,0.22249109
45156,0.86554164,0.9212561
45157,0.8178888,0.8169728
45158,0.23933485,0.47621363
45159,0.035594944,0.01723739
45160,0.06855711,0.055492178
45161,0.3565979,0.3931267
45162,0.34189543,0.35286912
45163,0.73318845,0.30985942
45164,0.8354536,0.81296843
45165,0.049573697,0.09656509
45166,0.16980618,0.047986634
45167,0.10123716,0.25411293
45168,0.25848156,0.7086032
45169,0.0606965,0.9335828
45170,0.16252548,0.124668375
45171,0.084667735,0.8163692
45172,0.04678107,0.02005824
45173,0.22742526,0.8073553
45174,0.06984043,0.622025
45175,0.5196981,0.38012102
45176,0.742217,0.7888955
45177,0.071731836,0.18519427
45178,0.5865358,0.7112132
45179,0.082895994,0.17225696
45180,0.06825435,0.18843599
45181,0.08259106,0.36093846
45182,0.0835792,0.23277742
45183,0.07153531,0.16280611
45184,0.16742177,0.26600254
45185,0.08904567,0.16684598
45186,0.11569016,0.52656925
45187,0.05592425,0.7684115
45188,0.12639017,0.83492726
45189,0.124516726,0.5328295
45190,0.023090575,0.08302811
45191,0.097713545,0.8667126
45192,0.035235047,0.06478354
45193,0.17258348,0.31592765
45194,0.07015616,0.076662906
45195,0.7920638,0.9265023
45196,0.44690162,0.7514387
45197,0.520549,0.92045945
45198,0.11924969,0.47330168
45199,0.16067928,0.12177343
45200,0.08239579,0.52808154
45201,0.09858052,0.3554915
45202,0.036827438,0.45633408
45203,0.11180183,0.20100313
45204,0.14572069,0.2850428
45205,0.09634812,0.43855938
45206,0.030033192,0.07934783
45207,0.058301188,0.043987237
45208,0.27938196,0.11197389
45209,0.7154558,0.6137084
45210,0.11000322,0.9469711
45211,0.029885454,0.057562437
45212,0.48951346,0.49296007
45213,0.50976986,0.37252393
45214,0.21099104,0.42776743
45215,0.70337874,0.8691516
45216,0.488844,0.7882353
45217,0.5834678,0.7590202
45218,0.3235954,0.8673756
45219,0.07677362,0.4017939
45220,0.8150805,0.8159896
45221,0.14731899,0.45881087
45222,0.08584359,0.94450617
45223,0.38756782,0.16686462
45224,0.024314618,0.074976325
45225,0.22492537,0.50791544
45226,0.17104383,0.34100017
45227,0.07438773,0.2034265
45228,0.01178507,0.075484686
45229,0.45238492,0.64767104
45230,0.43741685,0.9265747
45231,0.12485182,0.7029554
45232,0.097648405,0.14716054
45233,0.17813537,0.5515854
45234,0.14581238,0.5908904
45235,0.028072992,0.016719041
45236,0.8020918,0.9241759
45237,0.07041969,0.0611261
45238,0.20290855,0.3895405
45239,0.060933426,0.07492403
45240,0.012459824,0.044773642
45241,0.7352241,0.7453368
45242,0.06716371,0.7326452
45243,0.042913355,0.5874362
45244,0.061444603,0.11634248
45245,0.28777424,0.6228099
45246,0.11644757,0.5572369
45247,0.3135499,0.318217
45248,0.08693714,0.7354027
45249,0.07188683,0.2596597
45250,0.10822696,0.4634375
45251,0.03840636,0.48408884
45252,0.6797972,0.98937714
45253,0.42645553,0.22109565
45254,0.4675845,0.7008501
45255,0.08071399,0.60982496
45256,0.064080805,0.38513985
45257,0.08927221,0.14322484
45258,0.6334945,0.7467266
45259,0.13667594,0.9079657
45260,0.11158295,0.15731953
45261,0.09379733,0.27641368
45262,0.60666454,0.8062829
45263,0.17803454,0.43780372
45264,0.12313708,0.26946187
45265,0.50530744,0.41690356
45266,0.4073234,0.7759376
45267,0.10699144,0.85857165
45268,0.21031463,0.29597592
45269,0.11771087,0.40347895
45270,0.031504452,0.31801757
45271,0.058807194,0.8307078
45272,0.05474443,0.429067
45273,0.166116,0.06141416
45274,0.10391233,0.15016241
45275,0.40283,0.9001797
45276,0.08401182,0.2349309
45277,0.14277698,0.2340877
45278,0.06757054,0.10998816
45279,0.39557025,0.7965438
45280,0.21426624,0.77142286
45281,0.11473641,0.9093776
45282,0.11809618,0.86469406
45283,0.1199814,0.151363
45284,0.40858763,0.14814866
45285,0.107154325,0.24969026
45286,0.07468106,0.44161484
45287,0.06969209,0.07949697
45288,0.07777551,0.528241
45289,0.33617535,0.19922812
45290,0.14530905,0.9140982
45291,0.25302875,0.90595514
45292,0.12543675,0.4113094
45293,0.065523736,0.88886684
45294,0.09218848,0.4172202
45295,0.061453406,0.12781212
45296,0.076148495,0.9251696
45297,0.13006748,0.31714693
45298,0.4918028,0.18458425
45299,0.04425559,0.019212224
45300,0.25280213,0.3751407
45301,0.0834807,0.08816236
45302,0.29917622,0.6360533
45303,0.0909596,0.37038878
45304,0.090807505,0.10720719
45305,0.06238611,0.15245602
45306,0.51947916,0.5853393
45307,0.44908723,0.9089771
45308,0.67871535,0.926521
45309,0.12870401,0.30880675
45310,0.10571222,0.6189231
45311,0.5315983,0.91877353
45312,0.18275587,0.6727169
45313,0.06268422,0.15845403
45314,0.3852883,0.25860974
45315,0.16245927,0.9199042
45316,0.4820793,0.84248155
45317,0.1988761,0.53680456
45318,0.039120264,0.046160325
45319,0.08126646,0.3463987
45320,0.57479197,0.74207115
45321,0.46978775,0.49139476
45322,0.10667647,0.48282897
45323,0.47426748,0.46049637
45324,0.040700346,0.41287708
45325,0.076323226,0.24367191
45326,0.7488808,0.8089742
45327,0.06411467,0.12265885
45328,0.5578408,0.73280054
45329,0.8284677,0.941648
45330,0.21000038,0.26707044
45331,0.40114477,0.10671682
45332,0.31797683,0.75402254
45333,0.19408035,0.25717872
45334,0.13565333,0.1952
45335,0.0628659,0.12155046
45336,0.71574384,0.89085144
45337,0.105305254,0.28502628
45338,0.59750617,0.7889807
45339,0.105912566,0.06524136
45340,0.05637661,0.07387081
45341,0.11864594,0.6150878
45342,0.11847473,0.92345744
45343,0.6065561,0.789478
45344,0.72691876,0.91257197
45345,0.080018446,0.2724319
45346,0.039768063,0.041213706
45347,0.5839182,0.6626749
45348,0.06573968,0.102144934
45349,0.14018956,0.58323455
45350,0.124009855,0.090255246
45351,0.37953395,0.92057276
45352,0.12316427,0.7183885
45353,0.11550209,0.9388637
45354,0.04659518,0.011188556
45355,0.041450214,0.039806146
45356,0.67244786,0.91852444
45357,0.70981485,0.76699513
45358,0.029218571,0.5381006
45359,0.097914085,0.6412157
45360,0.06380778,0.8262929
45361,0.056228828,0.3274863
45362,0.07130359,0.1539077
45363,0.0365542,0.26073492
45364,0.028197967,0.15916498
45365,0.7839392,0.92195433
45366,0.38954258,0.6902759
45367,0.045525458,0.04432987
45368,0.15362626,0.2963222
45369,0.15164426,0.14405212
45370,0.02369736,0.17756337
45371,0.18709376,0.49850893
45372,0.6513913,0.8616752
45373,0.07824244,0.19607082
45374,0.04023511,0.11834805
45375,0.3151521,0.85325766
45376,0.1676256,0.22313024
45377,0.14000715,0.9469784
45378,0.03581193,0.1322023
45379,0.4393582,0.635208
45380,0.73740536,0.80990624
45381,0.5278592,0.7716775
45382,0.059140734,0.63757193
45383,0.24325709,0.63936627
45384,0.29924515,0.7822315
45385,0.4593697,0.5319506
45386,0.81865114,0.93896055
45387,0.08523679,0.14564097
45388,0.34496018,0.9347678
45389,0.085980065,0.22890434
45390,0.15123592,0.53503364
45391,0.16707982,0.92690396
45392,0.07099398,0.14929
45393,0.24377052,0.8399853
45394,0.11932492,0.9295224
45395,0.18136524,0.2753892
45396,0.35188916,0.89845276
45397,0.45376337,0.5948575
45398,0.25019524,0.70554423
45399,0.08720684,0.16060214
45400,0.13294992,0.30166915
45401,0.055608973,0.22440265
45402,0.099487044,0.8848723
45403,0.5611945,0.80251956
45404,0.0619849,0.38464403
45405,0.08041941,0.7767584
45406,0.033463374,0.3218426
45407,0.57211673,0.8467927
45408,0.4306937,0.42604062
45409,0.6743965,0.65789336
45410,0.09061928,0.6065185
45411,0.23181018,0.83003324
45412,0.0467215,0.5793799
45413,0.18585466,0.5417639
45414,0.049749356,0.93771195
45415,0.073518515,0.086776875
45416,0.6908979,0.5542241
45417,0.04554513,0.23056224
45418,0.058335178,0.09138428
45419,0.08138091,0.17185366
45420,0.029251684,0.1172319
45421,0.5116784,0.32900554
45422,0.080595404,0.87942064
45423,0.2349838,0.19207627
45424,0.25815365,0.47249213
45425,0.22959895,0.18897189
45426,0.48601234,0.9366578
45427,0.17811923,0.58454126
45428,0.08114367,0.11251279
45429,0.146497,0.23516531
45430,0.062009007,0.04713327
45431,0.20915696,0.0137192225
45432,0.022524118,0.048156023
45433,0.023069637,0.054290183
45434,0.30250984,0.4461622
45435,0.5147227,0.7588909
45436,0.044292837,0.11068385
45437,0.043772828,0.07902841
45438,0.106800035,0.13490197
45439,0.26254478,0.18259434
45440,0.063453324,0.8636953
45441,0.227028,0.5251568
45442,0.41509145,0.27577588
45443,0.22602926,0.3675833
45444,0.05705387,0.95685804
45445,0.046893995,0.9056405
45446,0.7871449,0.809613
45447,0.07696917,0.9345279
45448,0.18162915,0.48575348
45449,0.17418495,0.9048805
45450,0.019994788,0.099182
45451,0.044829298,0.850466
45452,0.0539613,0.15848322
45453,0.038015835,0.054289166
45454,0.6327071,0.92265147
45455,0.05443372,0.71955335
45456,0.032951348,0.05907851
45457,0.6244691,0.84175223
45458,0.16337204,0.34315798
45459,0.47003713,0.9058058
45460,0.29443097,0.090787254
45461,0.359973,0.7721507
45462,0.25584218,0.15486847
45463,0.0819348,0.17494139
45464,0.12958816,0.79702216
45465,0.56562203,0.66118306
45466,0.62626666,0.5210039
45467,0.020810906,0.15325949
45468,0.25660434,0.9092678
45469,0.056132838,0.06698896
45470,0.085689045,0.13484715
45471,0.19082956,0.2764655
45472,0.117799714,0.45715302
45473,0.0139494715,0.039462514
45474,0.20260824,0.9479074
45475,0.17231973,0.23114191
45476,0.10505104,0.04359587
45477,0.10847905,0.13510025
45478,0.3096939,0.118078575
45479,0.14302287,0.16114442
45480,0.07852625,0.6465364
45481,0.20296751,0.4492199
45482,0.051829014,0.06825425
45483,0.07972684,0.4556513
45484,0.102308035,0.5695435
45485,0.82139903,0.86040485
45486,0.048595246,0.12595488
45487,0.05739045,0.71478224
45488,0.10485259,0.10224648
45489,0.07110881,0.46216026
45490,0.4583899,0.57478094
45491,0.031220568,0.073970824
45492,0.04972114,0.16482626
45493,0.1637339,0.8224754
45494,0.2999066,0.88565195
45495,0.10829866,0.29198536
45496,0.422269,0.8935386
45497,0.06302247,0.03348961
45498,0.1645134,0.069061056
45499,0.052154534,0.18638459
45500,0.6949506,0.68439573
45501,0.40919065,0.55515546
45502,0.46012738,0.45455378
45503,0.34783345,0.6898523
45504,0.69059616,0.8748838
45505,0.77530557,0.75301886
45506,0.042675003,0.15038669
45507,0.02454281,0.53637
45508,0.16430151,0.17995527
45509,0.08981234,0.3479578
45510,0.070667386,0.64147043
45511,0.12531056,0.058294173
45512,0.0841259,0.32905522
45513,0.8040195,0.8647961
45514,0.10809022,0.063473955
45515,0.064289056,0.8457914
45516,0.07753065,0.3814791
45517,0.9325736,0.9600003
45518,0.16558143,0.6629097
45519,0.042011175,0.18693589
45520,0.03784366,0.07052932
45521,0.4177516,0.23943177
45522,0.1084202,0.19129872
45523,0.121108145,0.45783237
45524,0.42535546,0.23287791
45525,0.028117165,0.02714862
45526,0.047389437,0.14665855
45527,0.6502942,0.9172583
45528,0.1110279,0.5580109
45529,0.14519101,0.1040436
45530,0.7405289,0.8941045
45531,0.08828749,0.09093518
45532,0.84050786,0.8704193
45533,0.014348732,0.016658211
45534,0.8965348,0.85345125
45535,0.02298804,0.071595415
45536,0.060580794,0.06717758
45537,0.32622546,0.7382743
45538,0.69294524,0.78660387
45539,0.041111197,0.11649141
45540,0.03127817,0.3082579
45541,0.14276925,0.30373806
45542,0.012333034,0.06258646
45543,0.36768413,0.6605721
45544,0.05258747,0.31332642
45545,0.1285528,0.8616243
45546,0.19697584,0.33239725
45547,0.2412933,0.91705155
45548,0.3198214,0.82473224
45549,0.013596468,0.050176162
45550,0.06482355,0.055032313
45551,0.08117146,0.077137925
45552,0.061886244,0.18969351
45553,0.073548965,0.17642823
45554,0.14300115,0.5145473
45555,0.08361633,0.09170942
45556,0.13584185,0.84975433
45557,0.3584683,0.4819034
45558,0.2276716,0.5504616
45559,0.15798344,0.19372803
45560,0.12026637,0.15104575
45561,0.071062684,0.9175476
45562,0.53616863,0.88681245
45563,0.4030883,0.59703237
45564,0.59890735,0.71355116
45565,0.0968365,0.36964273
45566,0.04184435,0.09179104
45567,0.14800479,0.85145944
45568,0.27626973,0.10606838
45569,0.14930186,0.28604466
45570,0.025495902,0.29965967
45571,0.7067799,0.77400225
45572,0.04267275,0.24020857
45573,0.058237772,0.8407368
45574,0.3148031,0.50952387
45575,0.5853144,0.6575676
45576,0.16817342,0.5667818
45577,0.09094699,0.25714052
45578,0.4007589,0.26067713
45579,0.03962766,0.013024118
45580,0.6181454,0.8380215
45581,0.2735963,0.862754
45582,0.17586088,0.18142721
45583,0.09902397,0.7450387
45584,0.30005306,0.92650175
45585,0.815135,0.8346108
45586,0.31346473,0.88709563
45587,0.071849026,0.09811138
45588,0.02179238,0.058848705
45589,0.097268425,0.08202588
45590,0.061401255,0.13962562
45591,0.09870851,0.51095426
45592,0.06571928,0.9595396
45593,0.060060218,0.09782011
45594,0.28309584,0.40333107
45595,0.0492669,0.0904433
45596,0.069231644,0.082697615
45597,0.37620747,0.32018232
45598,0.042918947,0.08735432
45599,0.2652821,0.39123985
45600,0.08662773,0.16524832
45601,0.31225345,0.27769238
45602,0.09342096,0.14565097
45603,0.1489497,0.43684343
45604,0.16315666,0.5149815
45605,0.03836981,0.05453313
45606,0.056695573,0.32773903
45607,0.04416619,0.049433805
45608,0.8836113,0.931349
45609,0.13115606,0.30956805
45610,0.43093136,0.77870244
45611,0.14695738,0.5184768
45612,0.0717401,0.19996211
45613,0.53289306,0.8225232
45614,0.4332877,0.5030618
45615,0.86092687,0.9288929
45616,0.21849981,0.65505016
45617,0.3578517,0.92233354
45618,0.083505176,0.8432391
45619,0.24622783,0.7314719
45620,0.22132814,0.02664608
45621,0.11374972,0.16196562
45622,0.07122613,0.5458418
45623,0.0654702,0.50207514
45624,0.10120244,0.81800956
45625,0.02809305,0.034140736
45626,0.27395615,0.29100883
45627,0.085783966,0.20170198
45628,0.0529853,0.068741396
45629,0.42667466,0.44151986
45630,0.4248645,0.19026162
45631,0.04642816,0.15244828
45632,0.1481017,0.61773175
45633,0.21318728,0.4765353
45634,0.1278082,0.38222647
45635,0.039618097,0.035854615
45636,0.0807282,0.10379251
45637,0.8081773,0.7739983
45638,0.16795176,0.5813864
45639,0.04044369,0.016742412
45640,0.08703802,0.30074304
45641,0.077650994,0.080323525
45642,0.060404196,0.13025558
45643,0.18405285,0.327515
45644,0.26363665,0.83833456
45645,0.2520145,0.50436354
45646,0.062791914,0.19039226
45647,0.7118286,0.8276242
45648,0.020819075,0.053084575
45649,0.19950661,0.21811534
45650,0.19419213,0.6874351
45651,0.43797916,0.85153437
45652,0.09501998,0.033132773
45653,0.7376581,0.6478319
45654,0.16572857,0.68811923
45655,0.86555225,0.96101725
45656,0.026717912,0.026621426
45657,0.40679565,0.5406182
45658,0.0546645,0.16415672
45659,0.05692605,0.1171747
45660,0.14032295,0.07247018
45661,0.15006116,0.3949988
45662,0.061278544,0.06862932
45663,0.048501957,0.06368354
45664,0.27626762,0.13060796
45665,0.056959055,0.062255412
45666,0.022381933,0.14425305
45667,0.5928268,0.81470865
45668,0.067082815,0.04718289
45669,0.8219829,0.92564994
45670,0.10538843,0.26330897
45671,0.06873311,0.08890251
45672,0.036951363,0.8594688
45673,0.19264406,0.9532195
45674,0.12933125,0.30769122
45675,0.07055644,0.23062064
45676,0.62711334,0.9397334
45677,0.0460348,0.07911008
45678,0.035055827,0.059621338
45679,0.1286137,0.6844991
45680,0.1220654,0.49412256
45681,0.23709886,0.73805606
45682,0.032993272,0.43797514
45683,0.11959448,0.089465715
45684,0.13148601,0.30754286
45685,0.188786,0.17543516
45686,0.2511417,0.6980522
45687,0.082630195,0.8530976
45688,0.8398784,0.9382649
45689,0.07457957,0.41050145
45690,0.23693296,0.5755352
45691,0.28805614,0.71704227
45692,0.038841657,0.19364606
45693,0.09762135,0.34024927
45694,0.07670176,0.12777732
45695,0.09873325,0.33380863
45696,0.5686223,0.88426775
45697,0.321897,0.7582686
45698,0.050570097,0.8989404
45699,0.072784945,0.3372501
45700,0.20317885,0.24812691
45701,0.8853841,0.5814462
45702,0.12276996,0.07899059
45703,0.583632,0.6331801
45704,0.53464586,0.94577116
45705,0.023521163,0.0434294
45706,0.04873847,0.23696376
45707,0.07402892,0.1518781
45708,0.06197281,0.86718524
45709,0.3077466,0.10038614
45710,0.090513855,0.47859606
45711,0.034905512,0.13165055
45712,0.70265424,0.5976113
45713,0.054540895,0.1518177
45714,0.3714201,0.46442968
45715,0.078647576,0.1484485
45716,0.06643841,0.28650746
45717,0.03459351,0.038177766
45718,0.049125154,0.073112324
45719,0.105785415,0.59324753
45720,0.069270164,0.16084816
45721,0.18467857,0.44995046
45722,0.55828893,0.6386872
45723,0.15100838,0.74177134
45724,0.10395365,0.897215
45725,0.67881477,0.3848103
45726,0.7093588,0.5371056
45727,0.4476506,0.8931066
45728,0.18136093,0.7812071
45729,0.064373426,0.25332177
45730,0.23390834,0.502251
45731,0.056858122,0.2651617
45732,0.14818603,0.32088834
45733,0.15584965,0.16352968
45734,0.7795155,0.21123432
45735,0.08838825,0.12776805
45736,0.079730585,0.92658424
45737,0.09358924,0.72945267
45738,0.08899868,0.47682106
45739,0.18283205,0.3275688
45740,0.069676965,0.48836008
45741,0.19797122,0.66385466
45742,0.0663869,0.10317693
45743,0.05291947,0.23068659
45744,0.6471392,0.44659474
45745,0.2042249,0.46000728
45746,0.4066139,0.9031562
45747,0.15379128,0.76216656
45748,0.05537615,0.085097566
45749,0.06404581,0.052442215
45750,0.6502418,0.8583526
45751,0.13603516,0.20455956
45752,0.14543852,0.9011106
45753,0.048772793,0.15333636
45754,0.14167036,0.42719474
45755,0.067774594,0.092517056
45756,0.07602477,0.09195985
45757,0.8685505,0.9610178
45758,0.80038846,0.9120874
45759,0.8058515,0.8801105
45760,0.08163729,0.15217042
45761,0.7315414,0.83494747
45762,0.12162045,0.7081148
45763,0.5143283,0.9604829
45764,0.09994618,0.6200134
45765,0.09568424,0.1590549
45766,0.24628228,0.5965951
45767,0.852858,0.5724595
45768,0.04400936,0.6476996
45769,0.20813054,0.7336049
45770,0.8490163,0.8894072
45771,0.03208745,0.061656453
45772,0.72229284,0.9328371
45773,0.041102793,0.044434447
45774,0.19507764,0.6915419
45775,0.5594951,0.7229994
45776,0.5312062,0.42617774
45777,0.09130483,0.68604565
45778,0.12369382,0.20118843
45779,0.054486398,0.602804
45780,0.084485024,0.7139477
45781,0.052182544,0.051774163
45782,0.13193065,0.4314954
45783,0.027216433,0.40138608
45784,0.10790714,0.2237384
45785,0.08893808,0.64850473
45786,0.549807,0.8366416
45787,0.20579556,0.5468835
45788,0.4294617,0.17783387
45789,0.06961824,0.5726589
45790,0.16260365,0.11385066
45791,0.054469228,0.26804632
45792,0.024051482,0.024992745
45793,0.11433217,0.21650945
45794,0.6424748,0.8794734
45795,0.105519675,0.73699147
45796,0.073065996,0.059682842
45797,0.07254765,0.14100538
45798,0.8321424,0.94048077
45799,0.48840252,0.0720742
45800,0.034895,0.08059932
45801,0.36067173,0.7052071
45802,0.6046188,0.7650054
45803,0.03736029,0.13147594
45804,0.19558251,0.573672
45805,0.35259485,0.22800836
45806,0.331781,0.25421008
45807,0.11362834,0.65794355
45808,0.12205807,0.29126698
45809,0.11444136,0.51847494
45810,0.20691028,0.91627663
45811,0.17682083,0.23202401
45812,0.269538,0.27930397
45813,0.13743135,0.07278553
45814,0.528911,0.47246805
45815,0.29838976,0.10985634
45816,0.8928348,0.9692932
45817,0.70028615,0.82712334
45818,0.32950157,0.296016
45819,0.36423466,0.7928237
45820,0.12378152,0.5075181
45821,0.06017272,0.7653558
45822,0.08121754,0.8553751
45823,0.088467315,0.87944776
45824,0.13785096,0.3549165
45825,0.1146168,0.34097
45826,0.21965356,0.013013366
45827,0.15402675,0.27317673
45828,0.08339928,0.03608943
45829,0.044364005,0.19539148
45830,0.3286021,0.934413
45831,0.14485897,0.19108465
45832,0.21955325,0.07610547
45833,0.07037071,0.10679112
45834,0.5394119,0.7080268
45835,0.0678365,0.0870086
45836,0.44100553,0.57987154
45837,0.11559709,0.5456424
45838,0.06188075,0.28352982
45839,0.043885954,0.2507834
45840,0.13533197,0.2432841
45841,0.096127234,0.106129706
45842,0.13496943,0.24758334
45843,0.12521583,0.47607127
45844,0.29748952,0.83070064
45845,0.6580438,0.7933972
45846,0.7368606,0.70547897
45847,0.08613965,0.83106226
45848,0.16888085,0.09980267
45849,0.63910043,0.8717878
45850,0.18669078,0.19693404
45851,0.2551447,0.57083964
45852,0.36458576,0.86566377
45853,0.07683698,0.23238774
45854,0.7338605,0.5043712
45855,0.28967053,0.13820809
45856,0.09504727,0.15857805
45857,0.088002585,0.12567073
45858,0.47008875,0.5491935
45859,0.091458365,0.18995638
45860,0.4866429,0.5603162
45861,0.6579661,0.80631673
45862,0.5692792,0.80903524
45863,0.08082627,0.47168997
45864,0.02752064,0.11421365
45865,0.5273928,0.90314376
45866,0.110845804,0.095259346
45867,0.07063868,0.27765435
45868,0.24711843,0.4531592
45869,0.10854675,0.19849923
45870,0.052217487,0.21386495
45871,0.38501433,0.7781615
45872,0.6085126,0.9347236
45873,0.13289495,0.36890203
45874,0.57193196,0.63605255
45875,0.036087096,0.02103425
45876,0.83953875,0.9013639
45877,0.30797574,0.88152385
45878,0.20319453,0.30055025
45879,0.1282268,0.09211962
45880,0.16865484,0.674527
45881,0.6060206,0.58662856
45882,0.03543379,0.19693929
45883,0.08771444,0.8187657
45884,0.49658126,0.228629
45885,0.28589696,0.80035293
45886,0.08997519,0.8342913
45887,0.74987775,0.7004753
45888,0.8037952,0.8933871
45889,0.092799395,0.083247624
45890,0.02951393,0.18410067
45891,0.04721536,0.05010132
45892,0.7669384,0.50026613
45893,0.8519797,0.9233756
45894,0.045727767,0.080998465
45895,0.08421763,0.3964653
45896,0.12449641,0.7540903
45897,0.04589274,0.14787953
45898,0.07711399,0.68895
45899,0.20358762,0.61834985
45900,0.59492135,0.7323558
45901,0.59428656,0.7103872
45902,0.12759136,0.81015074
45903,0.06991413,0.34984964
45904,0.06518356,0.09638136
45905,0.61593163,0.78171885
45906,0.7258505,0.93784606
45907,0.09601626,0.09234221
45908,0.25504366,0.13889694
45909,0.44018504,0.674186
45910,0.105007045,0.1636245
45911,0.14540124,0.14932124
45912,0.6484817,0.9038738
45913,0.015589727,0.0411069
45914,0.11262685,0.19307989
45915,0.36877978,0.9719517
45916,0.15613577,0.27354673
45917,0.40496793,0.85757947
45918,0.04664511,0.04665144
45919,0.095298655,0.0416848
45920,0.2622878,0.2881869
45921,0.5086834,0.6104374
45922,0.075962625,0.2863744
45923,0.059960984,0.08140929
45924,0.17819132,0.8040612
45925,0.71616596,0.8214182
45926,0.105678976,0.16350242
45927,0.21361212,0.27974543
45928,0.83717716,0.9615763
45929,0.62862515,0.7542718
45930,0.072981656,0.62430686
45931,0.38108045,0.6113055
45932,0.043570306,0.23401718
45933,0.16337293,0.15994184
45934,0.19196825,0.43395928
45935,0.12201877,0.32956818
45936,0.20959133,0.7645623
45937,0.080596566,0.56812567
45938,0.1824665,0.61938405
45939,0.14515787,0.31012648
45940,0.056391608,0.67055035
45941,0.039104648,0.10837598
45942,0.11402213,0.11015678
45943,0.17515808,0.7270423
45944,0.031651262,0.037997637
45945,0.7119239,0.94333684
45946,0.14296354,0.20172782
45947,0.20199217,0.84968925
45948,0.6238824,0.95759994
45949,0.06668778,0.166841
45950,0.5969237,0.45386466
45951,0.10129462,0.3985184
45952,0.175519,0.79985464
45953,0.07426823,0.061168764
45954,0.31146255,0.48613814
45955,0.076800786,0.7246531
45956,0.5724085,0.87988156
45957,0.15612361,0.91992503
45958,0.9065555,0.90942866
45959,0.087449916,0.9580092
45960,0.1714171,0.608232
45961,0.82380354,0.87623775
45962,0.13594395,0.69842875
45963,0.04965355,0.16663143
45964,0.23013963,0.39306417
45965,0.10567031,0.059715282
45966,0.04660912,0.14511977
45967,0.18914138,0.5825906
45968,0.2843027,0.5643227
45969,0.14349616,0.7205592
45970,0.28741089,0.8760737
45971,0.5120015,0.8506797
45972,0.06926163,0.68026716
45973,0.09147569,0.3567532
45974,0.2160002,0.24036616
45975,0.37719667,0.71796995
45976,0.0983673,0.052808918
45977,0.8397852,0.80989844
45978,0.046652727,0.05709595
45979,0.12567176,0.30575633
45980,0.52556115,0.22938676
45981,0.73383754,0.6696052
45982,0.651096,0.7642461
45983,0.04718731,0.27599427
45984,0.103896126,0.27905965
45985,0.82987064,0.90866953
45986,0.89407283,0.94583374
45987,0.051986884,0.05170709
45988,0.061290435,0.71834385
45989,0.16433342,0.4847827
45990,0.03422041,0.12471749
45991,0.1840671,0.89705724
45992,0.03909519,0.12305818
45993,0.87711585,0.92742115
45994,0.10524151,0.8250847
45995,0.31252813,0.646052
45996,0.15921037,0.13122381
45997,0.7239631,0.8916514
45998,0.92627114,0.97360605
45999,0.19224684,0.819115
46000,0.46422768,0.42742765
46001,0.201792,0.13268092
46002,0.06678388,0.13054536
46003,0.123396985,0.16102402
46004,0.23561509,0.4509721
46005,0.08594133,0.7698406
46006,0.08461688,0.81364775
46007,0.680518,0.84877765
46008,0.25968936,0.12354831
46009,0.11551252,0.4926153
46010,0.31109187,0.32814562
46011,0.34035325,0.89432716
46012,0.20486723,0.37076747
46013,0.12590261,0.18361434
46014,0.16103692,0.12746494
46015,0.07735904,0.57963127
46016,0.12557942,0.86495304
46017,0.06605938,0.3236644
46018,0.4626469,0.5529955
46019,0.33879572,0.5800533
46020,0.07378007,0.19870572
46021,0.15215692,0.3176015
46022,0.34041196,0.64993316
46023,0.11391137,0.8429708
46024,0.09838006,0.5529287
46025,0.14280659,0.8925632
46026,0.3091857,0.4926036
46027,0.27041224,0.32486582
46028,0.05212475,0.49895498
46029,0.068401195,0.13808332
46030,0.38878927,0.5199445
46031,0.03841675,0.21708754
46032,0.7151838,0.2954084
46033,0.40164423,0.69257957
46034,0.09498464,0.7165183
46035,0.04092762,0.20553169
46036,0.061651,0.14044347
46037,0.034606863,0.060125183
46038,0.3150918,0.1966316
46039,0.05941843,0.16616563
46040,0.11952126,0.7952875
46041,0.046860173,0.19394931
46042,0.028002424,0.032123376
46043,0.77104765,0.8233867
46044,0.4554714,0.5262497
46045,0.05670482,0.44073954
46046,0.061757054,0.09935183
46047,0.71179163,0.73867446
46048,0.26901966,0.24959505
46049,0.22842999,0.7109026
46050,0.5412763,0.80345505
46051,0.04966263,0.14741245
46052,0.87226814,0.9692849
46053,0.054404177,0.8823897
46054,0.8143553,0.94300747
46055,0.113989055,0.13667399
46056,0.4372824,0.46307668
46057,0.03324716,0.1347169
46058,0.08657728,0.30614534
46059,0.8184274,0.9823062
46060,0.19258216,0.49365544
46061,0.026655018,0.03989331
46062,0.07318632,0.54305035
46063,0.071955785,0.75054646
46064,0.05204286,0.10199853
46065,0.0683592,0.14351508
46066,0.050333414,0.9531229
46067,0.06721569,0.74917424
46068,0.42429486,0.6784712
46069,0.18273294,0.3834352
46070,0.15767166,0.09856655
46071,0.09896361,0.49455708
46072,0.5452859,0.37836644
46073,0.14676908,0.28112558
46074,0.25625497,0.9035384
46075,0.058566846,0.101694554
46076,0.07130367,0.13104928
46077,0.12785009,0.13600394
46078,0.052069437,0.0894729
46079,0.45514658,0.3450477
46080,0.047446817,0.2860879
46081,0.24773885,0.63980174
46082,0.083703004,0.27313894
46083,0.06609721,0.05839712
46084,0.52653587,0.9521363
46085,0.20998882,0.36342508
46086,0.13155131,0.86156166
46087,0.09151114,0.122468814
46088,0.09139638,0.13379589
46089,0.22865248,0.8000428
46090,0.019009743,0.007083431
46091,0.8765273,0.94044703
46092,0.3087851,0.6703836
46093,0.06845361,0.17729147
46094,0.1247078,0.0769398
46095,0.2684625,0.9288556
46096,0.07028108,0.29331523
46097,0.028731251,0.038830187
46098,0.20097199,0.5736883
46099,0.24424696,0.475023
46100,0.6863247,0.5306738
46101,0.04876829,0.03932075
46102,0.11734191,0.37048036
46103,0.469125,0.5083961
46104,0.20654674,0.7319568
46105,0.062737584,0.3131601
46106,0.098616496,0.90263873
46107,0.6243801,0.8123325
46108,0.10095338,0.22392121
46109,0.11654608,0.22613958
46110,0.08043783,0.29625627
46111,0.847842,0.89153767
46112,0.1600648,0.4714041
46113,0.01672293,0.036802802
46114,0.13406008,0.9359221
46115,0.51197785,0.78874105
46116,0.013543764,0.0430196
46117,0.14248888,0.1624901
46118,0.083144985,0.95903134
46119,0.23359977,0.91747344
46120,0.116540134,0.6159546
46121,0.5713669,0.3592109
46122,0.02783246,0.06845821
46123,0.03955967,0.20704947
46124,0.057919633,0.037028767
46125,0.17263757,0.5475885
46126,0.14168419,0.9336819
46127,0.33662432,0.6931953
46128,0.76102304,0.91975236
46129,0.34914315,0.4506066
46130,0.037227027,0.047748394
46131,0.097972095,0.7154661
46132,0.025445009,0.12705588
46133,0.17249383,0.34817418
46134,0.07013552,0.71377873
46135,0.14795905,0.068245925
46136,0.057806313,0.7730447
46137,0.4662101,0.91274804
46138,0.11156025,0.08557011
46139,0.055022813,0.18841423
46140,0.8261739,0.93125373
46141,0.11484309,0.68679863
46142,0.53558856,0.36836234
46143,0.15080072,0.2655984
46144,0.16183591,0.5703343
46145,0.03277528,0.05263456
46146,0.08522056,0.34846365
46147,0.15425497,0.38555485
46148,0.85209614,0.92574215
46149,0.09372111,0.900372
46150,0.513128,0.7921107
46151,0.03214881,0.019708848
46152,0.07964489,0.21107422
46153,0.1013519,0.4978549
46154,0.17458867,0.25626317
46155,0.7878181,0.84993845
46156,0.06854465,0.22715877
46157,0.098747484,0.07747166
46158,0.5391527,0.422236
46159,0.6615203,0.29921022
46160,0.19026515,0.91613734
46161,0.049693327,0.1271637
46162,0.07871706,0.6010757
46163,0.07609765,0.07854278
46164,0.111556634,0.085849695
46165,0.21240854,0.30230328
46166,0.103404485,0.23509064
46167,0.6287479,0.8645393
46168,0.077740215,0.24046986
46169,0.085245654,0.37182993
46170,0.70867074,0.88378584
46171,0.7328903,0.73155934
46172,0.06867717,0.12817344
46173,0.054804917,0.099373385
46174,0.15291922,0.35625824
46175,0.4022081,0.6900116
46176,0.11714042,0.17523861
46177,0.2205292,0.17696445
46178,0.72881943,0.15827222
46179,0.30602878,0.84743977
46180,0.04123587,0.09737026
46181,0.1478707,0.17469856
46182,0.089401856,0.94655627
46183,0.3248432,0.64031684
46184,0.0983611,0.23017175
46185,0.50242823,0.8552853
46186,0.4626171,0.7264997
46187,0.15720381,0.57355326
46188,0.23329341,0.5208919
46189,0.097990125,0.22353701
46190,0.056088503,0.36419213
46191,0.22357325,0.35395467
46192,0.06373399,0.54411125
46193,0.69298244,0.82241
46194,0.5803185,0.6851696
46195,0.05992756,0.13209753
46196,0.09499339,0.4943335
46197,0.06174488,0.8145717
46198,0.74553484,0.938323
46199,0.09830267,0.27837336
46200,0.021619104,0.10330819
46201,0.6298238,0.73927444
46202,0.113881096,0.60546285
46203,0.09030316,0.3250123
46204,0.29342788,0.48152176
46205,0.13171831,0.14747952
46206,0.13059904,0.43481675
46207,0.28431877,0.7971704
46208,0.067123525,0.79593945
46209,0.05589207,0.097824425
46210,0.067294955,0.23422408
46211,0.03722044,0.04298878
46212,0.09998205,0.19391628
46213,0.18610373,0.17279507
46214,0.15014435,0.8244834
46215,0.06688547,0.69472224
46216,0.04347564,0.5121052
46217,0.11420563,0.19482026
46218,0.07922339,0.2599646
46219,0.08867243,0.794412
46220,0.17040914,0.48372427
46221,0.05121219,0.14265
46222,0.050361525,0.21411178
46223,0.110256776,0.33054778
46224,0.06682307,0.13404092
46225,0.7312697,0.88740516
46226,0.08109043,0.23034362
46227,0.059376396,0.113052264
46228,0.1971612,0.80298185
46229,0.13039431,0.69432795
46230,0.018924432,0.095313914
46231,0.28085965,0.8953247
46232,0.055359084,0.057505306
46233,0.08281735,0.31989986
46234,0.1885346,0.49507383
46235,0.5317562,0.92670894
46236,0.26688215,0.5626479
46237,0.6643963,0.855594
46238,0.4958906,0.7327991
46239,0.55704504,0.6785624
46240,0.29793626,0.7092529
46241,0.055762377,0.2414829
46242,0.04638763,0.049185395
46243,0.03669863,0.10065901
46244,0.15001275,0.45592967
46245,0.38467798,0.10835842
46246,0.29644185,0.18244623
46247,0.08370666,0.4958609
46248,0.073555574,0.11705397
46249,0.076607354,0.29937294
46250,0.28592667,0.3680568
46251,0.6210114,0.29345942
46252,0.3611014,0.5264097
46253,0.089326166,0.75911295
46254,0.06846705,0.29375756
46255,0.03970408,0.5219039
46256,0.052965626,0.65576816
46257,0.43987307,0.5442085
46258,0.09988198,0.6850726
46259,0.18243854,0.26363423
46260,0.107446626,0.321968
46261,0.502222,0.26861176
46262,0.7632125,0.87214136
46263,0.23528539,0.71399176
46264,0.059831623,0.9167252
46265,0.73737,0.8311408
46266,0.19626203,0.4068044
46267,0.2779323,0.95983064
46268,0.13453704,0.72862595
46269,0.035922278,0.53913385
46270,0.06012335,0.22322723
46271,0.19537678,0.37280738
46272,0.07919322,0.11314956
46273,0.057933208,0.041707832
46274,0.8099416,0.727633
46275,0.04802973,0.3256123
46276,0.23089965,0.17194213
46277,0.45701525,0.16946258
46278,0.16533539,0.27486265
46279,0.15792808,0.8171891
46280,0.027528286,0.03550679
46281,0.36369842,0.9478758
46282,0.3215445,0.15312958
46283,0.07112812,0.3553738
46284,0.10137974,0.081704974
46285,0.6207264,0.42306307
46286,0.20664874,0.73406774
46287,0.16463678,0.49962696
46288,0.020220697,0.019467177
46289,0.13335049,0.30492702
46290,0.117911726,0.62152296
46291,0.1353576,0.13128963
46292,0.07978705,0.19507155
46293,0.112694,0.33331788
46294,0.11294474,0.79248023
46295,0.5651799,0.618544
46296,0.5913356,0.5745676
46297,0.0803481,0.15553258
46298,0.086548366,0.0926957
46299,0.8230601,0.94853956
46300,0.22116792,0.39552253
46301,0.25450996,0.7874464
46302,0.04343835,0.6562576
46303,0.04870554,0.1068503
46304,0.5229596,0.8724575
46305,0.10445533,0.10986022
46306,0.02422219,0.0389151
46307,0.039782524,0.08708612
46308,0.17146485,0.051811114
46309,0.77659875,0.9277803
46310,0.057431623,0.030067002
46311,0.6392211,0.91026014
46312,0.044789113,0.764717
46313,0.02220585,0.0282973
46314,0.12501244,0.85892785
46315,0.83634675,0.9382925
46316,0.46149826,0.12432831
46317,0.11748099,0.039366726
46318,0.027918084,0.015288197
46319,0.044934895,0.55378693
46320,0.40095904,0.20426166
46321,0.033511255,0.090743676
46322,0.039212186,0.03738027
46323,0.2755046,0.7354163
46324,0.08255365,0.5473231
46325,0.03030184,0.29935008
46326,0.09024918,0.68498987
46327,0.041414525,0.027009614
46328,0.059439756,0.07410914
46329,0.6866065,0.8389082
46330,0.08243917,0.16512002
46331,0.14667308,0.9519228
46332,0.23529655,0.7511275
46333,0.2575393,0.57884324
46334,0.037940435,0.07795106
46335,0.14041199,0.717461
46336,0.44508633,0.75838274
46337,0.049580283,0.092644095
46338,0.2570765,0.2375832
46339,0.67780286,0.8737948
46340,0.830323,0.9107262
46341,0.116307825,0.17530358
46342,0.13476625,0.69369626
46343,0.066843316,0.32207525
46344,0.69100565,0.9080568
46345,0.027505675,0.04770093
46346,0.7037957,0.31441626
46347,0.07688163,0.46057302
46348,0.5866852,0.9273438
46349,0.7802574,0.6009899
46350,0.12856777,0.0838027
46351,0.085638516,0.23481208
46352,0.051196285,0.129766
46353,0.86188114,0.9591308
46354,0.4066963,0.5917381
46355,0.13439023,0.5160952
46356,0.11492128,0.5197069
46357,0.11157089,0.7663571
46358,0.081850424,0.12993936
46359,0.18522139,0.3690413
46360,0.036453992,0.061134428
46361,0.644925,0.76400054
46362,0.107645564,0.36388752
46363,0.55101633,0.82446927
46364,0.061665103,0.93941355
46365,0.09943728,0.24208452
46366,0.21357353,0.6802977
46367,0.019996777,0.13803215
46368,0.23237883,0.4529033
46369,0.8416992,0.7336379
46370,0.348007,0.9248634
46371,0.02511846,0.04542136
46372,0.067025416,0.043802988
46373,0.1552085,0.51098347
46374,0.097609505,0.48540747
46375,0.057961255,0.090736315
46376,0.072024144,0.25505227
46377,0.88108855,0.95555663
46378,0.26004043,0.78191406
46379,0.044271123,0.11873577
46380,0.049369853,0.07241656
46381,0.075890645,0.16810147
46382,0.04820633,0.032814696
46383,0.8424862,0.9472359
46384,0.6187445,0.40638757
46385,0.12817933,0.35154203
46386,0.22110564,0.78983074
46387,0.18178533,0.39676362
46388,0.38370234,0.48985007
46389,0.4140943,0.3105361
46390,0.061297778,0.41013086
46391,0.053818617,0.5530243
46392,0.048303027,0.032228995
46393,0.6829643,0.83958715
46394,0.6338883,0.90946096
46395,0.07625072,0.7470583
46396,0.25277975,0.57080394
46397,0.18479133,0.889373
46398,0.08848562,0.3614725
46399,0.38893056,0.9202303
46400,0.48938078,0.7270698
46401,0.12591875,0.61722004
46402,0.40886924,0.5636116
46403,0.74015725,0.8596022
46404,0.44587934,0.8668419
46405,0.7515198,0.93033725
46406,0.031841513,0.01935051
46407,0.2186019,0.7440639
46408,0.20019536,0.5744021
46409,0.032394372,0.8267848
46410,0.059640847,0.11595085
46411,0.27319714,0.4401044
46412,0.03942713,0.1572587
46413,0.38288116,0.40619913
46414,0.014467148,0.015761169
46415,0.051123433,0.21802455
46416,0.19223554,0.81893283
46417,0.016262572,0.051441878
46418,0.059613388,0.67939705
46419,0.045418598,0.54193014
46420,0.03335444,0.065912776
46421,0.40253925,0.77724487
46422,0.8465295,0.7744419
46423,0.056507092,0.7462736
46424,0.114583716,0.12756132
46425,0.8665319,0.9744942
46426,0.55361146,0.5581177
46427,0.081329614,0.27990714
46428,0.09792037,0.5375659
46429,0.18524274,0.38062146
46430,0.08119927,0.15740706
46431,0.031060467,0.077110216
46432,0.6620912,0.90760565
46433,0.25728762,0.24127077
46434,0.53921396,0.89124215
46435,0.07025124,0.5563301
46436,0.043650337,0.09873371
46437,0.111311,0.34390575
46438,0.5907403,0.7099311
46439,0.33195984,0.34004802
46440,0.04649743,0.25709704
46441,0.045496754,0.07142731
46442,0.55463713,0.8119584
46443,0.144615,0.89422685
46444,0.05641959,0.03639397
46445,0.16158418,0.4309885
46446,0.14186431,0.09229632
46447,0.09537049,0.23293085
46448,0.08721771,0.66166955
46449,0.03688571,0.11489365
46450,0.09708598,0.20816769
46451,0.30304378,0.19837922
46452,0.56300277,0.448321
46453,0.06884796,0.18210761
46454,0.048978377,0.031783845
46455,0.08018216,0.06883251
46456,0.037828263,0.42195907
46457,0.35645905,0.38170677
46458,0.22954138,0.96101165
46459,0.20363532,0.5470227
46460,0.62675405,0.88100517
46461,0.35624853,0.6041259
46462,0.06685832,0.6938622
46463,0.29825193,0.4064374
46464,0.061377693,0.41201892
46465,0.31105465,0.21330824
46466,0.17574547,0.6553425
46467,0.48340955,0.54485357
46468,0.027422361,0.024114944
46469,0.06883862,0.2557719
46470,0.14941177,0.8933022
46471,0.104927346,0.44189
46472,0.052065823,0.24959306
46473,0.88263196,0.9557929
46474,0.7164318,0.84165764
46475,0.12185631,0.68842036
46476,0.86067086,0.9484124
46477,0.44826502,0.77789825
46478,0.69652164,0.8388116
46479,0.45794573,0.95103985
46480,0.03846618,0.49802604
46481,0.10964494,0.1959295
46482,0.08163288,0.36390078
46483,0.032203775,0.19572602
46484,0.053169504,0.30491453
46485,0.045654383,0.07651234
46486,0.5276684,0.96424407
46487,0.13848394,0.15456384
46488,0.07792222,0.25283054
46489,0.039554518,0.118953116
46490,0.035855614,0.11537503
46491,0.22671147,0.11411068
46492,0.43392974,0.67225254
46493,0.039233178,0.15529723
46494,0.02975052,0.030518042
46495,0.12952149,0.63267654
46496,0.070855476,0.055459987
46497,0.17417812,0.10309901
46498,0.027082555,0.020843333
46499,0.1541913,0.35312533
46500,0.72304076,0.6048079
46501,0.38161188,0.588029
46502,0.053235892,0.12351155
46503,0.115769446,0.05268242
46504,0.10484547,0.4374942
46505,0.37095004,0.4190061
46506,0.108668335,0.058019668
46507,0.2197387,0.54323626
46508,0.045715876,0.06074373
46509,0.34433213,0.12181458
46510,0.04797609,0.26446226
46511,0.045089003,0.92971164
46512,0.03999218,0.8407808
46513,0.11964506,0.4743401
46514,0.91523755,0.94196075
46515,0.22133413,0.8407412
46516,0.314856,0.435048
46517,0.23985407,0.8351164
46518,0.20365429,0.7557103
46519,0.093250655,0.61766016
46520,0.032363188,0.081829175
46521,0.09536836,0.83368
46522,0.102872044,0.38455144
46523,0.1314886,0.90083325
46524,0.0780724,0.6478817
46525,0.14210196,0.87997454
46526,0.07217965,0.14133419
46527,0.6071877,0.79864424
46528,0.49131563,0.45534986
46529,0.09870402,0.33986518
46530,0.83918554,0.9468445
46531,0.3044024,0.7549646
46532,0.610372,0.26073197
46533,0.18394646,0.08876564
46534,0.19080304,0.8523572
46535,0.19758068,0.2028933
46536,0.41626924,0.8192282
46537,0.052541576,0.12995295
46538,0.014936243,0.05291591
46539,0.1185289,0.16921316
46540,0.23882212,0.6390412
46541,0.050960477,0.06334521
46542,0.056640998,0.92168784
46543,0.17829652,0.19545254
46544,0.44305506,0.91016245
46545,0.46493468,0.67193604
46546,0.1164565,0.22427687
46547,0.59813976,0.8987582
46548,0.17114593,0.9313283
46549,0.28330153,0.8780897
46550,0.052576624,0.10702737
46551,0.24148786,0.49898
46552,0.09766906,0.6530168
46553,0.14911225,0.2854863
46554,0.51503694,0.48301253
46555,0.06038865,0.22263566
46556,0.4284264,0.59991914
46557,0.04600019,0.028518168
46558,0.2807684,0.45333838
46559,0.09537219,0.3330848
46560,0.05872399,0.06721936
46561,0.16538303,0.22107226
46562,0.09847449,0.96294194
46563,0.7973868,0.93178314
46564,0.41888794,0.7011432
46565,0.30260953,0.17425725
46566,0.19869654,0.22240892
46567,0.07388712,0.05809926
46568,0.8951455,0.9749996
46569,0.034833636,0.04954403
46570,0.0680906,0.081039116
46571,0.049376667,0.8866196
46572,0.18453272,0.13133393
46573,0.122896925,0.8226797
46574,0.08653059,0.41816488
46575,0.0463146,0.06954039
46576,0.20853484,0.6246197
46577,0.038535103,0.1703993
46578,0.107651524,0.79895645
46579,0.48156667,0.7649836
46580,0.1688306,0.59583735
46581,0.07071394,0.6861865
46582,0.096128836,0.14907654
46583,0.10151737,0.64580977
46584,0.046492096,0.2828574
46585,0.043351956,0.041135047
46586,0.24752323,0.81945294
46587,0.26855898,0.81339264
46588,0.08136054,0.06764784
46589,0.03836114,0.020345798
46590,0.5037928,0.8132978
46591,0.2866356,0.37719175
46592,0.14498782,0.76537836
46593,0.054709364,0.09989687
46594,0.10658314,0.50057304
46595,0.15456542,0.06387229
46596,0.8136839,0.9323448
46597,0.7562092,0.7743776
46598,0.07576557,0.8441674
46599,0.08109416,0.45138523
46600,0.09617562,0.2560261
46601,0.06310129,0.10104851
46602,0.46330902,0.96032405
46603,0.074008934,0.57290107
46604,0.12468982,0.18960103
46605,0.23148991,0.25555673
46606,0.04843841,0.4874159
46607,0.24827066,0.38782284
46608,0.036576036,0.11269369
46609,0.07834333,0.52516824
46610,0.49992806,0.5700176
46611,0.10378863,0.15650178
46612,0.05384604,0.08549187
46613,0.057509974,0.697083
46614,0.0565177,0.9262674
46615,0.47644565,0.5849368
46616,0.039203234,0.064152904
46617,0.2666156,0.5784215
46618,0.6918959,0.32620412
46619,0.07174913,0.23332007
46620,0.14468238,0.14654893
46621,0.023298308,0.09239923
46622,0.7030993,0.8383508
46623,0.23830512,0.36964765
46624,0.104291454,0.35018146
46625,0.02891516,0.02389404
46626,0.7806725,0.81256443
46627,0.44911578,0.07101488
46628,0.10986718,0.20391175
46629,0.25650215,0.41208652
46630,0.52576375,0.5760313
46631,0.08646904,0.6444957
46632,0.07509648,0.9271524
46633,0.06267434,0.10433649
46634,0.035758156,0.85240936
46635,0.8645243,0.79429406
46636,0.034133825,0.090905465
46637,0.10852074,0.2793068
46638,0.017351761,0.030895429
46639,0.094575144,0.41959673
46640,0.6379744,0.8293277
46641,0.062819816,0.95778996
46642,0.3987399,0.48441598
46643,0.12242114,0.33962443
46644,0.022925178,0.030880397
46645,0.619417,0.88666403
46646,0.17402169,0.42974266
46647,0.20638089,0.68655735
46648,0.5433729,0.6549017
46649,0.048379794,0.12867352
46650,0.26365763,0.35082886
46651,0.023520341,0.03015529
46652,0.033261083,0.07123083
46653,0.03655545,0.22037032
46654,0.7180175,0.29135868
46655,0.089433886,0.112890735
46656,0.16040872,0.52372223
46657,0.050256863,0.33199763
46658,0.117628,0.8740036
46659,0.13620974,0.22316594
46660,0.0405258,0.45561835
46661,0.085400485,0.24758492
46662,0.028313922,0.04167976
46663,0.31806958,0.2574355
46664,0.10761015,0.75745404
46665,0.094731316,0.88968825
46666,0.14649911,0.25736994
46667,0.21525955,0.7815974
46668,0.1375883,0.04644653
46669,0.06510479,0.15795037
46670,0.30214354,0.5389949
46671,0.62380296,0.92772794
46672,0.1734609,0.5256182
46673,0.059741642,0.7961044
46674,0.05534473,0.19319724
46675,0.024748854,0.041426726
46676,0.06149632,0.1570448
46677,0.054907154,0.27098706
46678,0.3090496,0.2614842
46679,0.9393068,0.98110044
46680,0.032515112,0.045137204
46681,0.30553317,0.18548392
46682,0.8074938,0.98384225
46683,0.10407025,0.1309752
46684,0.049276724,0.2456912
46685,0.43877035,0.8049216
46686,0.20920579,0.18833092
46687,0.10526122,0.3460186
46688,0.13498029,0.4810327
46689,0.057908047,0.15392101
46690,0.8479378,0.9650945
46691,0.07634764,0.27350616
46692,0.27096677,0.6435454
46693,0.06699324,0.10348875
46694,0.072824575,0.12032364
46695,0.039762538,0.32633924
46696,0.1548203,0.6850565
46697,0.2182098,0.076261364
46698,0.11025004,0.74314994
46699,0.0775912,0.94249195
46700,0.48454693,0.45260754
46701,0.07412403,0.90299106
46702,0.13652241,0.14057009
46703,0.589759,0.72122145
46704,0.45844916,0.54932666
46705,0.8256488,0.94690233
46706,0.07455274,0.8225851
46707,0.14792077,0.22273703
46708,0.09790178,0.6450596
46709,0.231782,0.089224935
46710,0.12248799,0.18874684
46711,0.17383868,0.78857887
46712,0.16115448,0.5473804
46713,0.028481241,0.079543136
46714,0.047478076,0.4294621
46715,0.66070867,0.9018256
46716,0.25036103,0.32790565
46717,0.19986899,0.47815517
46718,0.22611822,0.69485366
46719,0.032545242,0.28079444
46720,0.056886986,0.03317044
46721,0.087797485,0.71709436
46722,0.02705871,0.0467608
46723,0.03651598,0.48145655
46724,0.07435128,0.08134332
46725,0.46747553,0.30988276
46726,0.73141164,0.69154847
46727,0.057572164,0.03147913
46728,0.17293625,0.27174318
46729,0.14062075,0.3145608
46730,0.07023152,0.11849702
46731,0.13688052,0.41224012
46732,0.16884163,0.24584278
46733,0.01695447,0.048575487
46734,0.07530575,0.6056367
46735,0.08105645,0.047251835
46736,0.03936648,0.082946435
46737,0.02487514,0.037928116
46738,0.66536576,0.8346485
46739,0.7613057,0.7386612
46740,0.09340206,0.8622983
46741,0.25552344,0.45287535
46742,0.07844274,0.837141
46743,0.5633394,0.80983895
46744,0.027155157,0.8439045
46745,0.5825192,0.6189182
46746,0.09489235,0.22327988
46747,0.5507145,0.08825733
46748,0.03022441,0.24470095
46749,0.023131888,0.044639625
46750,0.11637618,0.6424736
46751,0.2747305,0.2894754
46752,0.19062248,0.71751803
46753,0.19909059,0.12936644
46754,0.16291794,0.6880566
46755,0.20605408,0.22581019
46756,0.38243544,0.55792665
46757,0.7572514,0.8005021
46758,0.0949361,0.29132214
46759,0.03332296,0.06703788
46760,0.27634382,0.30765355
46761,0.014998952,0.049323402
46762,0.0581226,0.04822968
46763,0.7180995,0.5103745
46764,0.06707826,0.17523968
46765,0.15484491,0.12251786
46766,0.06110755,0.80435985
46767,0.38505217,0.64960015
46768,0.08984994,0.20164505
46769,0.19522034,0.32504493
46770,0.5418998,0.9155194
46771,0.09643223,0.45486942
46772,0.02628535,0.085766844
46773,0.015354444,0.048806418
46774,0.13916297,0.34370235
46775,0.06366749,0.36973864
46776,0.62375647,0.7123087
46777,0.34603295,0.6391488
46778,0.08017855,0.5386194
46779,0.17423812,0.53551394
46780,0.4733876,0.42344192
46781,0.7149932,0.91244906
46782,0.08004848,0.8847592
46783,0.13359475,0.19837148
46784,0.08221664,0.13848771
46785,0.06494107,0.03529675
46786,0.05948983,0.3096673
46787,0.20540136,0.22190523
46788,0.4407073,0.773326
46789,0.0592294,0.8503455
46790,0.31139573,0.426902
46791,0.04938837,0.081244834
46792,0.094348855,0.49900758
46793,0.020649258,0.6273626
46794,0.09231611,0.25208104
46795,0.478355,0.60878223
46796,0.09424272,0.5428962
46797,0.14133587,0.68218523
46798,0.05963143,0.11228229
46799,0.73997736,0.6877569
46800,0.76736313,0.52366614
46801,0.27656782,0.7089516
46802,0.12066888,0.625527
46803,0.6591666,0.8079707
46804,0.0770968,0.63524324
46805,0.091699734,0.2187711
46806,0.13559355,0.17072724
46807,0.670145,0.8194326
46808,0.054144688,0.059486646
46809,0.85003716,0.27589777
46810,0.1334592,0.21561809
46811,0.19687574,0.6828676
46812,0.050214943,0.6244729
46813,0.054721437,0.102625005
46814,0.20507717,0.36667725
46815,0.08084308,0.61717665
46816,0.08020831,0.9027521
46817,0.108495004,0.10719113
46818,0.07197185,0.16945581
46819,0.058415018,0.11856285
46820,0.04962842,0.8068327
46821,0.057787187,0.08107833
46822,0.50617284,0.87546706
46823,0.027766742,0.0721573
46824,0.03773461,0.118670836
46825,0.051605046,0.3099869
46826,0.22234872,0.55752397
46827,0.039414175,0.27128023
46828,0.055107087,0.29747632
46829,0.061571922,0.24740352
46830,0.25371203,0.538034
46831,0.061366256,0.79888463
46832,0.4226383,0.6465033
46833,0.073442936,0.11035613
46834,0.6469384,0.651061
46835,0.5502184,0.9120426
46836,0.08518508,0.619025
46837,0.06359096,0.5375395
46838,0.3415335,0.30239755
46839,0.06942431,0.9452671
46840,0.4916978,0.5744449
46841,0.03002329,0.09176773
46842,0.12358435,0.37351203
46843,0.12281146,0.093212806
46844,0.10102993,0.6061037
46845,0.12624727,0.66442347
46846,0.18400392,0.49389157
46847,0.6886201,0.75352424
46848,0.19125924,0.10730307
46849,0.10979543,0.092507206
46850,0.56131536,0.48089415
46851,0.5555966,0.92237616
46852,0.16697504,0.86357784
46853,0.11970617,0.05367184
46854,0.05457026,0.094112374
46855,0.04607145,0.6812062
46856,0.20808882,0.28277954
46857,0.05847301,0.38433364
46858,0.09457646,0.087747015
46859,0.08910667,0.1904732
46860,0.19490959,0.88251084
46861,0.13011843,0.25777853
46862,0.08451631,0.054578483
46863,0.096251935,0.29298523
46864,0.023572791,0.04663239
46865,0.32043877,0.2579033
46866,0.16227007,0.110721335
46867,0.115808345,0.30960885
46868,0.56210095,0.78439397
46869,0.03167356,0.5985965
46870,0.16467507,0.37811288
46871,0.12334676,0.65824735
46872,0.039563704,0.04530149
46873,0.056821506,0.4393047
46874,0.06232051,0.07283564
46875,0.43870288,0.62467706
46876,0.08437266,0.7000679
46877,0.032682132,0.028603958
46878,0.039525364,0.09753345
46879,0.79984,0.95020527
46880,0.23739095,0.4648249
46881,0.34223264,0.20817848
46882,0.10247222,0.63831216
46883,0.073812105,0.20769304
46884,0.037484508,0.06974088
46885,0.03446037,0.03152347
46886,0.06874694,0.30875465
46887,0.113503575,0.31735292
46888,0.55085945,0.6266261
46889,0.114737086,0.7580901
46890,0.08929368,0.20077762
46891,0.041981917,0.1600229
46892,0.8442138,0.8516979
46893,0.049187925,0.1119298
46894,0.08198993,0.09889995
46895,0.2767503,0.93399656
46896,0.07200592,0.1465863
46897,0.72010356,0.3951879
46898,0.46222103,0.76765573
46899,0.11042269,0.74860525
46900,0.31637806,0.08653494
46901,0.08573299,0.21105987
46902,0.14472218,0.82950824
46903,0.76012075,0.8747672
46904,0.059891194,0.115239225
46905,0.039548226,0.3826263
46906,0.11228711,0.22249109
46907,0.052424103,0.09175098
46908,0.07559292,0.3082908
46909,0.06985103,0.8075974
46910,0.15129273,0.9210077
46911,0.086726725,0.23219302
46912,0.034200992,0.6195624
46913,0.109124295,0.7488302
46914,0.24750015,0.36179033
46915,0.45201865,0.10573966
46916,0.027997995,0.29727998
46917,0.26499757,0.22251703
46918,0.039031558,0.093729265
46919,0.091155075,0.7950092
46920,0.20338434,0.8124713
46921,0.17839004,0.13166294
46922,0.05688234,0.027107287
46923,0.053370483,0.16350667
46924,0.05946536,0.45310795
46925,0.08097206,0.13320492
46926,0.179964,0.87387156
46927,0.04865425,0.057127573
46928,0.06556149,0.96279216
46929,0.15996878,0.7237036
46930,0.1277903,0.5090674
46931,0.05527679,0.8964856
46932,0.23360357,0.6635563
46933,0.45200107,0.7532535
46934,0.078317754,0.15811425
46935,0.17901585,0.57377213
46936,0.14796792,0.35710573
46937,0.084206104,0.13118057
46938,0.04483044,0.03972587
46939,0.4234862,0.8197296
46940,0.037622746,0.066386946
46941,0.123808846,0.8814647
46942,0.16674578,0.24517994
46943,0.5526601,0.7817741
46944,0.5876639,0.9543325
46945,0.012985742,0.054249007
46946,0.080513366,0.5753248
46947,0.601997,0.79663014
46948,0.25941283,0.64511913
46949,0.040140998,0.23365735
46950,0.14552696,0.40961528
46951,0.036341306,0.18222243
46952,0.048294585,0.75552523
46953,0.47319266,0.25472307
46954,0.19180365,0.7112047
46955,0.033939432,0.049285486
46956,0.68432266,0.87361157
46957,0.57839614,0.668782
46958,0.5661521,0.7685235
46959,0.025338158,0.23525542
46960,0.034899954,0.0651175
46961,0.091322,0.32800183
46962,0.11957696,0.15681003
46963,0.35641423,0.3837083
46964,0.1364249,0.8204707
46965,0.1017575,0.6238628
46966,0.23909478,0.32051033
46967,0.1764919,0.2682584
46968,0.8208372,0.76401174
46969,0.045107197,0.17094868
46970,0.06802393,0.2515426
46971,0.26078355,0.12635493
46972,0.8396778,0.9027671
46973,0.41707158,0.124462865
46974,0.57058376,0.4568047
46975,0.0743753,0.86397123
46976,0.17240012,0.5689581
46977,0.0685791,0.6512763
46978,0.08370253,0.9302777
46979,0.024140615,0.018507883
46980,0.18474482,0.7617337
46981,0.022249376,0.16106154
46982,0.080927186,0.6210678
46983,0.017547332,0.13419485
46984,0.87775296,0.91496104
46985,0.28618607,0.35476252
46986,0.12615146,0.2518758
46987,0.13218184,0.49386215
46988,0.10057342,0.48976004
46989,0.14969914,0.47394642
46990,0.20102175,0.8049911
46991,0.3113942,0.91150314
46992,0.7676536,0.8101182
46993,0.108422644,0.119836435
46994,0.14223033,0.28827086
46995,0.07794929,0.23008275
46996,0.07967011,0.17416427
46997,0.052964225,0.104933485
46998,0.15796925,0.3125138
46999,0.105872266,0.7593552
47000,0.32459974,0.68460995
47001,0.08671118,0.23670712
47002,0.14574425,0.68626946
47003,0.028051903,0.05939056
47004,0.09324599,0.17998818
47005,0.12894058,0.2053485
47006,0.035235077,0.14705595
47007,0.038114894,0.067691594
47008,0.12693858,0.26615557
47009,0.10948968,0.91786
47010,0.06599435,0.43287078
47011,0.10167373,0.8496426
47012,0.07356801,0.511675
47013,0.3864581,0.49216858
47014,0.4175678,0.33724287
47015,0.18808348,0.5970278
47016,0.4484585,0.9194458
47017,0.07381386,0.37319458
47018,0.42293194,0.837854
47019,0.20380831,0.8694013
47020,0.11785842,0.08868367
47021,0.22371425,0.17598023
47022,0.03609922,0.58496994
47023,0.061449904,0.047565162
47024,0.08551893,0.09007529
47025,0.40918738,0.8650753
47026,0.072968625,0.7000237
47027,0.025967715,0.6428004
47028,0.13711786,0.09247148
47029,0.8225497,0.81537175
47030,0.055121776,0.8226069
47031,0.10260379,0.73031247
47032,0.33702004,0.9315248
47033,0.029659597,0.076239906
47034,0.32660672,0.17893226
47035,0.15756902,0.47045043
47036,0.09793103,0.22910462
47037,0.5141623,0.80025244
47038,0.03792171,0.086684436
47039,0.06014578,0.11711855
47040,0.34349933,0.77262825
47041,0.40004346,0.58032745
47042,0.03286941,0.041225195
47043,0.27232358,0.23000939
47044,0.07019807,0.13413103
47045,0.05654779,0.16300984
47046,0.028189018,0.047477838
47047,0.088962995,0.9083017
47048,0.4083592,0.75783324
47049,0.095605604,0.44801024
47050,0.21449703,0.3880294
47051,0.25075716,0.35594806
47052,0.5335024,0.9573548
47053,0.02282304,0.24025816
47054,0.15808402,0.21482608
47055,0.4576122,0.8539354
47056,0.64455086,0.58340216
47057,0.7654278,0.5364579
47058,0.34222385,0.34911594
47059,0.07214849,0.07624596
47060,0.24197893,0.539587
47061,0.13517547,0.25963676
47062,0.24503607,0.93749344
47063,0.17307222,0.39430973
47064,0.18580468,0.05989227
47065,0.38473853,0.3295842
47066,0.70122284,0.56291956
47067,0.07453956,0.0852535
47068,0.41906926,0.8620113
47069,0.22861274,0.26967806
47070,0.119252294,0.51542854
47071,0.8543037,0.83949137
47072,0.052947056,0.13344009
47073,0.25983468,0.14748077
47074,0.8144289,0.9040703
47075,0.5523478,0.5111052
47076,0.1279964,0.12914982
47077,0.1517601,0.14387468
47078,0.55779755,0.12624721
47079,0.029715955,0.03324357
47080,0.04211995,0.5698557
47081,0.012697325,0.04347583
47082,0.82131183,0.81131315
47083,0.069394775,0.20720667
47084,0.1261707,0.33339527
47085,0.6776738,0.78555536
47086,0.79026407,0.7833814
47087,0.0249374,0.6196267
47088,0.16970389,0.6573716
47089,0.15790555,0.4947196
47090,0.11091497,0.62321544
47091,0.1279118,0.094898455
47092,0.04666276,0.06774825
47093,0.1212029,0.6650247
47094,0.3424193,0.6479644
47095,0.5850897,0.93677926
47096,0.20144299,0.30182558
47097,0.06938513,0.07829881
47098,0.19446164,0.061966438
47099,0.06823092,0.179575
47100,0.19137752,0.43929836
47101,0.045944266,0.8712479
47102,0.05652072,0.11039852
47103,0.30251163,0.06528465
47104,0.0481158,0.22663936
47105,0.033100944,0.026128888
47106,0.045825955,0.20587365
47107,0.19326538,0.21478109
47108,0.03339589,0.048778787
47109,0.13342227,0.19771998
47110,0.24518326,0.69355816
47111,0.07288705,0.8079107
47112,0.19241177,0.37261856
47113,0.71454376,0.8569281
47114,0.076047584,0.10662608
47115,0.032833192,0.57138854
47116,0.10477243,0.060400702
47117,0.1254218,0.8142052
47118,0.11530621,0.75610155
47119,0.086900085,0.22164048
47120,0.034458045,0.088677935
47121,0.40234947,0.8489273
47122,0.09754362,0.8284584
47123,0.041623753,0.059893318
47124,0.1932083,0.5570943
47125,0.71254206,0.5819376
47126,0.07354586,0.06035954
47127,0.075379595,0.25762257
47128,0.4255346,0.95948887
47129,0.035289828,0.079346485
47130,0.12495312,0.10968794
47131,0.061155777,0.22630058
47132,0.33338463,0.94284934
47133,0.04234546,0.1075286
47134,0.051419977,0.62714785
47135,0.25699016,0.7231992
47136,0.36210245,0.6448336
47137,0.06677317,0.9527741
47138,0.6632012,0.6564276
47139,0.12295474,0.702169
47140,0.06943508,0.13498935
47141,0.09896861,0.9514736
47142,0.20826036,0.74454004
47143,0.09975021,0.03054341
47144,0.035934336,0.052010816
47145,0.11012907,0.20942585
47146,0.08262098,0.13797507
47147,0.06379919,0.19816439
47148,0.116039954,0.17428502
47149,0.2474699,0.60756946
47150,0.8015887,0.8266972
47151,0.35979342,0.7861152
47152,0.08948172,0.11524228
47153,0.06615858,0.03924131
47154,0.19711593,0.029183919
47155,0.04247868,0.48786974
47156,0.4766365,0.77364784
47157,0.4008984,0.5808015
47158,0.15606603,0.10303463
47159,0.75308466,0.8294247
47160,0.117441766,0.13974343
47161,0.09238925,0.50121266
47162,0.33100575,0.75356823
47163,0.08391137,0.22365044
47164,0.15679245,0.9252396
47165,0.046325922,0.016129527
47166,0.17363605,0.2924636
47167,0.29463822,0.13683976
47168,0.030087512,0.14449634
47169,0.13216084,0.20692252
47170,0.07255168,0.08377702
47171,0.2570763,0.33831358
47172,0.4485098,0.9186908
47173,0.149626,0.33894613
47174,0.035789844,0.10657479
47175,0.043384705,0.060505692
47176,0.11368729,0.16933638
47177,0.017126663,0.083070606
47178,0.25659037,0.5471771
47179,0.06265452,0.6941648
47180,0.4008761,0.49136207
47181,0.074198544,0.15127175
47182,0.03005706,0.075003766
47183,0.039099853,0.06580343
47184,0.06078173,0.20681201
47185,0.89118505,0.93258286
47186,0.3046493,0.95382136
47187,0.10967392,0.19262758
47188,0.0915072,0.41944206
47189,0.16350955,0.24077797
47190,0.049518663,0.92412657
47191,0.055651896,0.87047184
47192,0.12836064,0.20768073
47193,0.040713586,0.081247866
47194,0.5023005,0.82189
47195,0.2887896,0.3524197
47196,0.20510039,0.78021324
47197,0.048489634,0.08583798
47198,0.7161607,0.8815211
47199,0.11138019,0.49275824
47200,0.030956876,0.04689228
47201,0.10165256,0.7156986
47202,0.32893348,0.5524729
47203,0.14117305,0.4878701
47204,0.6558917,0.1956801
47205,0.042715304,0.067782186
47206,0.12818538,0.17342317
47207,0.6092484,0.9414908
47208,0.21089494,0.46515855
47209,0.7982526,0.7856026
47210,0.13022372,0.10777077
47211,0.08273821,0.46273765
47212,0.08206075,0.6655083
47213,0.05599583,0.12972493
47214,0.08035587,0.69713825
47215,0.76542866,0.8556646
47216,0.06818855,0.5079185
47217,0.61296785,0.84285617
47218,0.06640089,0.78127813
47219,0.024959708,0.039528992
47220,0.06395636,0.09598735
47221,0.36109704,0.9208647
47222,0.79438764,0.8315994
47223,0.6738799,0.8294286
47224,0.10076107,0.6557171
47225,0.13417356,0.33784744
47226,0.06786767,0.17160933
47227,0.09755468,0.13093916
47228,0.16333279,0.74161506
47229,0.065381706,0.15326953
47230,0.454492,0.8639167
47231,0.60035914,0.61547494
47232,0.47744393,0.073418856
47233,0.52074707,0.44347996
47234,0.07665406,0.055469476
47235,0.03247267,0.08021272
47236,0.1423818,0.29766798
47237,0.16133553,0.37384123
47238,0.49664798,0.44042128
47239,0.5778114,0.9718473
47240,0.26887253,0.23668595
47241,0.47226623,0.66049767
47242,0.34130454,0.76192373
47243,0.08986821,0.04544693
47244,0.55732065,0.47942168
47245,0.3021461,0.2169474
47246,0.1005983,0.17990132
47247,0.028411236,0.047784463
47248,0.12099846,0.096215785
47249,0.1078951,0.19056767
47250,0.04889553,0.27603954
47251,0.21862468,0.7341271
47252,0.5659693,0.67093897
47253,0.10592663,0.66450524
47254,0.08771648,0.14741427
47255,0.5360201,0.8786606
47256,0.04906747,0.5019098
47257,0.065691955,0.36092937
47258,0.20257625,0.90280116
47259,0.053256843,0.11031899
47260,0.39190254,0.42423993
47261,0.048364725,0.061364856
47262,0.068627015,0.17844999
47263,0.08924437,0.5283956
47264,0.08259387,0.4321606
47265,0.02196299,0.24882694
47266,0.09120245,0.6985682
47267,0.039162286,0.1086077
47268,0.31956664,0.13084735
47269,0.14825939,0.4669385
47270,0.021095749,0.026830284
47271,0.13350679,0.1641694
47272,0.1909506,0.65623975
47273,0.22847424,0.93551725
47274,0.1199896,0.7786738
47275,0.14948867,0.11342248
47276,0.71678084,0.5759939
47277,0.4881375,0.82887876
47278,0.026246678,0.021612484
47279,0.6446919,0.93516564
47280,0.032201756,0.07939579
47281,0.54728526,0.5039362
47282,0.19396813,0.6724842
47283,0.07628206,0.15518206
47284,0.015928539,0.05568164
47285,0.07494555,0.3194819
47286,0.078628495,0.71452343
47287,0.081489965,0.13857809
47288,0.7225449,0.8020518
47289,0.69815695,0.902625
47290,0.6563093,0.85898036
47291,0.08041306,0.29724973
47292,0.52359736,0.9103637
47293,0.22906981,0.4695093
47294,0.13891627,0.27554724
47295,0.09864159,0.14347951
47296,0.06980934,0.8746676
47297,0.08971115,0.075224355
47298,0.18203497,0.8423159
47299,0.3631388,0.68734187
47300,0.08235306,0.26218987
47301,0.16658577,0.9543342
47302,0.19387823,0.3152785
47303,0.10039678,0.31465092
47304,0.5076822,0.88634694
47305,0.0894809,0.16881642
47306,0.33055434,0.20918104
47307,0.31270915,0.23753157
47308,0.039216418,0.17004402
47309,0.14144424,0.094206974
47310,0.39218706,0.34314165
47311,0.039016332,0.098647386
47312,0.56813675,0.9071016
47313,0.017800478,0.058988597
47314,0.051838823,0.6213494
47315,0.13592716,0.41666964
47316,0.06490113,0.07112231
47317,0.1021686,0.19482888
47318,0.047014587,0.15295586
47319,0.64347154,0.8158458
47320,0.07048389,0.92164904
47321,0.07535269,0.30685177
47322,0.1396066,0.24443915
47323,0.054787494,0.21533461
47324,0.04208328,0.17567934
47325,0.010366649,0.017888436
47326,0.5634614,0.73114496
47327,0.028479658,0.056291807
47328,0.13770911,0.96085554
47329,0.07828704,0.75514776
47330,0.6327764,0.4107884
47331,0.05003086,0.015540729
47332,0.102963656,0.88554615
47333,0.070006475,0.3618723
47334,0.038842097,0.034611862
47335,0.052336056,0.55793864
47336,0.39192128,0.49546072
47337,0.17075318,0.20009129
47338,0.5581988,0.78940487
47339,0.027425395,0.04624892
47340,0.40435445,0.5249652
47341,0.08815012,0.72313243
47342,0.6781283,0.9304629
47343,0.097667,0.24617355
47344,0.10191269,0.30285943
47345,0.07111321,0.16035016
47346,0.20604743,0.53197885
47347,0.15987368,0.7481696
47348,0.10806721,0.17933272
47349,0.10120056,0.17935914
47350,0.094140954,0.6420298
47351,0.07292868,0.08832094
47352,0.05920721,0.22226311
47353,0.056276854,0.27984205
47354,0.8411723,0.91830504
47355,0.22299096,0.93834215
47356,0.560336,0.85909307
47357,0.13006054,0.10863509
47358,0.5843788,0.6716213
47359,0.12609015,0.5050843
47360,0.038089976,0.6714609
47361,0.11494611,0.12773216
47362,0.09354395,0.1505871
47363,0.10541562,0.515443
47364,0.44253188,0.46230268
47365,0.35250416,0.88885915
47366,0.03234188,0.12875083
47367,0.7201622,0.7662898
47368,0.31174392,0.552383
47369,0.026784033,0.114957
47370,0.14843298,0.8197583
47371,0.12506004,0.17652053
47372,0.1826262,0.37055162
47373,0.45666572,0.7566107
47374,0.03939333,0.1026545
47375,0.033296917,0.58229035
47376,0.03940077,0.14456989
47377,0.13595119,0.07921227
47378,0.51055497,0.9506635
47379,0.122428514,0.5301579
47380,0.08810565,0.2950932
47381,0.04534744,0.27232963
47382,0.105224416,0.06938049
47383,0.46470916,0.30638042
47384,0.081795394,0.22137184
47385,0.043797035,0.09837441
47386,0.53838766,0.71468735
47387,0.15375757,0.9360117
47388,0.13108677,0.07723178
47389,0.11590822,0.66897327
47390,0.038530633,0.023241702
47391,0.44237104,0.85862666
47392,0.07203259,0.29280326
47393,0.14290485,0.17271645
47394,0.08445973,0.16259839
47395,0.5262386,0.5797741
47396,0.73584604,0.26516673
47397,0.4074434,0.6656031
47398,0.5187265,0.6954441
47399,0.21755736,0.79891855
47400,0.14633265,0.5896285
47401,0.015063075,0.016846841
47402,0.07143609,0.8582517
47403,0.0668464,0.37171295
47404,0.028114345,0.10732239
47405,0.03321134,0.12297031
47406,0.08729182,0.15614651
47407,0.36634558,0.5509189
47408,0.2869177,0.7544913
47409,0.7116299,0.83023196
47410,0.12737535,0.7294789
47411,0.14342238,0.5061462
47412,0.15089116,0.88627005
47413,0.020404011,0.09283309
47414,0.07063385,0.6534155
47415,0.37855378,0.8544922
47416,0.099065065,0.71882993
47417,0.11586497,0.15105173
47418,0.04296112,0.09482727
47419,0.8092162,0.9538617
47420,0.02469885,0.1275747
47421,0.04912324,0.16054992
47422,0.14727303,0.295481
47423,0.6605104,0.3739665
47424,0.6712503,0.77301294
47425,0.21045755,0.03164246
47426,0.11393404,0.06087514
47427,0.6535205,0.5847561
47428,0.8289096,0.94546604
47429,0.063522264,0.27875337
47430,0.016232846,0.016251978
47431,0.048670314,0.03135965
47432,0.085554466,0.293045
47433,0.46976492,0.81036896
47434,0.088308,0.42802426
47435,0.09966269,0.114472285
47436,0.091112226,0.21091858
47437,0.6303248,0.68407756
47438,0.1464773,0.06222406
47439,0.056235157,0.93524325
47440,0.09951868,0.05927294
47441,0.102302276,0.20829986
47442,0.10213718,0.9231808
47443,0.49199355,0.74206233
47444,0.035997998,0.07873459
47445,0.035099026,0.07299943
47446,0.020584406,0.025838202
47447,0.06757799,0.04895677
47448,0.0763445,0.041250672
47449,0.0700243,0.55399007
47450,0.14231984,0.92124486
47451,0.14130618,0.69516027
47452,0.10445495,0.56603116
47453,0.86684483,0.90476125
47454,0.2656598,0.89866096
47455,0.098784946,0.74691635
47456,0.10277626,0.7650472
47457,0.24642,0.3408415
47458,0.059253126,0.12085927
47459,0.7471283,0.7032106
47460,0.12706535,0.1815791
47461,0.30419105,0.7877951
47462,0.07777291,0.16238868
47463,0.08933433,0.3673183
47464,0.08734497,0.13770045
47465,0.5216578,0.63414687
47466,0.2791809,0.053886022
47467,0.68288654,0.31607753
47468,0.620643,0.63340575
47469,0.11355888,0.8321041
47470,0.2214178,0.28251818
47471,0.56053585,0.4945169
47472,0.20179917,0.48898306
47473,0.05304821,0.2165533
47474,0.1413903,0.6161733
47475,0.040341645,0.024203522
47476,0.6247098,0.5968187
47477,0.29754648,0.40094873
47478,0.06542539,0.943902
47479,0.119320944,0.18091124
47480,0.15255417,0.11334469
47481,0.017609429,0.08721663
47482,0.12336258,0.631106
47483,0.7947992,0.83191067
47484,0.040784646,0.4751822
47485,0.0764374,0.2922113
47486,0.123300076,0.24845995
47487,0.570811,0.9207221
47488,0.19396004,0.31706634
47489,0.1712898,0.45986
47490,0.03531481,0.061786283
47491,0.15465865,0.43822867
47492,0.5484403,0.969583
47493,0.090495504,0.0937572
47494,0.14819027,0.7937737
47495,0.088247,0.16729353
47496,0.044152964,0.06892696
47497,0.26505882,0.9489151
47498,0.06727893,0.11049569
47499,0.8404643,0.95586574
47500,0.10510742,0.3117361
47501,0.12006784,0.38772175
47502,0.07686927,0.114831336
47503,0.08625562,0.3462319
47504,0.5167534,0.5865441
47505,0.15299651,0.28446093
47506,0.04357251,0.0497749
47507,0.027820665,0.04043799
47508,0.106752686,0.73579055
47509,0.05722972,0.15398023
47510,0.1201635,0.20042689
47511,0.30297947,0.7494519
47512,0.61797804,0.90321565
47513,0.044715352,0.112879105
47514,0.10073908,0.19660455
47515,0.081489794,0.42188475
47516,0.43024236,0.22286871
47517,0.11836149,0.23102148
47518,0.1464679,0.3212146
47519,0.6461577,0.8031099
47520,0.17141362,0.6514631
47521,0.069838636,0.10745053
47522,0.31865606,0.4007513
47523,0.24669486,0.6198124
47524,0.4431514,0.6382201
47525,0.07949355,0.10208652
47526,0.09162472,0.35346362
47527,0.5352181,0.5659134
47528,0.068387404,0.91200626
47529,0.053788625,0.13362804
47530,0.092136964,0.69971496
47531,0.07355004,0.4830309
47532,0.071308374,0.15711246
47533,0.09014452,0.73542666
47534,0.046587054,0.5814862
47535,0.24546126,0.74954945
47536,0.1892341,0.29075086
47537,0.047728408,0.14410171
47538,0.75022584,0.23488596
47539,0.9135963,0.9753651
47540,0.057981215,0.49430728
47541,0.016911171,0.03393106
47542,0.6738569,0.8317548
47543,0.06306607,0.21741608
47544,0.060526468,0.1634284
47545,0.39023107,0.78844154
47546,0.07917515,0.8577489
47547,0.15052272,0.62105995
47548,0.052589174,0.10947435
47549,0.08373856,0.10807615
47550,0.12777765,0.12576166
47551,0.17495665,0.9220542
47552,0.08125062,0.57247436
47553,0.08046141,0.07357553
47554,0.80617315,0.5297466
47555,0.062010422,0.065945886
47556,0.04646686,0.36881277
47557,0.034984693,0.95761013
47558,0.66959536,0.65436137
47559,0.87195617,0.9633324
47560,0.31111884,0.71034014
47561,0.056442942,0.6650189
47562,0.06727685,0.24545398
47563,0.039743956,0.08959307
47564,0.07959712,0.1412285
47565,0.22875209,0.6825372
47566,0.54139614,0.6627584
47567,0.08110198,0.4564545
47568,0.05521827,0.124327466
47569,0.120017655,0.062913686
47570,0.09565276,0.13081986
47571,0.6672875,0.86319816
47572,0.67509943,0.61087835
47573,0.25551298,0.6255549
47574,0.45007777,0.5535615
47575,0.06843514,0.5658817
47576,0.1568723,0.19049987
47577,0.115605816,0.9646614
47578,0.10658961,0.057604317
47579,0.15163349,0.7246068
47580,0.08616678,0.24102566
47581,0.14592564,0.26806626
47582,0.30503848,0.71014875
47583,0.079166375,0.12984201
47584,0.2929025,0.6141384
47585,0.10063621,0.9421692
47586,0.42108518,0.8617924
47587,0.7520612,0.87873137
47588,0.07839279,0.3806217
47589,0.49285546,0.7059992
47590,0.06541695,0.66865146
47591,0.045963075,0.096546106
47592,0.040399328,0.06332177
47593,0.13601336,0.1292786
47594,0.13129722,0.23114976
47595,0.25189316,0.21707028
47596,0.48045048,0.75211704
47597,0.15782897,0.32265335
47598,0.04034979,0.6189336
47599,0.050755776,0.09238063
47600,0.087740526,0.31112185
47601,0.09507598,0.37167135
47602,0.08100115,0.15097255
47603,0.16213098,0.23997104
47604,0.073926196,0.7673484
47605,0.047969297,0.038585205
47606,0.24796669,0.4429633
47607,0.014255717,0.032711428
47608,0.56093246,0.7093545
47609,0.11333424,0.32034028
47610,0.21764663,0.124367
47611,0.15328258,0.73912644
47612,0.15316789,0.17461425
47613,0.8486847,0.6385259
47614,0.124459915,0.111948565
47615,0.6611282,0.95377237
47616,0.0537779,0.93247175
47617,0.29742327,0.46338788
47618,0.12250698,0.7803125
47619,0.04472687,0.17149703
47620,0.19203423,0.40415546
47621,0.15274683,0.27372152
47622,0.24931718,0.090925895
47623,0.060821567,0.9573882
47624,0.058504675,0.09872355
47625,0.011661317,0.028886748
47626,0.07850677,0.22073504
47627,0.5607504,0.7992859
47628,0.23784134,0.47997782
47629,0.10870901,0.93406695
47630,0.05995112,0.08308098
47631,0.03579165,0.07302369
47632,0.82767063,0.93626314
47633,0.114651784,0.22616892
47634,0.057352208,0.8655538
47635,0.064457856,0.045564175
47636,0.654025,0.8195488
47637,0.12499845,0.49579456
47638,0.10209551,0.24135968
47639,0.08089301,0.21766381
47640,0.51173645,0.6663914
47641,0.20399389,0.42924824
47642,0.02416553,0.42784306
47643,0.7530534,0.8846041
47644,0.17835939,0.39325768
47645,0.47003356,0.8493054
47646,0.27747658,0.8907658
47647,0.10922256,0.63971704
47648,0.056358296,0.6957193
47649,0.12925628,0.3342703
47650,0.664635,0.8961867
47651,0.05351884,0.09224115
47652,0.11320337,0.62097824
47653,0.5270485,0.8354891
47654,0.07653223,0.19603889
47655,0.09074948,0.26862493
47656,0.20720664,0.54359794
47657,0.088692464,0.5312091
47658,0.5927489,0.7604095
47659,0.06203321,0.9295181
47660,0.22589475,0.5293442
47661,0.5243178,0.5607728
47662,0.016215814,0.029740658
47663,0.06810197,0.817017
47664,0.085596666,0.087450944
47665,0.08206626,0.0626218
47666,0.74926084,0.89259124
47667,0.05268673,0.38809004
47668,0.5669146,0.83380693
47669,0.22721048,0.7266456
47670,0.3926293,0.90379953
47671,0.45384404,0.7036262
47672,0.043406516,0.1532338
47673,0.14260234,0.18711771
47674,0.2450961,0.6581212
47675,0.15997966,0.63489723
47676,0.50676936,0.6287732
47677,0.2194085,0.3562663
47678,0.056472678,0.18248092
47679,0.511732,0.73254067
47680,0.45619988,0.44730583
47681,0.045848396,0.56483495
47682,0.7354069,0.87305343
47683,0.009384005,0.0332084
47684,0.4288374,0.54130876
47685,0.124364935,0.8133831
47686,0.02963507,0.06135893
47687,0.4774546,0.42950633
47688,0.7220337,0.8865022
47689,0.066627346,0.036839653
47690,0.009653171,0.091968045
47691,0.15375645,0.19953567
47692,0.0991398,0.8971459
47693,0.10925279,0.7996209
47694,0.09813554,0.1820538
47695,0.09749618,0.8884658
47696,0.045341652,0.14762536
47697,0.04151962,0.06219231
47698,0.0653358,0.038267955
47699,0.6010496,0.6965765
47700,0.10913431,0.10002901
47701,0.055529907,0.6228514
47702,0.0729356,0.22452
47703,0.064051524,0.13735431
47704,0.06216475,0.14845735
47705,0.06785812,0.930975
47706,0.34071308,0.3679901
47707,0.11660348,0.26918733
47708,0.10801654,0.113906816
47709,0.20384337,0.87155384
47710,0.064123094,0.36272675
47711,0.065809995,0.13536175
47712,0.16503574,0.43771142
47713,0.37430942,0.6578137
47714,0.30677348,0.6922087
47715,0.17312881,0.96636015
47716,0.13827924,0.2985202
47717,0.16259775,0.9071415
47718,0.40185386,0.5591659
47719,0.050593443,0.29837856
47720,0.23094828,0.95190924
47721,0.25780246,0.45618632
47722,0.639988,0.91624445
47723,0.18329024,0.41184685
47724,0.20095883,0.43117842
47725,0.33615524,0.3123777
47726,0.062703885,0.14499256
47727,0.37467304,0.6955474
47728,0.034009997,0.44418228
47729,0.56409913,0.83134633
47730,0.09189652,0.22865278
47731,0.01948608,0.19200267
47732,0.49176696,0.39062202
47733,0.36245877,0.5910932
47734,0.15730627,0.20561695
47735,0.052926127,0.19936347
47736,0.064815804,0.14200796
47737,0.09096033,0.15000641
47738,0.07265423,0.078371935
47739,0.39773065,0.722168
47740,0.031148836,0.09773741
47741,0.38853207,0.74703604
47742,0.043667067,0.47195178
47743,0.089513615,0.13834445
47744,0.36290124,0.13794012
47745,0.8018937,0.70160526
47746,0.44675726,0.5140755
47747,0.7232846,0.92316234
47748,0.8639351,0.95212597
47749,0.043840222,0.2082467
47750,0.2571564,0.12063136
47751,0.800931,0.9113432
47752,0.578515,0.8989971
47753,0.08645979,0.0975803
47754,0.40691775,0.7949056
47755,0.079798035,0.92004585
47756,0.5475902,0.796522
47757,0.082353346,0.8232072
47758,0.42940372,0.7702975
47759,0.09426204,0.15718077
47760,0.05630156,0.1664379
47761,0.16001981,0.8840006
47762,0.05639656,0.07014031
47763,0.11117404,0.85911876
47764,0.050618734,0.15515777
47765,0.15464304,0.68639314
47766,0.42624885,0.14345586
47767,0.036870033,0.64402014
47768,0.41042262,0.35609365
47769,0.37768134,0.44876787
47770,0.47222665,0.9220048
47771,0.034346066,0.044999942
47772,0.043978516,0.59123886
47773,0.023785613,0.198264
47774,0.011216587,0.099444546
47775,0.084481984,0.14799023
47776,0.71252817,0.8284237
47777,0.07713927,0.0872389
47778,0.015806785,0.15193294
47779,0.11640738,0.25820693
47780,0.53576475,0.7276413
47781,0.05337206,0.09071986
47782,0.1181567,0.099304505
47783,0.29582113,0.34366307
47784,0.06083963,0.1580936
47785,0.111948594,0.21430255
47786,0.208559,0.15310137
47787,0.10732988,0.17175817
47788,0.07554272,0.6627923
47789,0.69983613,0.92446953
47790,0.06333805,0.9436977
47791,0.38398302,0.4750538
47792,0.026558857,0.075168364
47793,0.044874657,0.47242033
47794,0.12074923,0.13206181
47795,0.09760115,0.71605754
47796,0.23405793,0.43633044
47797,0.24804406,0.8675762
47798,0.14890084,0.024565054
47799,0.122698046,0.17437291
47800,0.060000353,0.64160746
47801,0.1578738,0.33926708
47802,0.41732615,0.5817329
47803,0.1158456,0.2086128
47804,0.21613626,0.1234431
47805,0.106838174,0.14036138
47806,0.046345916,0.08445971
47807,0.56677055,0.64642626
47808,0.2647729,0.26695403
47809,0.77853185,0.9189108
47810,0.3281886,0.7849131
47811,0.43653008,0.6976168
47812,0.03836741,0.8774199
47813,0.13440008,0.4055789
47814,0.04682846,0.06700228
47815,0.21714766,0.10279147
47816,0.41352135,0.5645258
47817,0.019947376,0.019956011
47818,0.12505664,0.4868137
47819,0.7437581,0.14731038
47820,0.017010104,0.14012304
47821,0.6791577,0.26107907
47822,0.14701465,0.81920296
47823,0.08419773,0.14860517
47824,0.12226552,0.809282
47825,0.042887364,0.16191503
47826,0.2233839,0.7091356
47827,0.60517097,0.404494
47828,0.17604256,0.4968064
47829,0.03879428,0.10238472
47830,0.0339128,0.62281007
47831,0.06825984,0.1192909
47832,0.04645031,0.041862287
47833,0.233273,0.62719136
47834,0.081833094,0.10456752
47835,0.026829567,0.0721733
47836,0.091492005,0.07431355
47837,0.0640105,0.34559357
47838,0.04923537,0.6050854
47839,0.06913399,0.51592284
47840,0.08059211,0.749602
47841,0.13812318,0.07164862
47842,0.07365722,0.3367523
47843,0.12750515,0.07445793
47844,0.2807755,0.8998205
47845,0.22798912,0.4146517
47846,0.056157388,0.687988
47847,0.7885775,0.91627663
47848,0.27606013,0.7889749
47849,0.020849256,0.033620074
47850,0.5786759,0.46749064
47851,0.8253533,0.8574491
47852,0.019567737,0.36519375
47853,0.83244616,0.96642023
47854,0.08333548,0.9619036
47855,0.06307412,0.10378847
47856,0.023448896,0.019396275
47857,0.5512356,0.16392629
47858,0.14329046,0.9178111
47859,0.2431248,0.8018845
47860,0.11605304,0.27454257
47861,0.019984385,0.024743566
47862,0.028741121,0.009246663
47863,0.08640448,0.30815923
47864,0.048902947,0.26929784
47865,0.28128198,0.62931114
47866,0.04355764,0.2889678
47867,0.096235566,0.13086127
47868,0.069453046,0.30785462
47869,0.06490391,0.69195515
47870,0.09271177,0.12538618
47871,0.35977736,0.7505316
47872,0.4576059,0.5174345
47873,0.04713794,0.07521707
47874,0.1751752,0.95735395
47875,0.23217885,0.47770092
47876,0.10634053,0.07176245
47877,0.03733616,0.08905903
47878,0.0597172,0.047259223
47879,0.37771478,0.73097086
47880,0.041295305,0.95091724
47881,0.04265926,0.12030048
47882,0.4040433,0.314412
47883,0.044679962,0.026437778
47884,0.0994115,0.53354406
47885,0.18315023,0.26094225
47886,0.0461808,0.17002518
47887,0.0669194,0.16830385
47888,0.15228069,0.14101796
47889,0.11859916,0.35594812
47890,0.18867776,0.5610752
47891,0.09591096,0.30836225
47892,0.31828904,0.61664003
47893,0.046573505,0.0611416
47894,0.030079367,0.09186646
47895,0.055375192,0.96627796
47896,0.07268898,0.24640477
47897,0.10117835,0.4658049
47898,0.056377206,0.03940564
47899,0.11198067,0.28158113
47900,0.051463373,0.39497247
47901,0.11095894,0.0638099
47902,0.069745675,0.5317003
47903,0.3453331,0.5599153
47904,0.086399645,0.9189316
47905,0.4832943,0.68568516
47906,0.06659527,0.44704634
47907,0.090585984,0.8892759
47908,0.53629595,0.5997015
47909,0.32306677,0.95183676
47910,0.25117594,0.4921954
47911,0.15991953,0.54107606
47912,0.04998236,0.9158421
47913,0.20574753,0.4244911
47914,0.075537406,0.18421213
47915,0.088310994,0.5540355
47916,0.14651555,0.2101739
47917,0.2779105,0.13051891
47918,0.07167758,0.05237443
47919,0.10258097,0.19933109
47920,0.11373108,0.45717385
47921,0.04405698,0.034402207
47922,0.089007154,0.15335523
47923,0.11463518,0.3414961
47924,0.0986122,0.93490666
47925,0.06448794,0.81768394
47926,0.09083066,0.9117627
47927,0.07848042,0.21839064
47928,0.8754525,0.94187236
47929,0.23632582,0.7641404
47930,0.119666904,0.36381912
47931,0.027270315,0.024259962
47932,0.026267981,0.18123879
47933,0.07048916,0.35021403
47934,0.053706873,0.0779448
47935,0.77254725,0.68405104
47936,0.7557521,0.9205732
47937,0.66348296,0.7651608
47938,0.07421098,0.59644556
47939,0.47417676,0.87779826
47940,0.5702031,0.89170635
47941,0.0870234,0.4989252
47942,0.101419486,0.08696643
47943,0.07674346,0.13445026
47944,0.21600822,0.5848715
47945,0.20033634,0.25396183
47946,0.7743577,0.8446456
47947,0.08174164,0.860482
47948,0.13360988,0.82650536
47949,0.14643529,0.7522722
47950,0.83621484,0.9329272
47951,0.060826972,0.052957267
47952,0.03648261,0.051961545
47953,0.08103427,0.11968528
47954,0.15241952,0.744243
47955,0.24808554,0.3861635
47956,0.73849493,0.9075328
47957,0.14224996,0.24540806
47958,0.17305622,0.45260665
47959,0.11716773,0.7256851
47960,0.11566757,0.651058
47961,0.8614195,0.7627605
47962,0.34674713,0.817937
47963,0.06117182,0.6036242
47964,0.13034119,0.0671319
47965,0.36346248,0.3173597
47966,0.09486107,0.7195772
47967,0.040998567,0.9028841
47968,0.164258,0.22520885
47969,0.04714083,0.10826763
47970,0.04935308,0.74177074
47971,0.17120636,0.31804618
47972,0.052075133,0.1299937
47973,0.0686172,0.38698825
47974,0.20591888,0.31444028
47975,0.08569708,0.5222942
47976,0.067068815,0.09848932
47977,0.33122626,0.64532274
47978,0.0417204,0.27961004
47979,0.052227613,0.03865799
47980,0.69342715,0.46028978
47981,0.14880912,0.2672816
47982,0.1383014,0.21519832
47983,0.024721902,0.029912272
47984,0.027701057,0.028140498
47985,0.056455985,0.24151577
47986,0.057071872,0.22889484
47987,0.0059487084,0.033720594
47988,0.7046019,0.96561396
47989,0.075394735,0.06549481
47990,0.19857,0.29967853
47991,0.47289708,0.6760536
47992,0.5609473,0.4038277
47993,0.052324884,0.782699
47994,0.32485774,0.7745594
47995,0.75549334,0.8400842
47996,0.72722363,0.96068287
47997,0.01850733,0.038180884
47998,0.8650405,0.95098746
47999,0.20407242,0.48341492
48000,0.1119901,0.02642418
48001,0.25660065,0.60881454
48002,0.1496765,0.035177004
48003,0.08738647,0.6322171
48004,0.13306135,0.46698976
48005,0.25087547,0.3805376
48006,0.14399758,0.58576626
48007,0.26812887,0.6001899
48008,0.40461072,0.917864
48009,0.05685301,0.11611682
48010,0.21371646,0.3993937
48011,0.13225845,0.25537682
48012,0.5377828,0.7638677
48013,0.3072028,0.37736815
48014,0.589027,0.62836784
48015,0.08427033,0.11375508
48016,0.14362305,0.3957193
48017,0.05605465,0.0673812
48018,0.27067155,0.76946753
48019,0.4750405,0.664714
48020,0.2879055,0.67517406
48021,0.13941237,0.37822723
48022,0.14065479,0.07119014
48023,0.063125744,0.049800914
48024,0.08315377,0.83037716
48025,0.08590489,0.13130274
48026,0.13462345,0.17510282
48027,0.15321691,0.15791388
48028,0.073235825,0.298043
48029,0.04379357,0.32657313
48030,0.47234988,0.8803892
48031,0.060424205,0.2120118
48032,0.041934106,0.62122345
48033,0.024951842,0.06569601
48034,0.16297603,0.21360677
48035,0.03442056,0.07629553
48036,0.026528578,0.030560387
48037,0.067431785,0.39213938
48038,0.7258052,0.8708438
48039,0.06294784,0.9089689
48040,0.30426693,0.86092645
48041,0.5809677,0.6099887
48042,0.01591913,0.041785315
48043,0.093946986,0.4772199
48044,0.6311698,0.90851283
48045,0.044630237,0.31138954
48046,0.08116031,0.09864113
48047,0.07841717,0.7699926
48048,0.06912709,0.5945904
48049,0.07611199,0.334777
48050,0.21002293,0.9176935
48051,0.24646579,0.453764
48052,0.060773373,0.10597548
48053,0.6827286,0.95795745
48054,0.18519247,0.31238782
48055,0.12419045,0.3688971
48056,0.6891486,0.9192979
48057,0.04268736,0.030662121
48058,0.06749097,0.8752637
48059,0.1873475,0.3409851
48060,0.7936169,0.87812835
48061,0.064207785,0.28848782
48062,0.17522503,0.37316048
48063,0.11708619,0.40671083
48064,0.11461402,0.6164073
48065,0.025526315,0.06977067
48066,0.11874068,0.24307242
48067,0.04197147,0.08058265
48068,0.6979005,0.93086666
48069,0.46826255,0.8220259
48070,0.041602463,0.81751746
48071,0.28565526,0.85736066
48072,0.047134187,0.061388586
48073,0.27476466,0.52176136
48074,0.5711472,0.84904426
48075,0.09959235,0.7505905
48076,0.7635464,0.8044853
48077,0.1285974,0.2577299
48078,0.034265857,0.033947565
48079,0.06151364,0.4188468
48080,0.11326706,0.7494288
48081,0.16214815,0.9259767
48082,0.17996949,0.28729156
48083,0.116737805,0.6031691
48084,0.497903,0.6554566
48085,0.0726396,0.053291284
48086,0.05380804,0.062911294
48087,0.16065219,0.5702182
48088,0.12544046,0.06370828
48089,0.12234855,0.9221044
48090,0.13695654,0.19803874
48091,0.38131756,0.86782587
48092,0.12032282,0.044060577
48093,0.12326585,0.6393446
48094,0.12319269,0.5097369
48095,0.61956143,0.9193801
48096,0.14474367,0.33021376
48097,0.08032615,0.92325073
48098,0.12970383,0.6397733
48099,0.2128302,0.28415835
48100,0.23744987,0.30321535
48101,0.22314921,0.5616358
48102,0.62065136,0.53959936
48103,0.13911024,0.48373386
48104,0.24394895,0.58150965
48105,0.052645084,0.93301195
48106,0.23869556,0.7045837
48107,0.69036156,0.745646
48108,0.040303964,0.11762687
48109,0.15685426,0.13805594
48110,0.06273838,0.8225675
48111,0.09063445,0.67008215
48112,0.034248076,0.04926692
48113,0.24939378,0.8846726
48114,0.091432065,0.13470067
48115,0.038436696,0.66183865
48116,0.044610113,0.36778152
48117,0.06925784,0.09928958
48118,0.07021623,0.5970951
48119,0.36254057,0.43737367
48120,0.21429043,0.7052083
48121,0.037200652,0.05668286
48122,0.07815237,0.85733235
48123,0.062484715,0.07706742
48124,0.08653496,0.5346664
48125,0.20079465,0.53516936
48126,0.041736845,0.23798911
48127,0.06851963,0.065388
48128,0.1174824,0.633034
48129,0.15870057,0.23368023
48130,0.7489772,0.8479516
48131,0.11965287,0.3480781
48132,0.0461131,0.039789174
48133,0.14270216,0.36811665
48134,0.25161725,0.77646255
48135,0.40445763,0.8278689
48136,0.8518546,0.95959866
48137,0.35813966,0.792427
48138,0.035179045,0.151243
48139,0.7971016,0.92648447
48140,0.0450969,0.052420445
48141,0.06012633,0.09715939
48142,0.787544,0.9629703
48143,0.080129944,0.4641929
48144,0.8517344,0.9408031
48145,0.17533985,0.054503907
48146,0.1342435,0.71100867
48147,0.085128725,0.69249815
48148,0.044358272,0.2040905
48149,0.031378858,0.12085639
48150,0.88742495,0.3527501
48151,0.51704043,0.24601813
48152,0.06011917,0.14455739
48153,0.35592178,0.79505485
48154,0.13209553,0.20527162
48155,0.5169654,0.7726129
48156,0.07668365,0.17400986
48157,0.19032985,0.31490922
48158,0.15949649,0.41707328
48159,0.28510603,0.118302904
48160,0.031969212,0.04183654
48161,0.09471523,0.09830715
48162,0.8408905,0.91849536
48163,0.050688908,0.048874002
48164,0.2464916,0.30199608
48165,0.60484236,0.635278
48166,0.04314062,0.069270134
48167,0.78406984,0.70566964
48168,0.25236005,0.44429868
48169,0.08353469,0.17058402
48170,0.2685882,0.1366955
48171,0.11087258,0.93408704
48172,0.28288537,0.19558816
48173,0.53693706,0.19076417
48174,0.5846705,0.5459041
48175,0.05419774,0.10291722
48176,0.06898505,0.2526503
48177,0.74565405,0.83893293
48178,0.46212175,0.5630356
48179,0.036429703,0.07161445
48180,0.15271096,0.4696738
48181,0.14490227,0.1356673
48182,0.08302869,0.45441833
48183,0.07887164,0.17045616
48184,0.025470622,0.045017067
48185,0.09030704,0.87979907
48186,0.84067094,0.8794749
48187,0.28873515,0.751006
48188,0.018156035,0.19037907
48189,0.07048002,0.27409396
48190,0.0986721,0.09772545
48191,0.7925198,0.9121049
48192,0.07242096,0.520858
48193,0.012459993,0.068765834
48194,0.25569597,0.5597295
48195,0.08042781,0.07028793
48196,0.05556869,0.3335872
48197,0.021339446,0.941158
48198,0.07660952,0.21363631
48199,0.21076398,0.35287187
48200,0.053434905,0.14873196
48201,0.25119665,0.6721234
48202,0.07967943,0.11540296
48203,0.26152402,0.27689764
48204,0.67644733,0.7660044
48205,0.68141603,0.6332104
48206,0.01453685,0.015133016
48207,0.059257258,0.22516765
48208,0.0811994,0.24542437
48209,0.37017936,0.9479309
48210,0.07547385,0.17954953
48211,0.0430696,0.08750292
48212,0.06819736,0.44663456
48213,0.072870515,0.10635142
48214,0.7929964,0.8183948
48215,0.08739339,0.062314607
48216,0.043430995,0.0599203
48217,0.56601113,0.90996826
48218,0.09697323,0.3276183
48219,0.31716236,0.64731497
48220,0.05738106,0.117631435
48221,0.503292,0.0705055
48222,0.07445977,0.100966804
48223,0.33190703,0.64648783
48224,0.13372226,0.08629196
48225,0.45509908,0.92941964
48226,0.1256043,0.14882939
48227,0.67975897,0.7493259
48228,0.07999092,0.50624627
48229,0.84284806,0.6818973
48230,0.17423382,0.12537745
48231,0.08204001,0.045181032
48232,0.06846841,0.2727912
48233,0.13100134,0.22893313
48234,0.10937016,0.037792023
48235,0.5343999,0.7646228
48236,0.36067852,0.83810204
48237,0.043536637,0.037432827
48238,0.059649926,0.21467835
48239,0.3385468,0.9017378
48240,0.7675037,0.956369
48241,0.17258768,0.17112112
48242,0.18192543,0.4314261
48243,0.06338073,0.106723815
48244,0.0831727,0.20900862
48245,0.55963016,0.8046847
48246,0.102966085,0.3392715
48247,0.09796328,0.3299451
48248,0.10832148,0.089209184
48249,0.11504641,0.11575818
48250,0.34699687,0.85792595
48251,0.052190047,0.13606271
48252,0.5068343,0.8567156
48253,0.03476458,0.053566366
48254,0.17001535,0.9190264
48255,0.3899054,0.95542896
48256,0.12635474,0.41858235
48257,0.06715702,0.3613538
48258,0.083386,0.107196786
48259,0.73578906,0.88275814
48260,0.13894366,0.45726126
48261,0.06350923,0.10258356
48262,0.3196622,0.6339124
48263,0.061167806,0.05155635
48264,0.01744147,0.099998325
48265,0.2214828,0.2425384
48266,0.18316099,0.14320743
48267,0.24718592,0.40193474
48268,0.8831229,0.96032655
48269,0.17922388,0.40755677
48270,0.3852699,0.8363229
48271,0.073397614,0.10084067
48272,0.284338,0.90841633
48273,0.054457348,0.06345026
48274,0.46711063,0.95071447
48275,0.56210065,0.49165702
48276,0.18314728,0.9269468
48277,0.09622282,0.68964607
48278,0.31538424,0.17611766
48279,0.04863212,0.05052507
48280,0.053246554,0.1943809
48281,0.2591403,0.54374325
48282,0.12809609,0.73772424
48283,0.12846805,0.3663476
48284,0.29922566,0.30364344
48285,0.19735536,0.5717067
48286,0.13426103,0.94946265
48287,0.078855075,0.2830439
48288,0.4841502,0.59829533
48289,0.08565606,0.39260164
48290,0.5037243,0.9528069
48291,0.4045383,0.3603899
48292,0.07022505,0.8995531
48293,0.024777953,0.06940974
48294,0.8605892,0.9205781
48295,0.49716893,0.6383346
48296,0.726833,0.9170705
48297,0.2640834,0.6095942
48298,0.14633326,0.64263195
48299,0.15463507,0.74207956
48300,0.054149672,0.09594122
48301,0.08825523,0.36596593
48302,0.072597936,0.13976873
48303,0.068407185,0.040085137
48304,0.05147031,0.12428024
48305,0.10365314,0.5846806
48306,0.07454117,0.044953637
48307,0.017567474,0.09942055
48308,0.05897879,0.076032355
48309,0.35229337,0.6002943
48310,0.12083966,0.7192413
48311,0.036547154,0.19282074
48312,0.18641916,0.19382837
48313,0.25078696,0.37640706
48314,0.0437793,0.07357467
48315,0.060123757,0.34697187
48316,0.08215836,0.25032595
48317,0.05602882,0.27919134
48318,0.27652705,0.13284865
48319,0.05041923,0.12189782
48320,0.5651082,0.60754895
48321,0.03546991,0.033266656
48322,0.1119179,0.32639378
48323,0.042664774,0.10775303
48324,0.04942492,0.17590137
48325,0.07762568,0.5713173
48326,0.7419937,0.75950384
48327,0.06616426,0.13493344
48328,0.095402636,0.9568881
48329,0.13221347,0.031900708
48330,0.08902251,0.68361425
48331,0.4479844,0.3592439
48332,0.029973304,0.57801056
48333,0.20317787,0.17206612
48334,0.07509138,0.1776857
48335,0.25080708,0.78702676
48336,0.26250336,0.30547926
48337,0.14518619,0.956497
48338,0.0441978,0.16253935
48339,0.06591442,0.03095893
48340,0.1484472,0.25049403
48341,0.70332325,0.6652359
48342,0.051986508,0.23361827
48343,0.8085003,0.955096
48344,0.11913064,0.46894372
48345,0.19971792,0.53244853
48346,0.11259509,0.70026946
48347,0.03474056,0.051148765
48348,0.06383531,0.13540463
48349,0.087534264,0.21343403
48350,0.39511484,0.91752577
48351,0.35932237,0.8647817
48352,0.18629256,0.88045233
48353,0.1703685,0.2903803
48354,0.11735431,0.9609252
48355,0.059971306,0.27742252
48356,0.4038739,0.77249
48357,0.15556075,0.48198745
48358,0.36642772,0.742571
48359,0.1672331,0.5139146
48360,0.5736564,0.67365843
48361,0.33614498,0.6742378
48362,0.074949905,0.42112407
48363,0.22314169,0.5663685
48364,0.3684175,0.57070494
48365,0.55265343,0.74040526
48366,0.11524836,0.38094893
48367,0.69914806,0.6779645
48368,0.17049937,0.59721446
48369,0.4910677,0.48435935
48370,0.19372368,0.64636713
48371,0.116749234,0.50412387
48372,0.11944689,0.45069614
48373,0.71483964,0.7786955
48374,0.13601792,0.6141897
48375,0.08092676,0.2280499
48376,0.03615468,0.30527258
48377,0.06837375,0.15548071
48378,0.30958426,0.19041045
48379,0.06316116,0.1017147
48380,0.08369788,0.29845706
48381,0.048228923,0.2365689
48382,0.5795625,0.75150925
48383,0.059068516,0.051490135
48384,0.07968578,0.13823865
48385,0.10150688,0.18098497
48386,0.04841347,0.033708367
48387,0.17219147,0.14797173
48388,0.051831357,0.139309
48389,0.0759302,0.40162355
48390,0.025448373,0.034423932
48391,0.025772342,0.48647434
48392,0.16830432,0.29502073
48393,0.8139161,0.75730306
48394,0.51589775,0.8450787
48395,0.17342973,0.47749862
48396,0.77326524,0.94329
48397,0.45633942,0.8229104
48398,0.0464831,0.23994945
48399,0.41881967,0.93182456
48400,0.21581078,0.6486216
48401,0.10853032,0.9581688
48402,0.43900254,0.727608
48403,0.09368598,0.020121172
48404,0.046969112,0.15681592
48405,0.13543434,0.19919284
48406,0.44436783,0.09685819
48407,0.090884365,0.54771876
48408,0.08353732,0.036573716
48409,0.13672176,0.5515845
48410,0.28760716,0.32370147
48411,0.035895187,0.08606714
48412,0.04172184,0.14483503
48413,0.065609775,0.85703105
48414,0.06152615,0.18537305
48415,0.5837664,0.9153662
48416,0.07108795,0.8796473
48417,0.058721963,0.08317323
48418,0.25503668,0.83454263
48419,0.6872588,0.7201958
48420,0.071801245,0.15043929
48421,0.0934107,0.46816105
48422,0.67098683,0.96280277
48423,0.2411583,0.83861494
48424,0.13584997,0.37327898
48425,0.06499043,0.28138563
48426,0.04955403,0.17708758
48427,0.033476733,0.086823195
48428,0.055223,0.15339889
48429,0.0893377,0.20438778
48430,0.02525291,0.7442206
48431,0.14049056,0.8035415
48432,0.056187913,0.11940959
48433,0.05303703,0.1425659
48434,0.87446976,0.9711457
48435,0.36848423,0.3758081
48436,0.06681081,0.65886235
48437,0.38019434,0.3056681
48438,0.47405243,0.8680386
48439,0.014362322,0.38618484
48440,0.20302027,0.9217034
48441,0.13298519,0.1343253
48442,0.25138474,0.82442886
48443,0.08092983,0.87890357
48444,0.47303987,0.91611415
48445,0.08271914,0.8973904
48446,0.12794937,0.56306636
48447,0.07740909,0.5929575
48448,0.019854134,0.123059675
48449,0.47366065,0.48199555
48450,0.10696929,0.037012048
48451,0.37431124,0.8150333
48452,0.08819188,0.2523542
48453,0.07439471,0.9352593
48454,0.45473257,0.6291911
48455,0.12852013,0.09920434
48456,0.123572394,0.30310723
48457,0.1669674,0.7239201
48458,0.28567028,0.88789463
48459,0.072641574,0.19316612
48460,0.014810469,0.10615387
48461,0.081135675,0.09708597
48462,0.11819333,0.75586647
48463,0.18173261,0.63649875
48464,0.053974256,0.04625357
48465,0.096965544,0.33331016
48466,0.015911013,0.31572953
48467,0.13644159,0.86601496
48468,0.04723419,0.70675397
48469,0.19345872,0.445051
48470,0.2533776,0.3899944
48471,0.34010297,0.30412266
48472,0.48338437,0.66180307
48473,0.7829471,0.96530473
48474,0.06424617,0.09756564
48475,0.25270844,0.33939782
48476,0.070561,0.6637063
48477,0.6263062,0.8183785
48478,0.045587305,0.018289877
48479,0.06454159,0.46832472
48480,0.040611055,0.040707875
48481,0.09793581,0.17663579
48482,0.039662044,0.4687499
48483,0.6575085,0.8814247
48484,0.03815175,0.37297282
48485,0.81779003,0.7172489
48486,0.07337572,0.45213118
48487,0.091903485,0.19378649
48488,0.099322826,0.15241061
48489,0.26505387,0.30357346
48490,0.14603122,0.8304428
48491,0.38923237,0.8035045
48492,0.5663902,0.9070715
48493,0.057863005,0.14661281
48494,0.04528452,0.0868682
48495,0.043393284,0.8052054
48496,0.02116268,0.039342683
48497,0.18960299,0.9331777
48498,0.01413197,0.038532693
48499,0.18081206,0.8599013
48500,0.123178534,0.6277081
48501,0.35776094,0.31391716
48502,0.03477661,0.59740263
48503,0.10235085,0.12323628
48504,0.07147008,0.14414063
48505,0.06389562,0.20432863
48506,0.52537465,0.6795235
48507,0.03077004,0.10393156
48508,0.54121023,0.85987
48509,0.45135704,0.8361252
48510,0.191135,0.56905586
48511,0.11541134,0.25351974
48512,0.07238189,0.16564256
48513,0.110190906,0.13446784
48514,0.05519119,0.71966434
48515,0.19813569,0.7233472
48516,0.07268418,0.46111187
48517,0.12062604,0.93495595
48518,0.3214662,0.20047222
48519,0.22338188,0.914258
48520,0.08690833,0.29288596
48521,0.10232034,0.84319717
48522,0.41268808,0.52916706
48523,0.15785062,0.90174526
48524,0.6387474,0.6127719
48525,0.3466159,0.0746139
48526,0.5532771,0.751223
48527,0.39466375,0.5445677
48528,0.13755392,0.6823003
48529,0.09814413,0.8813598
48530,0.12929572,0.52309227
48531,0.7293686,0.91883916
48532,0.11430334,0.73815894
48533,0.5652327,0.6080032
48534,0.034681156,0.09730352
48535,0.09678618,0.044675905
48536,0.72509885,0.44440725
48537,0.06919194,0.109918654
48538,0.1050095,0.32971072
48539,0.08654122,0.058788717
48540,0.15656526,0.6028996
48541,0.039754566,0.029080704
48542,0.20121671,0.31018075
48543,0.059826147,0.2328784
48544,0.023546766,0.051530287
48545,0.6016057,0.29874787
48546,0.12406329,0.6016503
48547,0.035746623,0.54981613
48548,0.06415815,0.15072232
48549,0.20185667,0.932879
48550,0.052401084,0.9148805
48551,0.111450024,0.2918428
48552,0.20908323,0.71775436
48553,0.051468026,0.6507094
48554,0.04114776,0.1833947
48555,0.3393363,0.3741422
48556,0.040587585,0.13348585
48557,0.6324528,0.82983696
48558,0.061422117,0.15723862
48559,0.07557719,0.2519541
48560,0.5536082,0.8109715
48561,0.11584748,0.9220266
48562,0.071573816,0.07760979
48563,0.27035987,0.3733366
48564,0.057481743,0.04024214
48565,0.2555322,0.45318812
48566,0.19434302,0.48927876
48567,0.28561306,0.38989124
48568,0.0774601,0.17670256
48569,0.052048326,0.09664098
48570,0.097944915,0.63394976
48571,0.32663956,0.5245094
48572,0.526205,0.82653844
48573,0.080266915,0.19769776
48574,0.2748568,0.3216775
48575,0.12953424,0.10813668
48576,0.039339766,0.102735505
48577,0.4779363,0.6989451
48578,0.92121756,0.9588674
48579,0.38655624,0.6856632
48580,0.103551425,0.21562594
48581,0.16913404,0.89949274
48582,0.056685776,0.9323183
48583,0.04203714,0.22536224
48584,0.63576925,0.83628315
48585,0.08911398,0.76944923
48586,0.22547515,0.5261644
48587,0.26532057,0.8841025
48588,0.1147584,0.6938148
48589,0.39876193,0.5728798
48590,0.041053224,0.15514505
48591,0.07804104,0.104965776
48592,0.5228572,0.7460071
48593,0.17992984,0.32381502
48594,0.13458851,0.90675676
48595,0.07289837,0.15252756
48596,0.047470808,0.42072707
48597,0.09007278,0.86512154
48598,0.060275447,0.45668027
48599,0.5994801,0.84164464
48600,0.7580929,0.9627547
48601,0.039090496,0.40473747
48602,0.8047229,0.83754635
48603,0.05875995,0.45068806
48604,0.5360812,0.6112288
48605,0.030520743,0.023394667
48606,0.83577144,0.8650674
48607,0.40773106,0.60389084
48608,0.03634052,0.045524564
48609,0.08795311,0.8950056
48610,0.06838634,0.30913222
48611,0.46712488,0.33505744
48612,0.17411064,0.92935354
48613,0.15830772,0.25786844
48614,0.09739721,0.12304281
48615,0.34987766,0.07330986
48616,0.56862324,0.69233346
48617,0.67743194,0.9504011
48618,0.07437792,0.41221336
48619,0.2170258,0.12644105
48620,0.65081316,0.7580995
48621,0.1417537,0.36767733
48622,0.11226027,0.2440296
48623,0.07188096,0.32541266
48624,0.18575503,0.08742553
48625,0.05371532,0.19883114
48626,0.04506976,0.052935567
48627,0.09274345,0.365648
48628,0.09716301,0.2540762
48629,0.041671284,0.05730648
48630,0.074878775,0.05927144
48631,0.1835088,0.71730965
48632,0.06935765,0.051379267
48633,0.029141258,0.02087261
48634,0.059852142,0.12985533
48635,0.034126986,0.46780494
48636,0.01596961,0.14897199
48637,0.7693536,0.7761689
48638,0.107482806,0.10603099
48639,0.066388585,0.17774323
48640,0.11677173,0.31620675
48641,0.44207284,0.5171405
48642,0.20439552,0.124046326
48643,0.49684313,0.9086525
48644,0.15795521,0.23656313
48645,0.104229264,0.953403
48646,0.13959037,0.49903414
48647,0.011036619,0.010149221
48648,0.16034088,0.14238483
48649,0.032814443,0.44572127
48650,0.4736599,0.8100233
48651,0.17631947,0.48540837
48652,0.65634125,0.928989
48653,0.04177081,0.062735185
48654,0.044955496,0.1485515
48655,0.045389302,0.11531184
48656,0.61794835,0.80313694
48657,0.18383564,0.8499277
48658,0.18447594,0.65762943
48659,0.10051295,0.43062386
48660,0.037084587,0.10329749
48661,0.08876958,0.82239264
48662,0.06403445,0.93728954
48663,0.43273324,0.69460094
48664,0.07044679,0.16373782
48665,0.054513823,0.42212757
48666,0.06377141,0.7380221
48667,0.030594062,0.027861958
48668,0.033878908,0.059385356
48669,0.13347866,0.56850845
48670,0.24735178,0.26997897
48671,0.2374252,0.6973371
48672,0.13844375,0.19023931
48673,0.0856601,0.52631134
48674,0.25138187,0.52788085
48675,0.045221277,0.059784256
48676,0.21524426,0.034766886
48677,0.14209235,0.8699347
48678,0.095835395,0.31300208
48679,0.48066467,0.90638864
48680,0.28306827,0.2472203
48681,0.07685028,0.5860991
48682,0.18115418,0.119160645
48683,0.030501971,0.4257988
48684,0.05882947,0.07044444
48685,0.06537507,0.03875463
48686,0.09185375,0.91942644
48687,0.5644321,0.911126
48688,0.069183074,0.52692175
48689,0.09801338,0.31773907
48690,0.3295815,0.29806837
48691,0.15536298,0.92889094
48692,0.10409129,0.84609884
48693,0.4936307,0.28494626
48694,0.13851628,0.96254075
48695,0.13222718,0.5612433
48696,0.13174224,0.35893756
48697,0.70125306,0.90725446
48698,0.28151506,0.18095875
48699,0.36266914,0.8960256
48700,0.7343288,0.94756967
48701,0.5919143,0.452045
48702,0.030768177,0.029521707
48703,0.46065578,0.5963365
48704,0.1572952,0.14676236
48705,0.16860692,0.5180874
48706,0.13983956,0.52941793
48707,0.020757172,0.056578133
48708,0.306666,0.22964238
48709,0.061067514,0.95589113
48710,0.13739003,0.20305637
48711,0.1589657,0.7887579
48712,0.16587965,0.12830082
48713,0.11261746,0.27832544
48714,0.28071716,0.61332107
48715,0.15012972,0.11131062
48716,0.26118493,0.56566364
48717,0.6955656,0.7477102
48718,0.1726923,0.8677135
48719,0.56855947,0.86432874
48720,0.06076162,0.6335031
48721,0.9511718,0.95984066
48722,0.8082527,0.8092077
48723,0.059954856,0.15707952
48724,0.036628507,0.018877078
48725,0.02482181,0.09569963
48726,0.6278547,0.46221495
48727,0.110524416,0.22482564
48728,0.43264413,0.70952946
48729,0.21083646,0.28465706
48730,0.4644368,0.73125243
48731,0.090978526,0.12805395
48732,0.5793877,0.6939595
48733,0.3640382,0.69394946
48734,0.012862985,0.029555717
48735,0.64161825,0.5276495
48736,0.037732895,0.04129024
48737,0.49809635,0.6560932
48738,0.048743863,0.12730382
48739,0.12388939,0.8306501
48740,0.11967669,0.91668355
48741,0.11896739,0.06173856
48742,0.044398375,0.07534612
48743,0.046442624,0.084140316
48744,0.023038756,0.023593822
48745,0.122739375,0.32337925
48746,0.23251383,0.064392686
48747,0.11656281,0.06573799
48748,0.060390275,0.37803182
48749,0.8447839,0.95431983
48750,0.09326852,0.51159084
48751,0.04765237,0.8491931
48752,0.14164336,0.8099188
48753,0.039794486,0.079013444
48754,0.08763566,0.23926432
48755,0.4832506,0.6108671
48756,0.10027403,0.23188852
48757,0.07212152,0.04322858
48758,0.6681109,0.76484627
48759,0.12924846,0.08183877
48760,0.15345944,0.8970268
48761,0.42880827,0.639027
48762,0.6902225,0.75336206
48763,0.6244376,0.8560302
48764,0.03800534,0.10138383
48765,0.7682056,0.9251498
48766,0.50642484,0.5071469
48767,0.06427167,0.22104354
48768,0.18313468,0.7836238
48769,0.090708405,0.29948506
48770,0.20240611,0.50412697
48771,0.08021848,0.7489361
48772,0.6064993,0.6331999
48773,0.033248052,0.050268456
48774,0.059657443,0.11224746
48775,0.51958364,0.83729357
48776,0.043931548,0.122253746
48777,0.7938561,0.85935533
48778,0.042893287,0.17249879
48779,0.09201694,0.87609226
48780,0.069852605,0.07793781
48781,0.1846955,0.6288639
48782,0.08383787,0.93870044
48783,0.03194694,0.025175178
48784,0.11309803,0.30629066
48785,0.40437838,0.8851782
48786,0.11179821,0.21011963
48787,0.072532445,0.12016722
48788,0.03777096,0.1760279
48789,0.038239863,0.059917808
48790,0.09878645,0.9565722
48791,0.48614395,0.56284153
48792,0.08096849,0.257766
48793,0.063999444,0.10487225
48794,0.08280301,0.86794835
48795,0.8203254,0.86352766
48796,0.035732992,0.05318546
48797,0.3562725,0.20703472
48798,0.067087784,0.6707897
48799,0.052753728,0.26804572
48800,0.0554419,0.8308487
48801,0.075532034,0.9022934
48802,0.03118717,0.08569852
48803,0.019562826,0.07312717
48804,0.15696794,0.20786059
48805,0.37212598,0.21894935
48806,0.081894435,0.40098056
48807,0.09281269,0.6664143
48808,0.7794362,0.67289263
48809,0.071480826,0.096308544
48810,0.5274766,0.7415214
48811,0.33484066,0.8736228
48812,0.053813264,0.050726965
48813,0.09274974,0.11469712
48814,0.6385106,0.9152676
48815,0.60627,0.41371176
48816,0.2448669,0.51428497
48817,0.36720407,0.25936517
48818,0.60942274,0.85693985
48819,0.12491211,0.9401303
48820,0.045950036,0.14222458
48821,0.07768675,0.9552377
48822,0.026599089,0.14553767
48823,0.7115399,0.9747916
48824,0.52177507,0.09799687
48825,0.0585692,0.39338312
48826,0.43137905,0.70677406
48827,0.15069179,0.01869939
48828,0.14241636,0.06343709
48829,0.11924908,0.21533208
48830,0.23576091,0.59806085
48831,0.38415337,0.8844146
48832,0.16769466,0.26934588
48833,0.21886343,0.21912767
48834,0.19010934,0.15565056
48835,0.058493983,0.20618294
48836,0.10671273,0.6354194
48837,0.072491206,0.25911555
48838,0.33697113,0.41021138
48839,0.19632493,0.4711782
48840,0.033130743,0.06908744
48841,0.13311386,0.5404797
48842,0.1159364,0.026082745
48843,0.09615553,0.2540625
48844,0.7363189,0.4637313
48845,0.109787144,0.3502406
48846,0.13617188,0.74582535
48847,0.054959055,0.40057468
48848,0.07906556,0.7863726
48849,0.059269805,0.32356805
48850,0.098797806,0.21550837
48851,0.4091572,0.28586447
48852,0.06420149,0.574222
48853,0.25963753,0.4650752
48854,0.4483777,0.7666204
48855,0.26070008,0.07057066
48856,0.2842129,0.8575719
48857,0.2588809,0.16216443
48858,0.83714515,0.64679104
48859,0.10873976,0.7627833
48860,0.11265811,0.7411108
48861,0.02067362,0.07576272
48862,0.5323364,0.69349104
48863,0.6556687,0.8280621
48864,0.06475407,0.3889178
48865,0.12659615,0.2697221
48866,0.087439224,0.17171292
48867,0.048775814,0.08442904
48868,0.09397402,0.8936394
48869,0.07140579,0.20225419
48870,0.09812683,0.20790353
48871,0.09586536,0.3045808
48872,0.6178283,0.8680685
48873,0.16910861,0.2664645
48874,0.043031745,0.11727461
48875,0.14997652,0.14044939
48876,0.033945724,0.13682583
48877,0.080407314,0.17699409
48878,0.08344566,0.18137376
48879,0.44503024,0.87817603
48880,0.059023537,0.52238506
48881,0.1991381,0.16930364
48882,0.5031561,0.5347059
48883,0.5247134,0.63755995
48884,0.016212216,0.099573866
48885,0.06849134,0.789967
48886,0.54783744,0.7073017
48887,0.082297616,0.4927064
48888,0.21443377,0.15978484
48889,0.043639567,0.20720495
48890,0.018900013,0.19666827
48891,0.14597417,0.21869567
48892,0.10780755,0.68567246
48893,0.52014023,0.42043516
48894,0.46242726,0.5593472
48895,0.11100999,0.426281
48896,0.7680137,0.8880413
48897,0.26270863,0.7622892
48898,0.1219581,0.9520741
48899,0.08974292,0.18066177
48900,0.20208044,0.63693494
48901,0.0701027,0.40856937
48902,0.07581957,0.20415594
48903,0.684574,0.6292307
48904,0.20752075,0.15284792
48905,0.86681193,0.80849254
48906,0.020442605,0.021730572
48907,0.697396,0.79850453
48908,0.08043577,0.87194717
48909,0.1219744,0.79858273
48910,0.09317835,0.11096889
48911,0.1477501,0.9564731
48912,0.1455333,0.25308505
48913,0.16361216,0.7146334
48914,0.03748107,0.24192427
48915,0.09966605,0.32529
48916,0.57148445,0.8940536
48917,0.10594128,0.0909856
48918,0.2515181,0.8058871
48919,0.10950825,0.4670185
48920,0.09307445,0.09776584
48921,0.6832246,0.56226546
48922,0.08294038,0.20582862
48923,0.0428059,0.10422634
48924,0.06487906,0.26642558
48925,0.060862787,0.072197005
48926,0.55760473,0.8730869
48927,0.22308192,0.49188074
48928,0.20878269,0.34786585
48929,0.51506823,0.8250956
48930,0.60109806,0.12271625
48931,0.06256798,0.10185604
48932,0.03571944,0.010931567
48933,0.8336336,0.93905556
48934,0.047594324,0.062118888
48935,0.18607834,0.34753546
48936,0.082364164,0.24675216
48937,0.11412484,0.16065028
48938,0.07988267,0.70440316
48939,0.15976429,0.3017359
48940,0.075531386,0.04679869
48941,0.1712063,0.12270206
48942,0.08948832,0.11941966
48943,0.061301306,0.8447038
48944,0.1356673,0.21779805
48945,0.42787442,0.34602553
48946,0.6087519,0.7845769
48947,0.71281844,0.8440078
48948,0.25014988,0.8066196
48949,0.1753997,0.07889239
48950,0.03486808,0.05057302
48951,0.031978477,0.036436126
48952,0.03978525,0.04987213
48953,0.06879038,0.5819482
48954,0.31033176,0.044532698
48955,0.037473593,0.18873483
48956,0.1348529,0.71698123
48957,0.2178675,0.34747368
48958,0.01710708,0.0054275123
48959,0.023878697,0.037258916
48960,0.14578198,0.667466
48961,0.08085731,0.029653464
48962,0.10453777,0.22566825
48963,0.046756517,0.93830216
48964,0.043567214,0.59567404
48965,0.08632682,0.91236293
48966,0.10402202,0.07845946
48967,0.73384404,0.7743691
48968,0.67147285,0.9169891
48969,0.044508826,0.110223964
48970,0.32682192,0.7539675
48971,0.101984516,0.89085585
48972,0.4792925,0.18792556
48973,0.1818813,0.40729696
48974,0.022345105,0.013999551
48975,0.23813324,0.68813026
48976,0.3738864,0.45719144
48977,0.04332911,0.5828522
48978,0.14756088,0.08325019
48979,0.10382092,0.0978578
48980,0.057710215,0.07916947
48981,0.2713972,0.35714734
48982,0.061210584,0.90188545
48983,0.05216133,0.8084033
48984,0.8373775,0.7629561
48985,0.10644674,0.2667862
48986,0.62785774,0.924347
48987,0.04059757,0.06493284
48988,0.013455515,0.05797731
48989,0.09380544,0.12101598
48990,0.025272232,0.01458504
48991,0.1661156,0.13432339
48992,0.15743281,0.63953406
48993,0.6602173,0.7885989
48994,0.16351731,0.15027587
48995,0.1313697,0.70752585
48996,0.070848435,0.20240672
48997,0.1491619,0.7947392
48998,0.10258383,0.18921071
48999,0.15040004,0.37284446
49000,0.43944484,0.95730966
49001,0.79800934,0.8938279
49002,0.078008346,0.8790916
49003,0.050153233,0.09003319
49004,0.2540347,0.67793155
49005,0.17435707,0.13345094
49006,0.22995134,0.32340616
49007,0.023725992,0.09097319
49008,0.03137638,0.088086784
49009,0.14953986,0.81423074
49010,0.04953605,0.04895971
49011,0.07343007,0.14919512
49012,0.27336437,0.62656754
49013,0.036140427,0.7856351
49014,0.14940494,0.22086662
49015,0.19290407,0.27226278
49016,0.072030745,0.07538204
49017,0.102946706,0.4324134
49018,0.14606306,0.5097757
49019,0.6388482,0.8278079
49020,0.17741399,0.26257458
49021,0.033148848,0.25366727
49022,0.10274894,0.5567607
49023,0.15797876,0.1739261
49024,0.092034906,0.581333
49025,0.032199197,0.13024938
49026,0.3303868,0.4662411
49027,0.32546732,0.63904625
49028,0.116573244,0.069777325
49029,0.5737113,0.85040206
49030,0.18833339,0.54530716
49031,0.7954661,0.39444342
49032,0.09372356,0.29623193
49033,0.062980935,0.20809782
49034,0.06937321,0.7162517
49035,0.2711411,0.1205344
49036,0.19493027,0.56707585
49037,0.06288721,0.32553145
49038,0.03927172,0.21151635
49039,0.41774967,0.7593913
49040,0.11048303,0.60295486
49041,0.17737044,0.23471907
49042,0.17042385,0.9619083
49043,0.022598399,0.052058198
49044,0.055082835,0.02660799
49045,0.020268014,0.08025805
49046,0.13117714,0.3262685
49047,0.7794932,0.78179127
49048,0.032949768,0.2650449
49049,0.021973664,0.019658221
49050,0.05400968,0.11389021
49051,0.0528114,0.08179311
49052,0.38749442,0.80368185
49053,0.13848771,0.84573144
49054,0.37568343,0.6492386
49055,0.070425466,0.09888432
49056,0.15856089,0.23293608
49057,0.4951643,0.7055891
49058,0.9073647,0.9652501
49059,0.04222991,0.15393417
49060,0.1649954,0.52777535
49061,0.7233978,0.8929243
49062,0.054122124,0.29116285
49063,0.86312765,0.8331736
49064,0.78067535,0.627421
49065,0.7854551,0.8305854
49066,0.1287246,0.70222294
49067,0.11040515,0.8500704
49068,0.50002235,0.8799611
49069,0.03768081,0.089323044
49070,0.051408287,0.7597733
49071,0.8666536,0.96880555
49072,0.26639044,0.82463354
49073,0.06317633,0.72720003
49074,0.2318425,0.8253094
49075,0.50566775,0.63561857
49076,0.04792252,0.15066876
49077,0.25531554,0.03873877
49078,0.06874636,0.27427202
49079,0.027988316,0.06461337
49080,0.13863216,0.12481568
49081,0.8038049,0.8457902
49082,0.082255475,0.16681194
49083,0.034403823,0.8257429
49084,0.06173595,0.15269512
49085,0.09154571,0.07060038
49086,0.08467932,0.17200312
49087,0.62132746,0.34207326
49088,0.45283836,0.95356125
49089,0.8209883,0.78887826
49090,0.19498895,0.29428306
49091,0.52649254,0.31979257
49092,0.0494769,0.18581282
49093,0.016398849,0.08083029
49094,0.73932266,0.84095716
49095,0.0528868,0.65130746
49096,0.031389758,0.28099585
49097,0.1434805,0.7917229
49098,0.09317999,0.37213272
49099,0.12873341,0.83637625
49100,0.25692877,0.44923258
49101,0.18078193,0.936576
49102,0.092500836,0.7806575
49103,0.08206659,0.026472317
49104,0.10738128,0.4388302
49105,0.33728603,0.6134864
49106,0.023024384,0.072282754
49107,0.29394597,0.7163974
49108,0.059008323,0.24275467
49109,0.038135048,0.10508917
49110,0.14760552,0.39071533
49111,0.039089464,0.18872793
49112,0.8721011,0.979278
49113,0.08064778,0.12226851
49114,0.18082102,0.5105
49115,0.06984115,0.16496143
49116,0.58148104,0.37235874
49117,0.040110007,0.05454379
49118,0.050459187,0.6280106
49119,0.25421146,0.44687364
49120,0.047599576,0.033588253
49121,0.042807683,0.3512101
49122,0.02759398,0.22918397
49123,0.57684624,0.43897533
49124,0.26698017,0.05350484
49125,0.036518,0.09454477
49126,0.071793064,0.83677554
49127,0.058046736,0.74254787
49128,0.08968768,0.35795167
49129,0.066137604,0.22335652
49130,0.3306254,0.3408364
49131,0.40367842,0.648006
49132,0.071030915,0.9333648
49133,0.021943577,0.024454724
49134,0.03709695,0.85610574
49135,0.02670103,0.089652896
49136,0.49139234,0.6528641
49137,0.07304262,0.37687734
49138,0.076440684,0.5720612
49139,0.051275145,0.080693156
49140,0.059252128,0.8468143
49141,0.113219075,0.13044947
49142,0.08480227,0.2906436
49143,0.05661056,0.0069130277
49144,0.72159266,0.56167513
49145,0.05258374,0.09960613
49146,0.05109397,0.10525571
49147,0.15647267,0.108819366
49148,0.8181432,0.92285764
49149,0.3897302,0.8798133
49150,0.048926603,0.08584927
49151,0.112085454,0.3985824
49152,0.23672067,0.5899923
49153,0.16902548,0.3017339
49154,0.12616178,0.13675314
49155,0.11560657,0.48194626
49156,0.19791533,0.31704372
49157,0.16519791,0.82652557
49158,0.71538407,0.9018735
49159,0.42587113,0.33584395
49160,0.16806287,0.13874795
49161,0.04637111,0.07832541
49162,0.048932485,0.11200882
49163,0.07665445,0.05628731
49164,0.06993939,0.060014788
49165,0.07269682,0.3884556
49166,0.1129624,0.6537863
49167,0.04075496,0.12481477
49168,0.104690745,0.18326756
49169,0.03248408,0.033238783
49170,0.11998792,0.21893737
49171,0.6827847,0.87149876
49172,0.22328427,0.84087217
49173,0.5791866,0.79649925
49174,0.33430153,0.5465919
49175,0.1390182,0.90076053
49176,0.03123961,0.40717268
49177,0.51716125,0.73060423
49178,0.091178805,0.24780542
49179,0.6004508,0.7810195
49180,0.79461515,0.781498
49181,0.65835303,0.82324773
49182,0.107320376,0.4458118
49183,0.08319701,0.7600664
49184,0.050461207,0.24633744
49185,0.36144146,0.21656507
49186,0.052720115,0.59085923
49187,0.046363607,0.032769226
49188,0.05846774,0.6580678
49189,0.069038846,0.82909626
49190,0.057490252,0.21135053
49191,0.27649105,0.89715844
49192,0.32543916,0.39979765
49193,0.06447032,0.1923756
49194,0.047410343,0.09531815
49195,0.10729693,0.45397204
49196,0.17724273,0.8340573
49197,0.08133866,0.11722057
49198,0.13303907,0.87084836
49199,0.04822714,0.07894672
49200,0.1573054,0.8797034
49201,0.43907276,0.35707784
49202,0.09325997,0.47039962
49203,0.6312481,0.87939316
49204,0.07869276,0.06662718
49205,0.08787508,0.966335
49206,0.17564291,0.2406469
49207,0.8481129,0.9523315
49208,0.5168151,0.8817638
49209,0.045762405,0.91009265
49210,0.20500429,0.24596019
49211,0.18312258,0.31018662
49212,0.26960313,0.4194116
49213,0.30204284,0.5794607
49214,0.1587807,0.89198625
49215,0.26185393,0.64222527
49216,0.40698215,0.60090804
49217,0.59143925,0.74818784
49218,0.49733704,0.824591
49219,0.2672132,0.68621683
49220,0.060491048,0.055971876
49221,0.085269935,0.18992355
49222,0.40221342,0.65649205
49223,0.18940103,0.32351854
49224,0.22253598,0.280297
49225,0.4691481,0.87583375
49226,0.08244247,0.8986582
49227,0.13743879,0.14354676
49228,0.26891854,0.30843958
49229,0.031353656,0.07013785
49230,0.46541074,0.101765625
49231,0.75668347,0.8945176
49232,0.31057858,0.86486274
49233,0.15678135,0.14588633
49234,0.15363911,0.7495537
49235,0.21615912,0.70389664
49236,0.67325103,0.7325365
49237,0.7660064,0.94044113
49238,0.44211376,0.67015594
49239,0.72339684,0.8788968
49240,0.1050358,0.348816
49241,0.14101833,0.81121397
49242,0.17791562,0.55431896
49243,0.17602801,0.038663447
49244,0.04129163,0.05511167
49245,0.8693348,0.9634757
49246,0.8206452,0.9656196
49247,0.7712447,0.680431
49248,0.033030763,0.03618955
49249,0.5021635,0.63528526
49250,0.06517582,0.061632447
49251,0.115402475,0.15546018
49252,0.13227305,0.8560661
49253,0.07335148,0.2647554
49254,0.63766086,0.3020554
49255,0.1512838,0.8656196
49256,0.08667703,0.17670347
49257,0.028091852,0.04831028
49258,0.3171744,0.2065083
49259,0.21821617,0.019133748
49260,0.55229187,0.50012356
49261,0.05613662,0.14286907
49262,0.06406639,0.15981746
49263,0.03302123,0.044541087
49264,0.08196455,0.7120083
49265,0.4489871,0.58508015
49266,0.058566716,0.059563033
49267,0.412652,0.40497664
49268,0.050206628,0.2612405
49269,0.047598183,0.050721273
49270,0.028660575,0.08734385
49271,0.3174042,0.9137061
49272,0.2701965,0.43069842
49273,0.355187,0.6204965
49274,0.22053458,0.18740661
49275,0.12870015,0.94647115
49276,0.15420894,0.7139384
49277,0.06653871,0.04844206
49278,0.7269104,0.9567094
49279,0.19167763,0.18342352
49280,0.07642749,0.042962454
49281,0.06063653,0.44583848
49282,0.06770731,0.16959621
49283,0.091615155,0.42199475
49284,0.08650123,0.16218375
49285,0.082249805,0.25692007
49286,0.09481195,0.73598385
49287,0.7150736,0.86047876
49288,0.05258623,0.06663746
49289,0.22669365,0.7726629
49290,0.5400463,0.6678516
49291,0.24483421,0.5339403
49292,0.1910251,0.6927546
49293,0.051973883,0.15952146
49294,0.045800682,0.18444328
49295,0.17039107,0.05734816
49296,0.029005472,0.39647895
49297,0.061633404,0.8231249
49298,0.13483338,0.318996
49299,0.11711152,0.36853266
49300,0.09492254,0.34414533
49301,0.038411018,0.01552995
49302,0.04110298,0.118017934
49303,0.39830145,0.59322613
49304,0.04393397,0.6085805
49305,0.1335553,0.048448205
49306,0.10279363,0.5796995
49307,0.10447289,0.22571367
49308,0.18686652,0.93366456
49309,0.17108701,0.3414316
49310,0.034648962,0.52617836
49311,0.053185783,0.81157875
49312,0.13069946,0.5720687
49313,0.11034553,0.259631
49314,0.7342823,0.92007184
49315,0.02107259,0.012132468
49316,0.6809022,0.8374108
49317,0.118274495,0.19349264
49318,0.09474792,0.21277846
49319,0.082761474,0.03979444
49320,0.13601953,0.5195652
49321,0.09921318,0.25640753
49322,0.1531488,0.86716056
49323,0.4218711,0.9032551
49324,0.1958295,0.1840957
49325,0.23381165,0.8316759
49326,0.055958636,0.05967143
49327,0.23585737,0.18818331
49328,0.11430457,0.43897533
49329,0.10533389,0.48534355
49330,0.08579102,0.13604861
49331,0.073794976,0.06268348
49332,0.055134393,0.70791316
49333,0.017559353,0.060133282
49334,0.16136909,0.7683483
49335,0.24416628,0.32206333
49336,0.08147771,0.061967567
49337,0.33858922,0.37458125
49338,0.023302922,0.028194336
49339,0.27198273,0.49231514
49340,0.06779712,0.095979534
49341,0.04182927,0.08939581
49342,0.20582531,0.438028
49343,0.046228733,0.11937319
49344,0.13063416,0.7778277
49345,0.759551,0.9114051
49346,0.5608106,0.51672596
49347,0.06669634,0.17258266
49348,0.12296484,0.3793352
49349,0.017625067,0.04115591
49350,0.09583408,0.8545226
49351,0.0553843,0.08037913
49352,0.22771534,0.3499176
49353,0.045259148,0.7287349
49354,0.03319394,0.44561425
49355,0.07547041,0.42742714
49356,0.049891993,0.19278893
49357,0.17482208,0.3911183
49358,0.08512867,0.88554245
49359,0.12653115,0.1859347
49360,0.06422972,0.2751324
49361,0.06814116,0.06364166
49362,0.026367102,0.041327003
49363,0.3629823,0.4658988
49364,0.12758367,0.4301957
49365,0.7637801,0.6426269
49366,0.6783555,0.64883715
49367,0.07311423,0.9153332
49368,0.27331498,0.46235356
49369,0.08237009,0.5507452
49370,0.8267014,0.83181506
49371,0.5465614,0.37248427
49372,0.09532812,0.17235142
49373,0.13544393,0.25014743
49374,0.041368973,0.054315053
49375,0.11626876,0.25076872
49376,0.08301293,0.18184
49377,0.06484878,0.48905933
49378,0.17703512,0.76223224
49379,0.021120312,0.032307096
49380,0.7918817,0.898703
49381,0.26941085,0.14506423
49382,0.03633147,0.036225934
49383,0.4162318,0.86998415
49384,0.046349067,0.09363413
49385,0.090932325,0.37496316
49386,0.037211973,0.044120807
49387,0.08567842,0.23941496
49388,0.22658375,0.7811329
49389,0.086503714,0.61939514
49390,0.09314032,0.17946655
49391,0.049693692,0.08725204
49392,0.0864694,0.096204884
49393,0.068797305,0.44139054
49394,0.095443346,0.5964332
49395,0.435063,0.4552088
49396,0.27050042,0.61463517
49397,0.24694927,0.8524393
49398,0.11336446,0.062154897
49399,0.057976406,0.13937269
49400,0.013524418,0.042909183
49401,0.35649192,0.7066906
49402,0.5403184,0.79928964
49403,0.6618719,0.82900167
49404,0.03317339,0.2732391
49405,0.07371095,0.18517254
49406,0.21470134,0.3221534
49407,0.06561537,0.49853006
49408,0.04491773,0.16740648
49409,0.11287011,0.65476114
49410,0.25870523,0.8404185
49411,0.19268607,0.83896375
49412,0.54166067,0.7467177
49413,0.06420812,0.15971668
49414,0.092881866,0.062479176
49415,0.1766883,0.17652519
49416,0.8093172,0.9828908
49417,0.09910546,0.32639274
49418,0.12684561,0.56426567
49419,0.5053359,0.93000895
49420,0.06583867,0.87652254
49421,0.057757646,0.19809245
49422,0.4732322,0.7384616
49423,0.04028057,0.09175414
49424,0.056005962,0.045188405
49425,0.04744211,0.10876045
49426,0.17571382,0.30954242
49427,0.06710515,0.3008226
49428,0.08613094,0.87713903
49429,0.6748336,0.5936444
49430,0.05008638,0.13322645
49431,0.21792735,0.71159554
49432,0.043235794,0.07272875
49433,0.5586279,0.33113322
49434,0.17390418,0.13152163
49435,0.33161592,0.836381
49436,0.11727119,0.29360315
49437,0.39221898,0.6471266
49438,0.062817805,0.08175311
49439,0.05906091,0.11221272
49440,0.11085855,0.8067833
49441,0.48901117,0.9531558
49442,0.026505912,0.052435286
49443,0.1491598,0.02781766
49444,0.46552,0.8972746
49445,0.059671648,0.46416947
49446,0.026841518,0.09926928
49447,0.7692867,0.8278262
49448,0.6447653,0.89500064
49449,0.8335448,0.84585416
49450,0.112260096,0.55590326
49451,0.2695287,0.9232574
49452,0.13207313,0.18857488
49453,0.10204302,0.11357495
49454,0.6068449,0.96568865
49455,0.1403412,0.5220455
49456,0.06845513,0.19093272
49457,0.20904362,0.91935796
49458,0.22455092,0.1462503
49459,0.08286372,0.86924344
49460,0.22596483,0.34374547
49461,0.75210816,0.6089242
49462,0.08795656,0.64747405
49463,0.54011196,0.8148251
49464,0.04258071,0.11136019
49465,0.21174234,0.83471245
49466,0.037777193,0.1100653
49467,0.11794162,0.881741
49468,0.88867927,0.9071227
49469,0.103084,0.11713949
49470,0.17153618,0.6082677
49471,0.09772759,0.66815317
49472,0.0874871,0.1082121
49473,0.46012425,0.53576714
49474,0.06727556,0.22230104
49475,0.12288552,0.40700483
49476,0.024913784,0.18820223
49477,0.063393645,0.9625424
49478,0.46460727,0.8175841
49479,0.22240318,0.6613279
49480,0.20118773,0.14045902
49481,0.032260146,0.72258985
49482,0.15552464,0.4625171
49483,0.10721047,0.49484918
49484,0.053506218,0.1730007
49485,0.18674026,0.07304617
49486,0.23544893,0.2914849
49487,0.09161154,0.12397877
49488,0.6291541,0.6299777
49489,0.009305159,0.3421551
49490,0.10405714,0.1006189
49491,0.12223895,0.13785382
49492,0.07761943,0.20154911
49493,0.13497303,0.15418203
49494,0.08799027,0.20326246
49495,0.45548484,0.64975643
49496,0.07204064,0.05851471
49497,0.042457797,0.15348038
49498,0.07477039,0.05952207
49499,0.084076956,0.54611266
49500,0.061459124,0.8430838
49501,0.076308794,0.16928104
49502,0.54312575,0.6440145
49503,0.17245996,0.31161076
49504,0.08358654,0.4289821
49505,0.1267201,0.8624264
49506,0.04347614,0.46195462
49507,0.11086311,0.36390555
49508,0.033314064,0.12227202
49509,0.20015082,0.2832963
49510,0.055110153,0.4926021
49511,0.26662475,0.26628825
49512,0.481054,0.5657729
49513,0.086451866,0.094169095
49514,0.10718795,0.23155467
49515,0.07351588,0.4083717
49516,0.47388613,0.58173716
49517,0.15807235,0.4477448
49518,0.112142846,0.6186224
49519,0.58882004,0.8653593
49520,0.3109466,0.5894868
49521,0.5209758,0.6264485
49522,0.41782895,0.66950464
49523,0.066255726,0.63754934
49524,0.09127348,0.297998
49525,0.051149335,0.034582246
49526,0.5031589,0.69189686
49527,0.07673258,0.89828515
49528,0.049774185,0.7597516
49529,0.042891532,0.094705254
49530,0.58918816,0.7740453
49531,0.30499154,0.77415335
49532,0.09362347,0.49891222
49533,0.26224253,0.7407926
49534,0.0650902,0.13482356
49535,0.055743247,0.11933326
49536,0.09301497,0.16402806
49537,0.6162027,0.79545784
49538,0.080042444,0.6504738
49539,0.17858493,0.15866713
49540,0.11743075,0.19906278
49541,0.028902354,0.010014067
49542,0.16176888,0.16678669
49543,0.20086828,0.090981
49544,0.075912304,0.04056411
49545,0.03836439,0.082863666
49546,0.296378,0.3164997
49547,0.02852068,0.5257632
49548,0.62400657,0.31062332
49549,0.04761151,0.08054293
49550,0.044384174,0.24222001
49551,0.436871,0.63767034
49552,0.05517887,0.20669909
49553,0.088306434,0.2107222
49554,0.87636054,0.952332
49555,0.07994655,0.5042486
49556,0.07258437,0.05020197
49557,0.35276228,0.8412239
49558,0.33173287,0.6091884
49559,0.028982347,0.10640002
49560,0.11266032,0.8453036
49561,0.1120906,0.17484716
49562,0.7733975,0.87389565
49563,0.54452467,0.9533974
49564,0.1283874,0.57611376
49565,0.04814565,0.089737445
49566,0.07746608,0.8049654
49567,0.11927509,0.40468857
49568,0.73011816,0.7657938
49569,0.16372353,0.58930516
49570,0.16827856,0.36971387
49571,0.042428292,0.04668509
49572,0.02598089,0.07798696
49573,0.041834,0.11190859
49574,0.14810942,0.3045421
49575,0.21977991,0.92263913
49576,0.28760973,0.7468198
49577,0.19193472,0.34819683
49578,0.34235588,0.39546633
49579,0.054529034,0.078616954
49580,0.5945666,0.5424526
49581,0.097564854,0.6304882
49582,0.8321589,0.6663753
49583,0.7371608,0.8514651
49584,0.048790317,0.40885997
49585,0.116395615,0.16903637
49586,0.09717493,0.044683274
49587,0.6994236,0.85741246
49588,0.42462197,0.85572404
49589,0.77947533,0.90328556
49590,0.077600196,0.119582295
49591,0.55971295,0.59178776
49592,0.10730079,0.79832715
49593,0.0783865,0.551475
49594,0.14750119,0.930284
49595,0.031083353,0.53219765
49596,0.062012073,0.08106744
49597,0.18558489,0.78650254
49598,0.082661666,0.20613794
49599,0.051358715,0.39290592
49600,0.9034698,0.8703595
49601,0.048851542,0.6183912
49602,0.14602841,0.118399605
49603,0.0783108,0.16821954
49604,0.24549599,0.44372243
49605,0.078663945,0.36341566
49606,0.11164682,0.54792184
49607,0.041963283,0.826181
49608,0.055522528,0.8654109
49609,0.13745733,0.2977146
49610,0.07717319,0.2032962
49611,0.14481328,0.8226313
49612,0.06098127,0.16013202
49613,0.5821802,0.53155106
49614,0.32032308,0.5606719
49615,0.17174327,0.81828356
49616,0.18713434,0.90609115
49617,0.3021448,0.31692353
49618,0.83050156,0.9796616
49619,0.08123911,0.9381135
49620,0.14934672,0.74084777
49621,0.027619673,0.07324944
49622,0.03945475,0.06970047
49623,0.18059388,0.42903328
49624,0.03168015,0.12978557
49625,0.14428288,0.020670589
49626,0.22850867,0.9438851
49627,0.21610741,0.12842669
49628,0.13057028,0.09180428
49629,0.1327458,0.16796415
49630,0.043675534,0.021887932
49631,0.2803196,0.32998604
49632,0.11130925,0.20563243
49633,0.0523092,0.93891233
49634,0.12019317,0.46099246
49635,0.6448798,0.94554704
49636,0.20812516,0.30041584
49637,0.39134768,0.41939327
49638,0.14008808,0.16219385
49639,0.43062237,0.31005883
49640,0.6657895,0.8614851
49641,0.23864222,0.18667693
49642,0.19015135,0.541911
49643,0.15009639,0.12590161
49644,0.13938557,0.074392095
49645,0.69871515,0.967192
49646,0.10306656,0.0987251
49647,0.2629785,0.45673823
49648,0.053607576,0.8878086
49649,0.089392185,0.10300286
49650,0.10061726,0.9338122
49651,0.023934532,0.015995234
49652,0.37214914,0.2766107
49653,0.049020737,0.050808255
49654,0.09022556,0.9199652
49655,0.060735244,0.23792705
49656,0.035188068,0.2452302
49657,0.13006884,0.5352362
49658,0.1410863,0.5609107
49659,0.38536778,0.6150038
49660,0.16149363,0.35656318
49661,0.084485024,0.18719067
49662,0.051892698,0.081076115
49663,0.46868747,0.6549353
49664,0.11347881,0.28195223
49665,0.6793999,0.59119844
49666,0.052927487,0.16986668
49667,0.023693403,0.9407706
49668,0.041719954,0.1047382
49669,0.091932915,0.89264053
49670,0.07599743,0.11687846
49671,0.1488858,0.8507912
49672,0.092688136,0.41555136
49673,0.054280773,0.1541665
49674,0.085248366,0.58854514
49675,0.4019991,0.3456367
49676,0.2482456,0.48665598
49677,0.105158,0.23473951
49678,0.36798266,0.47243464
49679,0.06161182,0.15082933
49680,0.69100225,0.69493926
49681,0.1015418,0.7359562
49682,0.19778174,0.75055194
49683,0.8040919,0.8764039
49684,0.82498544,0.85094786
49685,0.026785426,0.074859336
49686,0.04748091,0.13752808
49687,0.7231406,0.9052424
49688,0.0691821,0.92008257
49689,0.046809427,0.08174833
49690,0.09219301,0.38704437
49691,0.06251531,0.42293203
49692,0.3757234,0.8570954
49693,0.114616685,0.24399132
49694,0.13308375,0.43666112
49695,0.32490948,0.46239892
49696,0.045315683,0.5823537
49697,0.075458944,0.71247196
49698,0.13644354,0.15598871
49699,0.18345326,0.27901185
49700,0.785933,0.9097839
49701,0.08087849,0.04584266
49702,0.1603573,0.75312406
49703,0.014696554,0.27418986
49704,0.017533945,0.009871319
49705,0.38969377,0.37906903
49706,0.13922295,0.94599575
49707,0.08601391,0.7044728
49708,0.05828279,0.07157049
49709,0.04076713,0.15544596
49710,0.10976032,0.2332172
49711,0.33313775,0.7767337
49712,0.045894954,0.03337486
49713,0.4508235,0.60065514
49714,0.4658044,0.8325108
49715,0.118755996,0.112138145
49716,0.12448547,0.29128778
49717,0.6897729,0.8480683
49718,0.049343776,0.44319448
49719,0.6697786,0.83268476
49720,0.2446869,0.7983329
49721,0.31908822,0.14256878
49722,0.040170267,0.048389465
49723,0.05640077,0.23023054
49724,0.56103283,0.20492692
49725,0.120842755,0.33996773
49726,0.042699106,0.0259742
49727,0.25336334,0.764857
49728,0.027087523,0.058806244
49729,0.060547672,0.61068285
49730,0.6571622,0.8010977
49731,0.04386267,0.08415445
49732,0.1862856,0.14898537
49733,0.09746904,0.051931288
49734,0.118916556,0.32802746
49735,0.10118503,0.65425235
49736,0.048247106,0.036407717
49737,0.057580132,0.11859974
49738,0.07977335,0.8297605
49739,0.13932173,0.108326554
49740,0.018502789,0.080502115
49741,0.040427886,0.06605888
49742,0.39106426,0.26930976
49743,0.41779098,0.5458007
49744,0.08140169,0.10970049
49745,0.053149495,0.088754
49746,0.0700307,0.23949401
49747,0.04687715,0.7748921
49748,0.49819812,0.6976246
49749,0.29422322,0.8930475
49750,0.24961597,0.39616865
49751,0.176869,0.23474096
49752,0.09464677,0.23733853
49753,0.093442425,0.37785152
49754,0.017970871,0.091292724
49755,0.12706688,0.22356844
49756,0.07836268,0.7603784
49757,0.056858726,0.28687474
49758,0.18591328,0.338667
49759,0.59810996,0.95731
49760,0.39856443,0.6431079
49761,0.04100303,0.07755072
49762,0.12630618,0.4513012
49763,0.21105349,0.5076634
49764,0.65531343,0.9624532
49765,0.08433478,0.09783318
49766,0.36487278,0.48825815
49767,0.09841041,0.30890542
49768,0.13916326,0.83866525
49769,0.19786139,0.2419585
49770,0.4781232,0.8306147
49771,0.82907766,0.9299945
49772,0.08681115,0.4166677
49773,0.13545513,0.3534557
49774,0.046688832,0.8479412
49775,0.070348896,0.42341653
49776,0.07836172,0.81683606
49777,0.43488094,0.47260764
49778,0.11353873,0.13277568
49779,0.36890206,0.8299576
49780,0.01933235,0.041223958
49781,0.02529165,0.032643035
49782,0.07424856,0.20430468
49783,0.276678,0.5055668
49784,0.28858325,0.65370387
49785,0.2631641,0.2150655
49786,0.12250046,0.9156674
49787,0.17536242,0.5323915
49788,0.08744122,0.037199643
49789,0.11939192,0.10920512
49790,0.04897953,0.064560555
49791,0.81168747,0.89189893
49792,0.17615998,0.8257305
49793,0.32602653,0.4348123
49794,0.77102226,0.88891715
49795,0.026739478,0.061752558
49796,0.18573706,0.75266427
49797,0.55807537,0.87485033
49798,0.2834506,0.12499726
49799,0.29320064,0.40754777
49800,0.061605204,0.85502434
49801,0.63768,0.80765665
49802,0.5203245,0.43383744
49803,0.11540569,0.15553926
49804,0.80322087,0.82550144
49805,0.07938463,0.4704677
49806,0.0660219,0.073373884
49807,0.07620887,0.22707327
49808,0.7430679,0.9313254
49809,0.12043445,0.35902712
49810,0.06155797,0.28899068
49811,0.11087653,0.14371243
49812,0.2930167,0.3837357
49813,0.07899195,0.540629
49814,0.06986707,0.07485799
49815,0.061235208,0.22689272
49816,0.1319751,0.7397333
49817,0.12136202,0.834705
49818,0.48152712,0.7775665
49819,0.2994386,0.7780255
49820,0.8934413,0.9761663
49821,0.8389201,0.79366904
49822,0.07097628,0.17002545
49823,0.053903315,0.3765751
49824,0.029914102,0.11736824
49825,0.05155727,0.055540938
49826,0.35252184,0.40134513
49827,0.5462985,0.71142036
49828,0.18272398,0.22480342
49829,0.644269,0.9049469
49830,0.13659836,0.8522966
49831,0.62017417,0.82493734
49832,0.20104273,0.8017279
49833,0.046049796,0.53139037
49834,0.09636272,0.77783245
49835,0.04526997,0.019629037
49836,0.10234253,0.5260947
49837,0.0751494,0.35014635
49838,0.47419575,0.79719305
49839,0.5229568,0.26975647
49840,0.24444793,0.2816645
49841,0.19655138,0.7623709
49842,0.081449896,0.64811486
49843,0.05751854,0.7510805
49844,0.24619627,0.7474263
49845,0.71454245,0.4328612
49846,0.07654964,0.10722707
49847,0.33938956,0.89223576
49848,0.04550417,0.12132466
49849,0.12911141,0.3257951
49850,0.27239677,0.8171326
49851,0.02675803,0.07982249
49852,0.102966346,0.18720989
49853,0.15321934,0.11091742
49854,0.20242348,0.4865515
49855,0.86059207,0.96505
49856,0.14017946,0.38038805
49857,0.38016203,0.92292315
49858,0.11736118,0.39536783
49859,0.8388542,0.81161535
49860,0.050455395,0.09064915
49861,0.18534118,0.5473428
49862,0.55448514,0.9538013
49863,0.1889397,0.60330606
49864,0.09346535,0.11174392
49865,0.5467272,0.2643178
49866,0.43856794,0.6989594
49867,0.077493265,0.37370825
49868,0.13452107,0.3005913
49869,0.111269705,0.9102147
49870,0.13676248,0.8155976
49871,0.101061136,0.27388686
49872,0.15062715,0.49775976
49873,0.20621167,0.86604285
49874,0.08114181,0.18040363
49875,0.058284007,0.3011801
49876,0.7271568,0.95024866
49877,0.17975225,0.14346392
49878,0.015996156,0.032396205
49879,0.07522729,0.09366276
49880,0.058671743,0.059802134
49881,0.54866594,0.44492042
49882,0.31702316,0.9430626
49883,0.059022285,0.9596982
49884,0.39783522,0.7943314
49885,0.5028176,0.9589352
49886,0.15640381,0.3343092
49887,0.79223824,0.6195624
49888,0.18894555,0.6419593
49889,0.07818965,0.18012895
49890,0.37895525,0.63672066
49891,0.054060135,0.064034574
49892,0.0713167,0.5329674
49893,0.7905686,0.7110892
49894,0.140639,0.14660394
49895,0.1387597,0.8662182
49896,0.047418397,0.09042588
49897,0.0681927,0.22958918
49898,0.065512665,0.14048442
49899,0.32316554,0.19533168
49900,0.068030894,0.7886567
49901,0.1876383,0.2726053
49902,0.06321431,0.55196434
49903,0.08650583,0.1098107
49904,0.23514825,0.29982004
49905,0.8122003,0.9398374
49906,0.07768267,0.09507235
49907,0.09897998,0.94886917
49908,0.046482973,0.032646704
49909,0.50487506,0.84788245
49910,0.054731935,0.08283253
49911,0.046840135,0.59689605
49912,0.036988363,0.07660637
49913,0.044228382,0.044900753
49914,0.037756078,0.037918415
49915,0.05052509,0.035689604
49916,0.14013429,0.5203811
49917,0.8890812,0.9616208
49918,0.07315767,0.6678477
49919,0.015817842,0.030754184
49920,0.70728165,0.9023424
49921,0.30363604,0.47692674
49922,0.7722876,0.9087676
49923,0.06051155,0.6066625
49924,0.12690823,0.85421944
49925,0.15485795,0.24937874
49926,0.4192094,0.21158658
49927,0.080875196,0.19833402
49928,0.48577592,0.5020412
49929,0.07165104,0.10769915
49930,0.10499324,0.807773
49931,0.37519482,0.45685947
49932,0.033887446,0.4432701
49933,0.5400117,0.62694675
49934,0.07248887,0.75124454
49935,0.050245732,0.041653626
49936,0.23356813,0.5904248
49937,0.09549097,0.41769633
49938,0.78474015,0.8149259
49939,0.16066946,0.33452976
49940,0.9203501,0.9703217
49941,0.77001095,0.9121588
49942,0.15291157,0.27358797
49943,0.4913479,0.8373312
49944,0.74975044,0.8636602
49945,0.07008658,0.03619996
49946,0.13736132,0.18947336
49947,0.41221815,0.5207707
49948,0.069686785,0.92170817
49949,0.73165864,0.32196447
49950,0.054640654,0.09376196
49951,0.05601152,0.13957748
49952,0.7936771,0.8438407
49953,0.12024933,0.24307059
49954,0.05628995,0.22689374
49955,0.5486282,0.8692587
49956,0.019855527,0.027054789
49957,0.07944727,0.49655068
49958,0.10464723,0.28143004
49959,0.17051403,0.30124658
49960,0.23123772,0.7569595
49961,0.12373731,0.82571226
49962,0.04948022,0.13568014
49963,0.55522686,0.8150993
49964,0.28100872,0.35282448
49965,0.05584666,0.38883406
49966,0.12386703,0.2182987
49967,0.17928281,0.5418973
49968,0.042292565,0.04782922
49969,0.13004412,0.114195466
49970,0.20333348,0.45693952
49971,0.14162713,0.89077574
49972,0.13972329,0.29606426
49973,0.082091875,0.69321823
49974,0.20532896,0.57932866
49975,0.44332728,0.21305633
49976,0.36220822,0.18560879
49977,0.19931343,0.47731224
49978,0.19262183,0.52418476
49979,0.67399776,0.8646181
49980,0.094747245,0.924902
49981,0.18453918,0.36107528
49982,0.10064054,0.9036543
49983,0.029564485,0.0336916
49984,0.17015189,0.6092167
49985,0.073989004,0.75415164
49986,0.42420843,0.51698756
49987,0.25184193,0.3669824
49988,0.76734334,0.8623552
49989,0.040972028,0.31487316
49990,0.087596,0.21171848
49991,0.42163157,0.60598236
49992,0.07550049,0.10309952
49993,0.21993022,0.467808
49994,0.091626704,0.7661147
49995,0.030968498,0.06421385
49996,0.40941164,0.63972396
49997,0.104274705,0.8334365
49998,0.28634608,0.58682466
49999,0.09603612,0.25141597
50000,0.15168796,0.22593515
50001,0.017728899,0.035191745
50002,0.5078302,0.5307575
50003,0.05567492,0.25625566
50004,0.17440063,0.29136497
50005,0.5514543,0.88707465
50006,0.23648168,0.33856547
50007,0.039757915,0.5080337
50008,0.3347138,0.20199394
50009,0.023662066,0.13713706
50010,0.28601998,0.793249
50011,0.028651422,0.020601857
50012,0.31400898,0.6272177
50013,0.558991,0.62811965
50014,0.14121997,0.16079739
50015,0.39123935,0.2920054
50016,0.045367207,0.32710996
50017,0.13124593,0.115152285
50018,0.23272023,0.2729151
50019,0.6713452,0.86455727
50020,0.08674982,0.8870573
50021,0.081641816,0.14671102
50022,0.18848398,0.67194295
50023,0.60909307,0.56635904
50024,0.89014614,0.95885354
50025,0.10412751,0.4209674
50026,0.10691358,0.84607357
50027,0.16337305,0.8978435
50028,0.096575625,0.14695142
50029,0.5119269,0.9212705
50030,0.03342468,0.040861815
50031,0.07953395,0.61314607
50032,0.021255098,0.043602895
50033,0.11928629,0.49885893
50034,0.038471457,0.1002624
50035,0.045536377,0.620801
50036,0.070171334,0.47355756
50037,0.17809871,0.64049715
50038,0.1730308,0.18533859
50039,0.057437908,0.84235525
50040,0.16025512,0.17122465
50041,0.081951566,0.2559871
50042,0.17479001,0.7292254
50043,0.038104016,0.054560732
50044,0.14074473,0.18002495
50045,0.4649293,0.68152064
50046,0.10266223,0.67932254
50047,0.27086452,0.6442796
50048,0.12552457,0.1712497
50049,0.4360424,0.3392384
50050,0.58270925,0.89012355
50051,0.2094137,0.57238823
50052,0.06294272,0.17585517
50053,0.013646844,0.09028162
50054,0.44951138,0.96122557
50055,0.17065065,0.37367168
50056,0.0798295,0.19687606
50057,0.24234346,0.29956362
50058,0.14448164,0.10727871
50059,0.044565547,0.18868993
50060,0.09947748,0.28903744
50061,0.07512064,0.29261625
50062,0.03917062,0.05812587
50063,0.019379182,0.10376554
50064,0.03570659,0.15428397
50065,0.04398396,0.10393946
50066,0.62788767,0.73266894
50067,0.20639834,0.77802545
50068,0.4174963,0.7893733
50069,0.12327994,0.46534178
50070,0.040493265,0.11826265
50071,0.19075334,0.5808011
50072,0.6384791,0.84436685
50073,0.21745972,0.24761304
50074,0.08114108,0.84532434
50075,0.809118,0.71793437
50076,0.7055778,0.9317889
50077,0.4842355,0.8070113
50078,0.15407199,0.22677997
50079,0.06667003,0.0627836
50080,0.16005388,0.32372776
50081,0.8217342,0.88428295
50082,0.64882153,0.7138311
50083,0.42290738,0.6010199
50084,0.13539363,0.12338217
50085,0.2689737,0.43379903
50086,0.054318063,0.16825682
50087,0.23922013,0.20437047
50088,0.04867632,0.08812046
50089,0.4488507,0.41824454
50090,0.019473702,0.08427585
50091,0.06721367,0.19928665
50092,0.058492657,0.11498474
50093,0.55706835,0.61411774
50094,0.56083095,0.7194163
50095,0.5297986,0.8363305
50096,0.1023571,0.2215486
50097,0.21436745,0.5952871
50098,0.08465379,0.45124993
50099,0.74461347,0.90245616
50100,0.033608668,0.40995157
50101,0.11792825,0.5986238
50102,0.09221435,0.13455118
50103,0.5716581,0.61628735
50104,0.030909425,0.57552916
50105,0.04028336,0.8508834
50106,0.037786208,0.23549992
50107,0.058311373,0.09698644
50108,0.06325784,0.9033005
50109,0.088067256,0.103533864
50110,0.765605,0.924866
50111,0.4283868,0.21079904
50112,0.32343912,0.54982704
50113,0.06038078,0.06248604
50114,0.044468414,0.08115711
50115,0.1792152,0.42255953
50116,0.5009084,0.12984641
50117,0.13724509,0.6876146
50118,0.017793402,0.15842521
50119,0.068368085,0.02922556
50120,0.017494446,0.04861751
50121,0.08690586,0.18746056
50122,0.63622475,0.9390681
50123,0.022608202,0.04218563
50124,0.07012566,0.06775825
50125,0.5385733,0.7238844
50126,0.042268798,0.92854816
50127,0.5734562,0.70702857
50128,0.14510858,0.92145675
50129,0.15562008,0.0930461
50130,0.01893323,0.1068407
50131,0.6622453,0.7861926
50132,0.7533705,0.73992586
50133,0.06343593,0.12974627
50134,0.10230539,0.5113973
50135,0.0348563,0.06417586
50136,0.2248175,0.71204233
50137,0.5469065,0.49295735
50138,0.106299125,0.26079157
50139,0.0967497,0.4641483
50140,0.06300302,0.06703095
50141,0.061038237,0.13495426
50142,0.13013971,0.59143
50143,0.7986298,0.7931035
50144,0.31657672,0.4378284
50145,0.080977745,0.6334318
50146,0.53655237,0.7761194
50147,0.24457747,0.5227368
50148,0.5609048,0.5940969
50149,0.019507479,0.070921436
50150,0.067870185,0.21201277
50151,0.026097454,0.13328983
50152,0.087903574,0.6685067
50153,0.14291313,0.079078354
50154,0.042514827,0.8729966
50155,0.26277158,0.5146891
50156,0.03084148,0.04182578
50157,0.1883056,0.80706346
50158,0.8710176,0.92963046
50159,0.13663757,0.96577835
50160,0.059304558,0.3539662
50161,0.15255149,0.7615397
50162,0.15194878,0.16368006
50163,0.035848115,0.10083319
50164,0.112079225,0.21653216
50165,0.041835137,0.0867475
50166,0.0703518,0.1460712
50167,0.28664726,0.62313646
50168,0.0673751,0.29320946
50169,0.10878781,0.13323453
50170,0.08488856,0.35306135
50171,0.14153796,0.22399722
50172,0.13575232,0.7806017
50173,0.1992266,0.84977514
50174,0.11837495,0.454173
50175,0.07995258,0.8647642
50176,0.057654038,0.36579707
50177,0.4599997,0.2673627
50178,0.09597264,0.6532614
50179,0.0595389,0.24099721
50180,0.025951631,0.019988406
50181,0.099813774,0.14783818
50182,0.18981013,0.24330917
50183,0.9259919,0.9534802
50184,0.04224314,0.23141664
50185,0.60010487,0.036274195
50186,0.09780797,0.15732062
50187,0.73076296,0.79228956
50188,0.05742478,0.354256
50189,0.07412046,0.013235365
50190,0.070130065,0.4901786
50191,0.67733866,0.6392677
50192,0.027637068,0.022815756
50193,0.13003995,0.36320966
50194,0.05218143,0.15273905
50195,0.16703093,0.88761085
50196,0.042041097,0.4175959
50197,0.23499556,0.42683592
50198,0.82248366,0.67632735
50199,0.09516489,0.4242804
50200,0.54390025,0.8076309
50201,0.060821556,0.9722712
50202,0.34703824,0.47601938
50203,0.07429092,0.028897924
50204,0.04948067,0.08085398
50205,0.8415365,0.91482425
50206,0.77993524,0.8138119
50207,0.06925977,0.1237114
50208,0.066716276,0.84164983
50209,0.04035796,0.057314105
50210,0.1387712,0.29118484
50211,0.38698265,0.95589036
50212,0.65863085,0.8772646
50213,0.10784179,0.21096633
50214,0.6217673,0.9189412
50215,0.24831586,0.07505214
50216,0.39191788,0.895132
50217,0.05907589,0.08428944
50218,0.27026674,0.40001038
50219,0.030661017,0.09728503
50220,0.063027106,0.2715002
50221,0.08956287,0.45371678
50222,0.16129342,0.23900394
50223,0.072269306,0.03594839
50224,0.16435197,0.8167102
50225,0.45175326,0.6659747
50226,0.14934537,0.2517269
50227,0.23870051,0.5046332
50228,0.10968626,0.43785673
50229,0.13408275,0.2887774
50230,0.03610872,0.46875826
50231,0.5661317,0.56630015
50232,0.043298613,0.53504986
50233,0.32199922,0.26340526
50234,0.28173208,0.56263363
50235,0.09362039,0.4329858
50236,0.07753951,0.3322912
50237,0.056088593,0.20124947
50238,0.6601296,0.7762099
50239,0.13241948,0.88849956
50240,0.088019885,0.3641382
50241,0.0152944,0.045757614
50242,0.1254435,0.6985291
50243,0.09684271,0.08075242
50244,0.060217693,0.038028445
50245,0.6463996,0.9248624
50246,0.42862493,0.3091702
50247,0.45072263,0.36395746
50248,0.24766685,0.39592564
50249,0.08974345,0.77239084
50250,0.61684823,0.79350847
50251,0.03596763,0.058171045
50252,0.068086565,0.34308502
50253,0.11188,0.95895255
50254,0.111162126,0.87895036
50255,0.094419606,0.20720667
50256,0.07265227,0.33889443
50257,0.47055736,0.70869434
50258,0.04773067,0.25337592
50259,0.12045423,0.93214977
50260,0.07950155,0.19935322
50261,0.9048055,0.87959564
50262,0.0279776,0.03403559
50263,0.06465858,0.28882194
50264,0.06636363,0.08008316
50265,0.71032786,0.9120718
50266,0.12700076,0.4819515
50267,0.06286477,0.5215491
50268,0.082577944,0.24218957
50269,0.10009685,0.39038774
50270,0.29675224,0.63987124
50271,0.048447575,0.094045036
50272,0.08126942,0.4022712
50273,0.061113093,0.8119926
50274,0.20074666,0.49525046
50275,0.06886583,0.46098346
50276,0.030554904,0.24859472
50277,0.06340116,0.25926745
50278,0.6479726,0.7862304
50279,0.1721877,0.20159519
50280,0.11306104,0.3090784
50281,0.0786496,0.13285504
50282,0.035453275,0.07533866
50283,0.62050855,0.8799446
50284,0.06523508,0.13267209
50285,0.361723,0.5914106
50286,0.02430002,0.056136996
50287,0.40731838,0.60108745
50288,0.0760788,0.3840757
50289,0.34993055,0.6958824
50290,0.039472684,0.039274536
50291,0.4653511,0.38892657
50292,0.043419164,0.16444755
50293,0.14196786,0.19703454
50294,0.08166887,0.45282674
50295,0.16007458,0.04323736
50296,0.721726,0.8394647
50297,0.034788184,0.3252494
50298,0.090714894,0.493543
50299,0.11648015,0.25944346
50300,0.29257745,0.7452926
50301,0.032263037,0.070490345
50302,0.87896556,0.91314524
50303,0.5995783,0.8694898
50304,0.3417632,0.30142942
50305,0.06870628,0.37769932
50306,0.033308685,0.240611
50307,0.070720136,0.2796475
50308,0.23658139,0.8229716
50309,0.091726765,0.7589732
50310,0.62217253,0.34921673
50311,0.71793866,0.8210324
50312,0.11614913,0.2602302
50313,0.0586795,0.077845566
50314,0.9061816,0.9560613
50315,0.09786784,0.8643628
50316,0.20752224,0.7920421
50317,0.09422327,0.18480074
50318,0.06896121,0.40920055
50319,0.037510883,0.6644161
50320,0.057381928,0.1838808
50321,0.20888901,0.8761974
50322,0.05631109,0.2264436
50323,0.28593287,0.66431266
50324,0.10930657,0.46828583
50325,0.1331753,0.47128662
50326,0.040855177,0.4744451
50327,0.13307582,0.9120256
50328,0.033353314,0.66165155
50329,0.17456985,0.32189387
50330,0.2334347,0.38470578
50331,0.1698763,0.20616196
50332,0.117694385,0.40153107
50333,0.81232756,0.8860553
50334,0.09482924,0.81980324
50335,0.4966257,0.68600976
50336,0.0956314,0.9331007
50337,0.023282869,0.101909876
50338,0.595898,0.8145248
50339,0.088270485,0.58052075
50340,0.11267786,0.061182477
50341,0.061639547,0.29213214
50342,0.1612654,0.18303873
50343,0.52380854,0.68388194
50344,0.12129704,0.8000953
50345,0.58525765,0.88365763
50346,0.076555535,0.18453813
50347,0.23909572,0.495332
50348,0.078539245,0.021670295
50349,0.034437858,0.059875477
50350,0.018084813,0.016173847
50351,0.081218705,0.1642551
50352,0.17574398,0.18098402
50353,0.09388557,0.36745796
50354,0.39416698,0.3456957
50355,0.032570146,0.09301988
50356,0.35107303,0.21166898
50357,0.055688296,0.05664412
50358,0.12260343,0.63121957
50359,0.07737248,0.23902524
50360,0.04670054,0.064403184
50361,0.041913334,0.07797058
50362,0.8824514,0.8035827
50363,0.11787142,0.1619547
50364,0.80939007,0.9227761
50365,0.08185452,0.5048129
50366,0.47289607,0.6319121
50367,0.041541666,0.16771239
50368,0.04809923,0.6088321
50369,0.2526731,0.7802893
50370,0.5241787,0.7628409
50371,0.23835054,0.45203963
50372,0.042309042,0.2368551
50373,0.122725315,0.2503744
50374,0.22009648,0.4194538
50375,0.1589239,0.24064043
50376,0.1382399,0.2566421
50377,0.42828363,0.9314223
50378,0.029858315,0.07036173
50379,0.21735348,0.5730771
50380,0.26728314,0.46286175
50381,0.043850146,0.12655208
50382,0.20808297,0.59089756
50383,0.15375654,0.48529288
50384,0.06536587,0.15933943
50385,0.016620861,0.2933749
50386,0.7499456,0.5296326
50387,0.08079574,0.15388176
50388,0.061020166,0.116118625
50389,0.03008315,0.046022188
50390,0.13913761,0.49
50391,0.07895374,0.9397133
50392,0.2211288,0.06447572
50393,0.07889835,0.5725286
50394,0.35486636,0.33785364
50395,0.8451423,0.54891837
50396,0.05240093,0.07923237
50397,0.19710582,0.45372248
50398,0.07056449,0.14304191
50399,0.19731013,0.9451515
50400,0.03707625,0.6174574
50401,0.3976665,0.3636926
50402,0.4119996,0.90315133
50403,0.09838882,0.122139364
50404,0.108913325,0.17780732
50405,0.4366944,0.5657153
50406,0.187149,0.52562845
50407,0.046777915,0.3408121
50408,0.15940937,0.84360754
50409,0.100768775,0.5530222
50410,0.044970002,0.08334832
50411,0.18600567,0.8365625
50412,0.28249526,0.41555172
50413,0.071829244,0.12138915
50414,0.07945954,0.04587527
50415,0.09299557,0.18660863
50416,0.090466976,0.27460006
50417,0.091917925,0.5235399
50418,0.70064145,0.8616334
50419,0.08820197,0.17015858
50420,0.16263321,0.51288384
50421,0.04816833,0.07072624
50422,0.07879513,0.20087901
50423,0.17433837,0.5591945
50424,0.6900194,0.88643414
50425,0.06003542,0.91553575
50426,0.0769568,0.89127076
50427,0.04142307,0.017222015
50428,0.62097013,0.544569
50429,0.04346433,0.30876836
50430,0.023861676,0.08326491
50431,0.08935053,0.27652517
50432,0.17585765,0.8833618
50433,0.14342791,0.16182114
50434,0.035505507,0.09783421
50435,0.7781252,0.89338934
50436,0.10004208,0.953935
50437,0.12227333,0.4371711
50438,0.5253395,0.72015554
50439,0.4837636,0.45252335
50440,0.24923983,0.3347578
50441,0.73564005,0.9129452
50442,0.04029405,0.043533925
50443,0.5132579,0.6514286
50444,0.55205894,0.9602836
50445,0.6578494,0.6908166
50446,0.26407507,0.3903722
50447,0.16443083,0.28377593
50448,0.24217327,0.713339
50449,0.68950456,0.6065283
50450,0.53833157,0.6512041
50451,0.4807806,0.8288574
50452,0.09408142,0.34426033
50453,0.7013917,0.7430767
50454,0.047228668,0.86295646
50455,0.40027183,0.5323269
50456,0.05337777,0.13941191
50457,0.056636807,0.18662098
50458,0.30375576,0.8248371
50459,0.27464816,0.6728026
50460,0.121313006,0.28044054
50461,0.5170905,0.43610817
50462,0.33269227,0.6254887
50463,0.077116966,0.287926
50464,0.037513528,0.12969144
50465,0.026903719,0.074883826
50466,0.15121286,0.34025177
50467,0.65799135,0.6969152
50468,0.04836617,0.068111464
50469,0.5183573,0.5836861
50470,0.026280906,0.07952435
50471,0.647696,0.7178694
50472,0.285627,0.7815544
50473,0.46286297,0.6311787
50474,0.8414372,0.9472231
50475,0.107066065,0.92815393
50476,0.07145879,0.30771446
50477,0.105552144,0.44603914
50478,0.022773737,0.05121695
50479,0.065654606,0.07108346
50480,0.096233286,0.47947907
50481,0.5216737,0.8560201
50482,0.24979001,0.5143956
50483,0.0827123,0.12425291
50484,0.14494155,0.45283324
50485,0.02532985,0.10871105
50486,0.074625045,0.9456867
50487,0.049174514,0.04370116
50488,0.2061843,0.79301274
50489,0.16145767,0.88416654
50490,0.03259227,0.08055437
50491,0.042981505,0.07208678
50492,0.052479632,0.08375522
50493,0.039318208,0.5310145
50494,0.1431271,0.09445396
50495,0.5429623,0.7784642
50496,0.14470994,0.68662405
50497,0.17399207,0.17388391
50498,0.060845483,0.3041967
50499,0.044748247,0.20577595
50500,0.7886101,0.87959355
50501,0.05383932,0.11259
50502,0.3089738,0.37660533
50503,0.02138366,0.048045002
50504,0.7745029,0.9246635
50505,0.016022757,0.05295209
50506,0.07281812,0.1666561
50507,0.10192007,0.06602869
50508,0.033368222,0.10237871
50509,0.53121036,0.07709172
50510,0.06667221,0.3420543
50511,0.10556885,0.7734712
50512,0.031961203,0.23090015
50513,0.20731968,0.2661158
50514,0.67134094,0.85879755
50515,0.026522473,0.03072746
50516,0.49937505,0.3287994
50517,0.027060123,0.10081822
50518,0.09895037,0.47140825
50519,0.1389213,0.12672247
50520,0.123221785,0.25339136
50521,0.58039176,0.22249633
50522,0.58257955,0.8927444
50523,0.17478633,0.86150354
50524,0.08420386,0.2945794
50525,0.10545742,0.8214412
50526,0.1218709,0.8380921
50527,0.09117968,0.17688084
50528,0.11614144,0.17469157
50529,0.060545254,0.078962795
50530,0.11612299,0.9528991
50531,0.4231333,0.58889204
50532,0.044818357,0.10914015
50533,0.078695886,0.115262635
50534,0.03915443,0.021467201
50535,0.06792617,0.118902005
50536,0.04794201,0.14764795
50537,0.12941743,0.18211137
50538,0.13660717,0.25093865
50539,0.0772458,0.21038656
50540,0.09099135,0.2505914
50541,0.07948673,0.92791104
50542,0.26968387,0.6490686
50543,0.4740009,0.5461602
50544,0.044963863,0.031018905
50545,0.28613898,0.3017102
50546,0.18825826,0.35235658
50547,0.091088474,0.3801984
50548,0.7283791,0.7973891
50549,0.41413692,0.1453143
50550,0.06554488,0.4283146
50551,0.056589108,0.77648634
50552,0.8669115,0.9229131
50553,0.0257348,0.0993192
50554,0.08126709,0.48667043
50555,0.8710821,0.88579303
50556,0.07243683,0.14903282
50557,0.15939647,0.28522694
50558,0.036494922,0.072882295
50559,0.9317681,0.94518644
50560,0.19338407,0.93880135
50561,0.077469386,0.15934965
50562,0.06761482,0.51384056
50563,0.11422486,0.09764372
50564,0.5439924,0.81257075
50565,0.21616581,0.9557576
50566,0.07905059,0.34312126
50567,0.81694144,0.5486147
50568,0.03731413,0.2256915
50569,0.018703192,0.02469135
50570,0.42051214,0.5169779
50571,0.09069582,0.18777874
50572,0.16957934,0.36817533
50573,0.052339263,0.65486914
50574,0.23618032,0.53523684
50575,0.026890561,0.059101615
50576,0.16136593,0.22775657
50577,0.12899388,0.93213755
50578,0.069129586,0.46879172
50579,0.096176565,0.19117387
50580,0.13929997,0.114553876
50581,0.7750507,0.8944328
50582,0.03498533,0.18287708
50583,0.10480967,0.11083276
50584,0.06864468,0.10112375
50585,0.07728643,0.09045434
50586,0.34153083,0.7946544
50587,0.041670043,0.08581413
50588,0.49352,0.68398786
50589,0.2752398,0.9241978
50590,0.8278682,0.9046836
50591,0.19080839,0.25548515
50592,0.49194497,0.8935431
50593,0.23654404,0.79224044
50594,0.13035169,0.16925235
50595,0.09338052,0.4406347
50596,0.15910845,0.25517663
50597,0.24590309,0.45025572
50598,0.0546682,0.1912832
50599,0.40961304,0.9316424
50600,0.65502167,0.20388648
50601,0.08622927,0.28541827
50602,0.7732804,0.85533404
50603,0.0639338,0.22395015
50604,0.51049495,0.58084327
50605,0.32667232,0.4164632
50606,0.049666222,0.07437596
50607,0.27281,0.17757538
50608,0.0704654,0.050413053
50609,0.22930591,0.4243882
50610,0.10000558,0.2682265
50611,0.0824633,0.1490741
50612,0.044757105,0.13269666
50613,0.092606105,0.71028566
50614,0.079571605,0.22843938
50615,0.06854416,0.08698336
50616,0.10906616,0.119599395
50617,0.28172117,0.7024791
50618,0.13869467,0.16147973
50619,0.16360722,0.64654005
50620,0.04424809,0.77006686
50621,0.11516255,0.57519025
50622,0.034527656,0.10974953
50623,0.076174244,0.09903196
50624,0.5072944,0.66070515
50625,0.064122036,0.052368596
50626,0.1799982,0.14283091
50627,0.08877912,0.54117703
50628,0.28090024,0.20141172
50629,0.14703518,0.90487593
50630,0.080058135,0.95310926
50631,0.22581173,0.57303727
50632,0.028713834,0.585583
50633,0.11004769,0.19674811
50634,0.45096523,0.6957602
50635,0.4244149,0.86125153
50636,0.1097261,0.6846571
50637,0.03025048,0.07323747
50638,0.10673446,0.5411811
50639,0.3812361,0.6898896
50640,0.07523764,0.1488935
50641,0.026450483,0.047539044
50642,0.083247185,0.11979922
50643,0.42882457,0.87981737
50644,0.042098217,0.6898131
50645,0.08789881,0.34720883
50646,0.29212403,0.5139213
50647,0.07548728,0.33758548
50648,0.121538885,0.72761893
50649,0.0799517,0.24465884
50650,0.035265137,0.4196228
50651,0.28536782,0.51932514
50652,0.26624772,0.2323717
50653,0.40433425,0.7966667
50654,0.08929847,0.20595863
50655,0.78959405,0.8633838
50656,0.06946698,0.103894144
50657,0.050594747,0.10223886
50658,0.058343064,0.30510485
50659,0.119443014,0.76356614
50660,0.64338243,0.562152
50661,0.62455016,0.8491958
50662,0.06531512,0.54487854
50663,0.8098481,0.9322851
50664,0.06863165,0.058253523
50665,0.6448934,0.5371352
50666,0.74748147,0.91565657
50667,0.7219986,0.53236955
50668,0.16801155,0.19857667
50669,0.72992826,0.86067027
50670,0.10995542,0.118955866
50671,0.09975553,0.13195217
50672,0.10006136,0.65089035
50673,0.07465187,0.58270484
50674,0.055204906,0.3823876
50675,0.13940077,0.3705706
50676,0.14071918,0.59893256
50677,0.4103134,0.6191943
50678,0.060566846,0.19003502
50679,0.17162484,0.07530148
50680,0.18835814,0.1933475
50681,0.013487143,0.037689067
50682,0.5465031,0.7809335
50683,0.14945234,0.35536325
50684,0.053303998,0.041577876
50685,0.27814108,0.17673835
50686,0.38826376,0.79403967
50687,0.031605374,0.042622037
50688,0.93339837,0.977424
50689,0.04179664,0.25217512
50690,0.8238281,0.963872
50691,0.6966722,0.28430742
50692,0.09194717,0.19610089
50693,0.30334914,0.82380974
50694,0.08118163,0.9649919
50695,0.056560345,0.082514845
50696,0.07099041,0.6584105
50697,0.10532185,0.56164527
50698,0.11747241,0.43587735
50699,0.20212848,0.6018953
50700,0.07175053,0.24308208
50701,0.26888067,0.71697664
50702,0.089445144,0.8619641
50703,0.055983815,0.6284411
50704,0.49165514,0.705083
50705,0.050482552,0.8989827
50706,0.05976026,0.20317516
50707,0.08378163,0.09990849
50708,0.3909839,0.72297955
50709,0.10515725,0.53031504
50710,0.6502414,0.6704534
50711,0.12746152,0.3537614
50712,0.13857846,0.20344675
50713,0.078345865,0.08507367
50714,0.8079033,0.94021875
50715,0.124312155,0.8079052
50716,0.92380005,0.97323847
50717,0.6241275,0.2540941
50718,0.65259826,0.6094745
50719,0.11997513,0.3861132
50720,0.81511074,0.9106158
50721,0.07463812,0.16953975
50722,0.13280524,0.05385737
50723,0.15429233,0.67600685
50724,0.5354696,0.5313312
50725,0.05208935,0.23647252
50726,0.031042757,0.02983151
50727,0.06332676,0.07396413
50728,0.19491675,0.9641677
50729,0.025157688,0.04793757
50730,0.07290235,0.05870789
50731,0.14109278,0.44733575
50732,0.08020509,0.50524294
50733,0.21024856,0.37751728
50734,0.23031433,0.64547396
50735,0.06024267,0.213339
50736,0.054843057,0.6243139
50737,0.021842213,0.18940853
50738,0.2370913,0.54200953
50739,0.08284077,0.101896495
50740,0.1426377,0.9495853
50741,0.08918374,0.42611185
50742,0.43529743,0.56832707
50743,0.49560064,0.9079
50744,0.15326251,0.26589027
50745,0.027576433,0.15130985
50746,0.08915938,0.19288394
50747,0.02389693,0.033469044
50748,0.07448553,0.1448915
50749,0.090613395,0.24495433
50750,0.02945052,0.12571335
50751,0.036154598,0.11245046
50752,0.0597073,0.14990337
50753,0.1743893,0.119487286
50754,0.1122388,0.10553072
50755,0.32042506,0.8713551
50756,0.8856699,0.9476521
50757,0.6707521,0.81018823
50758,0.26216853,0.18957914
50759,0.12719429,0.21548446
50760,0.46081874,0.6936965
50761,0.61791414,0.72857785
50762,0.061705142,0.30722585
50763,0.018818276,0.0098586595
50764,0.10938047,0.8644392
50765,0.028021758,0.03689395
50766,0.03572184,0.03348204
50767,0.1046172,0.066027194
50768,0.13398457,0.6969697
50769,0.2634669,0.17159884
50770,0.09536314,0.05769782
50771,0.12515908,0.84507096
50772,0.25034678,0.118492015
50773,0.6241919,0.8397042
50774,0.10359542,0.1939031
50775,0.2585068,0.20849964
50776,0.66328996,0.9064046
50777,0.49320215,0.8869079
50778,0.19422013,0.1271288
50779,0.40986922,0.5828005
50780,0.22794531,0.31778935
50781,0.08948143,0.11513395
50782,0.857821,0.9596864
50783,0.09280219,0.32529017
50784,0.040458847,0.51124513
50785,0.6955015,0.9001006
50786,0.105141945,0.19062929
50787,0.1154629,0.9544953
50788,0.068700425,0.027481604
50789,0.28153023,0.4283697
50790,0.13973394,0.4049594
50791,0.48361477,0.3444644
50792,0.18195917,0.8175679
50793,0.5838455,0.8725415
50794,0.14740954,0.17717057
50795,0.11964738,0.11782266
50796,0.029563248,0.037623584
50797,0.30092573,0.5023327
50798,0.1584331,0.8191416
50799,0.14222242,0.66241187
50800,0.124595225,0.06288104
50801,0.10550707,0.52627975
50802,0.07533813,0.1230037
50803,0.03363881,0.055899743
50804,0.48481822,0.13333642
50805,0.058266457,0.11839007
50806,0.11189764,0.031144943
50807,0.096652426,0.5436088
50808,0.09013365,0.5594467
50809,0.14817692,0.95078063
50810,0.17620687,0.69269264
50811,0.7461324,0.89157784
50812,0.027783036,0.078457564
50813,0.07977745,0.9455128
50814,0.26708466,0.20918703
50815,0.59529966,0.7614358
50816,0.693629,0.9263617
50817,0.22237426,0.50265926
50818,0.0717323,0.09868514
50819,0.5653366,0.63572043
50820,0.5985447,0.9225304
50821,0.037512958,0.039623868
50822,0.092858285,0.63536334
50823,0.036769044,0.060439095
50824,0.06655466,0.7365898
50825,0.2423052,0.29897642
50826,0.051436387,0.81125665
50827,0.17925547,0.8046685
50828,0.1840272,0.21985169
50829,0.09872494,0.53350955
50830,0.26485172,0.60881776
50831,0.063412406,0.80334276
50832,0.17312072,0.05137957
50833,0.040482495,0.094253734
50834,0.42506075,0.53561383
50835,0.20945542,0.8257439
50836,0.024207385,0.06952145
50837,0.034816973,0.03944432
50838,0.16252469,0.23647712
50839,0.07305458,0.08376316
50840,0.07716451,0.13221164
50841,0.73830426,0.6524185
50842,0.029035488,0.08016867
50843,0.024193337,0.032961126
50844,0.03372043,0.066072166
50845,0.047660626,0.05365758
50846,0.10327428,0.5048249
50847,0.27430677,0.051983036
50848,0.68415785,0.46141562
50849,0.17956786,0.06297392
50850,0.2236327,0.091616504
50851,0.018747285,0.028280247
50852,0.15419792,0.12150935
50853,0.037814017,0.06266227
50854,0.074501656,0.12707986
50855,0.016847355,0.24823767
50856,0.5934732,0.89039904
50857,0.110157624,0.21290222
50858,0.029002571,0.02540809
50859,0.17145362,0.09477459
50860,0.07810279,0.06924324
50861,0.183609,0.80875415
50862,0.5626381,0.6499936
50863,0.017636465,0.31227976
50864,0.058955107,0.085202254
50865,0.302622,0.42084476
50866,0.17505008,0.44645068
50867,0.32568592,0.16640909
50868,0.2535205,0.8070249
50869,0.09462542,0.15005894
50870,0.086353704,0.5904595
50871,0.060230866,0.5871215
50872,0.08810153,0.38086653
50873,0.63854104,0.87667054
50874,0.6830194,0.8703774
50875,0.27524766,0.8656944
50876,0.039073654,0.17272519
50877,0.85232204,0.9328203
50878,0.50423545,0.8133835
50879,0.0370274,0.09119763
50880,0.10798173,0.25882933
50881,0.062885396,0.073081166
50882,0.8440853,0.9528009
50883,0.038305126,0.23258145
50884,0.034318205,0.04201229
50885,0.60795075,0.9150347
50886,0.29642102,0.76613146
50887,0.1330046,0.14570753
50888,0.17641947,0.40769958
50889,0.7458251,0.90717167
50890,0.10274388,0.3093835
50891,0.23913056,0.48407906
50892,0.53786546,0.050845623
50893,0.104844525,0.43908283
50894,0.078171715,0.9383638
50895,0.046361305,0.16867182
50896,0.06133959,0.26822132
50897,0.21674395,0.05887125
50898,0.30856085,0.92446804
50899,0.026270043,0.049977157
50900,0.2959769,0.6436862
50901,0.06877925,0.068685144
50902,0.7493686,0.9269303
50903,0.04925167,0.09100121
50904,0.75235415,0.92510647
50905,0.23593064,0.47796676
50906,0.095579654,0.4629644
50907,0.15028742,0.45173982
50908,0.08478791,0.101174444
50909,0.48753595,0.8396245
50910,0.1201753,0.2493313
50911,0.055754673,0.23138286
50912,0.6277358,0.8201237
50913,0.15913132,0.74107766
50914,0.118799396,0.1974314
50915,0.028483195,0.041129272
50916,0.10129903,0.2872076
50917,0.06813264,0.18507315
50918,0.1566577,0.22548926
50919,0.080807514,0.061569363
50920,0.09073,0.79170793
50921,0.052818637,0.05933448
50922,0.64505196,0.88825995
50923,0.19638029,0.24477112
50924,0.09842846,0.72850364
50925,0.056946225,0.91017324
50926,0.66587615,0.9784539
50927,0.057857882,0.06037412
50928,0.06083105,0.12830493
50929,0.1245261,0.91623664
50930,0.07878377,0.038697217
50931,0.039974775,0.2211804
50932,0.486125,0.778986
50933,0.07836315,0.044623304
50934,0.09046123,0.06593013
50935,0.021362208,0.09017073
50936,0.072790556,0.07251585
50937,0.08485917,0.20771927
50938,0.3515211,0.8640396
50939,0.29313973,0.09752892
50940,0.01496864,0.1729046
50941,0.08600925,0.18630366
50942,0.08356442,0.21010806
50943,0.65894955,0.68981
50944,0.06103567,0.29102677
50945,0.034930587,0.048135962
50946,0.460141,0.61320835
50947,0.123282954,0.9320629
50948,0.13646337,0.69987047
50949,0.76553786,0.8629935
50950,0.5630699,0.19422865
50951,0.04746212,0.033545017
50952,0.048671868,0.0048370776
50953,0.1949584,0.3334131
50954,0.12521395,0.83278346
50955,0.14512973,0.12937814
50956,0.017393136,0.040153265
50957,0.6565092,0.9137226
50958,0.7216468,0.9090636
50959,0.093860365,0.10748621
50960,0.17732875,0.095449604
50961,0.1553098,0.121770956
50962,0.52235323,0.78853625
50963,0.2537749,0.88876164
50964,0.049342096,0.7554978
50965,0.10301474,0.28419262
50966,0.09793055,0.043615714
50967,0.78061926,0.8703136
50968,0.36198887,0.95748585
50969,0.33353788,0.33571985
50970,0.650089,0.9214766
50971,0.18745178,0.74152803
50972,0.26002562,0.818246
50973,0.13672337,0.16688934
50974,0.5911922,0.82223636
50975,0.30395713,0.43087426
50976,0.07915538,0.92717934
50977,0.13274571,0.8330124
50978,0.11117376,0.8276902
50979,0.6863134,0.57978135
50980,0.07778751,0.39808062
50981,0.31815365,0.9345925
50982,0.04985634,0.12684591
50983,0.040582538,0.94031703
50984,0.11881004,0.88003373
50985,0.06513125,0.15672885
50986,0.56733614,0.69774914
50987,0.10336387,0.8116782
50988,0.10381457,0.61193687
50989,0.14985803,0.182283
50990,0.18124416,0.44383076
50991,0.09823094,0.17096253
50992,0.025745155,0.36724088
50993,0.06638213,0.21683973
50994,0.06699304,0.3249169
50995,0.040672623,0.08629809
50996,0.068853,0.099914484
50997,0.15174137,0.07084057
50998,0.6685094,0.7037193
50999,0.4811159,0.69627917
51000,0.08519997,0.058892064
51001,0.10972972,0.4269661
51002,0.06281535,0.5237551
51003,0.66321295,0.68470997
51004,0.05405378,0.56501174
51005,0.03757077,0.11868505
51006,0.017288141,0.021599827
51007,0.18332371,0.6310209
51008,0.03433938,0.16611908
51009,0.75190645,0.88617307
51010,0.18143669,0.4049799
51011,0.3942842,0.8591517
51012,0.09357328,0.5796329
51013,0.7491556,0.7451724
51014,0.06376652,0.42619458
51015,0.7180895,0.9235632
51016,0.07566318,0.16263652
51017,0.11476853,0.90866363
51018,0.14117654,0.93339765
51019,0.3181667,0.09309755
51020,0.22821094,0.6909575
51021,0.10228347,0.47569764
51022,0.022546545,0.0576891
51023,0.34022743,0.48756737
51024,0.25401866,0.34707657
51025,0.047863606,0.06479724
51026,0.038199503,0.035493303
51027,0.13271134,0.7770654
51028,0.036152977,0.05930547
51029,0.121861495,0.24846153
51030,0.26697892,0.5755682
51031,0.11709232,0.046012968
51032,0.15048265,0.59737134
51033,0.15889205,0.6062387
51034,0.040451273,0.053603098
51035,0.22573784,0.36687627
51036,0.26483843,0.76178163
51037,0.21506096,0.31041324
51038,0.044036534,0.592995
51039,0.07504798,0.8187897
51040,0.19046992,0.14001188
51041,0.06652852,0.68512195
51042,0.17275155,0.30648786
51043,0.050617196,0.46063325
51044,0.21786067,0.2647151
51045,0.20784509,0.1912507
51046,0.23677178,0.3625028
51047,0.26181513,0.9210208
51048,0.79873675,0.80139536
51049,0.04661411,0.17012788
51050,0.11098465,0.24795555
51051,0.03359462,0.055773586
51052,0.95139927,0.9628959
51053,0.11269083,0.35024515
51054,0.100257225,0.30218005
51055,0.7512094,0.9265443
51056,0.14310439,0.41447675
51057,0.23349282,0.83484024
51058,0.68930423,0.8387064
51059,0.31281182,0.64522475
51060,0.20413229,0.40505624
51061,0.18353853,0.0990419
51062,0.038524464,0.032590896
51063,0.15343224,0.34398958
51064,0.38602346,0.50798386
51065,0.073623255,0.13120118
51066,0.57592636,0.9338013
51067,0.12101704,0.38555458
51068,0.035275284,0.08732631
51069,0.04856081,0.10092313
51070,0.64667225,0.7113693
51071,0.68750155,0.9199948
51072,0.056643683,0.06356347
51073,0.009695479,0.041949484
51074,0.25882268,0.6989568
51075,0.07102448,0.057440244
51076,0.0435516,0.032819334
51077,0.056094687,0.8183346
51078,0.062148172,0.07301748
51079,0.17182946,0.19061124
51080,0.41281348,0.13322945
51081,0.38342804,0.46530294
51082,0.07301538,0.10299506
51083,0.30667514,0.9128704
51084,0.1228459,0.13357778
51085,0.04104676,0.055626016
51086,0.25652322,0.25026265
51087,0.10866355,0.5769051
51088,0.10908631,0.2599979
51089,0.37531632,0.29561326
51090,0.010300743,0.0769201
51091,0.61505246,0.8150826
51092,0.13872191,0.40139392
51093,0.6234625,0.8415979
51094,0.15347394,0.10761926
51095,0.3573548,0.4051824
51096,0.3080787,0.35621694
51097,0.19721666,0.95881784
51098,0.14751495,0.5685868
51099,0.027859768,0.27249417
51100,0.030862438,0.05321803
51101,0.07681103,0.77387923
51102,0.15369624,0.09846481
51103,0.6546778,0.8500199
51104,0.6220277,0.6509573
51105,0.079032704,0.33263806
51106,0.41525736,0.75371146
51107,0.112731025,0.23518287
51108,0.09577503,0.7752478
51109,0.45306543,0.24886099
51110,0.19151008,0.87664455
51111,0.5482198,0.80254316
51112,0.8428296,0.9474984
51113,0.67646855,0.71122456
51114,0.21986578,0.66373444
51115,0.7512252,0.7217992
51116,0.057364862,0.75006557
51117,0.25146514,0.777157
51118,0.01172703,0.01582494
51119,0.8069503,0.88628364
51120,0.16037709,0.31852612
51121,0.068800315,0.458577
51122,0.103141166,0.63063973
51123,0.13536388,0.35991746
51124,0.10812941,0.85118175
51125,0.23766235,0.37342256
51126,0.08491544,0.22964202
51127,0.12170109,0.16616078
51128,0.035452638,0.048349585
51129,0.05498602,0.12307369
51130,0.03525028,0.194705
51131,0.83653873,0.90193635
51132,0.057386268,0.25165805
51133,0.15394486,0.7690609
51134,0.15075503,0.32123008
51135,0.020296725,0.04210867
51136,0.32626504,0.8815858
51137,0.16693316,0.44974414
51138,0.84474564,0.9116024
51139,0.20764679,0.26488698
51140,0.07699441,0.14805722
51141,0.0510186,0.65984875
51142,0.57371265,0.11656816
51143,0.19242232,0.2737549
51144,0.06500703,0.4557327
51145,0.029384332,0.08779895
51146,0.49005565,0.75384796
51147,0.350473,0.4712969
51148,0.22299936,0.9460856
51149,0.035794985,0.17500167
51150,0.36046124,0.54472965
51151,0.07161529,0.4580344
51152,0.25816295,0.553673
51153,0.041462358,0.021947132
51154,0.03318768,0.028385641
51155,0.045645524,0.123756275
51156,0.73527354,0.9400117
51157,0.073976405,0.1748706
51158,0.25375882,0.34294185
51159,0.11982761,0.1959418
51160,0.89422226,0.824769
51161,0.78295696,0.8085352
51162,0.11165074,0.11469725
51163,0.026827645,0.21067357
51164,0.28916597,0.7801954
51165,0.095515765,0.32814634
51166,0.181064,0.38228095
51167,0.5102272,0.6899806
51168,0.0883978,0.49900907
51169,0.15795152,0.67872727
51170,0.12708248,0.22308874
51171,0.057482496,0.66494995
51172,0.1522605,0.25111443
51173,0.22020173,0.34598386
51174,0.23426309,0.24252461
51175,0.08704382,0.4382974
51176,0.052164193,0.09891847
51177,0.3714679,0.7494442
51178,0.4392261,0.39996922
51179,0.32350117,0.12665863
51180,0.03709058,0.08159676
51181,0.22731051,0.58275044
51182,0.07280835,0.13441838
51183,0.05908529,0.032211684
51184,0.09793295,0.022185417
51185,0.022652509,0.021461055
51186,0.13845016,0.21676317
51187,0.11517399,0.43348128
51188,0.34855625,0.09529447
51189,0.76373833,0.86145
51190,0.05031376,0.09452636
51191,0.10078695,0.9601134
51192,0.3469331,0.87230533
51193,0.38611308,0.29168794
51194,0.074882306,0.14947242
51195,0.33047524,0.07773286
51196,0.104502626,0.5241788
51197,0.18359724,0.72631985
51198,0.17643513,0.12768555
51199,0.061653465,0.10600162
51200,0.01789503,0.01969341
51201,0.16722326,0.9601965
51202,0.16955791,0.10038393
51203,0.2333768,0.25794643
51204,0.05826679,0.14921682
51205,0.12505901,0.31170353
51206,0.10148837,0.1438187
51207,0.26590902,0.90107036
51208,0.3817359,0.1934361
51209,0.080024675,0.15360327
51210,0.35945702,0.74768084
51211,0.25664297,0.2099722
51212,0.07708424,0.18131638
51213,0.021235947,0.08102328
51214,0.035031877,0.0398202
51215,0.4352943,0.2878802
51216,0.62130153,0.7859053
51217,0.4424054,0.7734494
51218,0.22578494,0.8171271
51219,0.07736396,0.5918879
51220,0.25165302,0.58682567
51221,0.03393749,0.14833848
51222,0.14057852,0.05944497
51223,0.066702664,0.7534472
51224,0.081619225,0.1377317
51225,0.08078305,0.075885065
51226,0.66796577,0.8751454
51227,0.54058063,0.75061244
51228,0.120507166,0.12129521
51229,0.59238577,0.9196681
51230,0.11311841,0.19756101
51231,0.07856744,0.058859058
51232,0.115799084,0.047665842
51233,0.068777286,0.07950689
51234,0.045421306,0.063431196
51235,0.3131983,0.5091407
51236,0.08177923,0.09388283
51237,0.0934618,0.5199043
51238,0.1897969,0.49668476
51239,0.2374133,0.06398863
51240,0.63217133,0.65430623
51241,0.11252624,0.036595568
51242,0.03788025,0.060959667
51243,0.16956857,0.4330391
51244,0.09409504,0.26857638
51245,0.03634812,0.04281908
51246,0.061179187,0.9060296
51247,0.06155982,0.11740121
51248,0.15568794,0.060746193
51249,0.67995536,0.54281396
51250,0.27999508,0.08018866
51251,0.121527955,0.16640526
51252,0.038617853,0.16786782
51253,0.026953919,0.113701634
51254,0.23169918,0.12577525
51255,0.0401332,0.060069453
51256,0.22798565,0.21142712
51257,0.5845227,0.93045455
51258,0.039382845,0.426116
51259,0.072986834,0.0961381
51260,0.13749307,0.710301
51261,0.16927557,0.57444316
51262,0.07816836,0.20619464
51263,0.06543842,0.0924034
51264,0.03708553,0.039610296
51265,0.35040462,0.51100785
51266,0.08571533,0.23811114
51267,0.15767586,0.71616876
51268,0.054850277,0.94655716
51269,0.058785103,0.59043324
51270,0.07137527,0.36160636
51271,0.04319763,0.066249505
51272,0.037999075,0.14879273
51273,0.44960862,0.3792735
51274,0.074592136,0.040981606
51275,0.08366773,0.3427281
51276,0.21089403,0.43786088
51277,0.26813805,0.07774275
51278,0.023843916,0.11487477
51279,0.07785152,0.2421511
51280,0.16755627,0.41006127
51281,0.49095073,0.61474925
51282,0.75906444,0.82605886
51283,0.046685554,0.48715708
51284,0.7050456,0.9000491
51285,0.28728113,0.37896395
51286,0.055522956,0.08071379
51287,0.07031443,0.092697784
51288,0.3267105,0.48454592
51289,0.74484813,0.86098164
51290,0.08407037,0.056721818
51291,0.67336404,0.8326795
51292,0.18705918,0.18836935
51293,0.105689704,0.8571016
51294,0.017846832,0.013378485
51295,0.2524256,0.7691535
51296,0.062321104,0.88664365
51297,0.73814076,0.8704057
51298,0.41345063,0.4278223
51299,0.07835146,0.9201309
51300,0.40639654,0.87282515
51301,0.050325457,0.08227124
51302,0.41168028,0.9330207
51303,0.16659603,0.3823883
51304,0.17434902,0.9576138
51305,0.174588,0.40688333
51306,0.745491,0.80187964
51307,0.52310115,0.55369806
51308,0.18083096,0.25478998
51309,0.036695708,0.073774986
51310,0.2161999,0.90678215
51311,0.05443893,0.8597632
51312,0.7189711,0.8603328
51313,0.08773488,0.0795941
51314,0.055810425,0.8096918
51315,0.42948937,0.33770037
51316,0.06216709,0.678691
51317,0.5570332,0.2679831
51318,0.13607596,0.14869098
51319,0.49172077,0.8745846
51320,0.079865776,0.23952593
51321,0.31911618,0.14061654
51322,0.08399434,0.08619417
51323,0.78349006,0.7463375
51324,0.09066464,0.10927634
51325,0.07110979,0.32403868
51326,0.13013901,0.26619932
51327,0.1162128,0.042206388
51328,0.036049668,0.2673175
51329,0.14594749,0.187732
51330,0.18959786,0.18025346
51331,0.016617363,0.2671832
51332,0.5992056,0.9763247
51333,0.080441594,0.9400546
51334,0.06986575,0.33794367
51335,0.061086725,0.2454425
51336,0.1448359,0.5489969
51337,0.8375274,0.88186246
51338,0.051292114,0.14171936
51339,0.079702966,0.8060062
51340,0.5822974,0.8092181
51341,0.038936652,0.5432962
51342,0.17420326,0.25436836
51343,0.84656143,0.8890575
51344,0.04946895,0.21645035
51345,0.055545926,0.3577962
51346,0.31309053,0.40946117
51347,0.40754652,0.90410614
51348,0.073116235,0.77343386
51349,0.09208308,0.21484758
51350,0.04950147,0.11919984
51351,0.10065649,0.3397873
51352,0.038629405,0.12269543
51353,0.05021185,0.044908762
51354,0.10638565,0.28695598
51355,0.040371895,0.07408205
51356,0.5658965,0.71687496
51357,0.12342755,0.273969
51358,0.08295809,0.5081168
51359,0.055199012,0.2171458
51360,0.085493475,0.053226337
51361,0.09405576,0.2980742
51362,0.07530054,0.11518173
51363,0.22795029,0.29044676
51364,0.03676261,0.109480396
51365,0.08829637,0.3437986
51366,0.06163375,0.10470525
51367,0.14515764,0.38011268
51368,0.30389196,0.9030272
51369,0.028806776,0.074629426
51370,0.020663776,0.04091768
51371,0.66880274,0.8575947
51372,0.022979526,0.03577479
51373,0.2615718,0.83578867
51374,0.19883826,0.1323824
51375,0.48252475,0.73609006
51376,0.12770914,0.9040791
51377,0.12222083,0.048271406
51378,0.56500256,0.25904027
51379,0.103862874,0.37234202
51380,0.31901824,0.59751445
51381,0.3090634,0.8981431
51382,0.26076576,0.64985836
51383,0.14387043,0.19463599
51384,0.15029718,0.09502396
51385,0.113437615,0.47138909
51386,0.10905674,0.13415629
51387,0.10641247,0.83909255
51388,0.16573721,0.68849
51389,0.08748366,0.3034541
51390,0.18505673,0.9454184
51391,0.11701851,0.4931935
51392,0.10852616,0.17566119
51393,0.073418096,0.4565054
51394,0.13955624,0.29605168
51395,0.17520332,0.11580851
51396,0.10722577,0.15847908
51397,0.30624112,0.30628812
51398,0.28802684,0.20078729
51399,0.2269706,0.8300519
51400,0.2840771,0.47302136
51401,0.14708528,0.4707087
51402,0.20638643,0.31938085
51403,0.17350441,0.7867656
51404,0.09041237,0.20283031
51405,0.015941361,0.38201806
51406,0.23592854,0.20005067
51407,0.3377292,0.7080552
51408,0.7852176,0.9516001
51409,0.01896073,0.07248576
51410,0.14725797,0.84510326
51411,0.0766185,0.07035562
51412,0.09773585,0.42684278
51413,0.15465894,0.26809737
51414,0.06583031,0.48319176
51415,0.068169676,0.21553183
51416,0.49058253,0.5163257
51417,0.05634941,0.022662591
51418,0.055529065,0.16358869
51419,0.21879609,0.55699974
51420,0.056418836,0.13881265
51421,0.07098617,0.18898869
51422,0.11439691,0.031757236
51423,0.031242209,0.014917872
51424,0.26528007,0.5019164
51425,0.06255538,0.1335145
51426,0.03390505,0.09578601
51427,0.07708133,0.37808028
51428,0.050226483,0.14351754
51429,0.33579415,0.34917045
51430,0.08961983,0.6887623
51431,0.06500445,0.110905826
51432,0.32539177,0.3612901
51433,0.051402573,0.70517826
51434,0.22741236,0.79517347
51435,0.2102281,0.23084866
51436,0.08307639,0.74222594
51437,0.50960976,0.80189425
51438,0.41392666,0.84429723
51439,0.33158243,0.7671898
51440,0.09227571,0.91068065
51441,0.72052467,0.90069705
51442,0.033314735,0.45622674
51443,0.08791805,0.39507583
51444,0.057407413,0.056917835
51445,0.13634162,0.21640381
51446,0.0587101,0.93452626
51447,0.089022025,0.12152604
51448,0.45253384,0.3802484
51449,0.08916156,0.1675264
51450,0.07923487,0.8119844
51451,0.3092307,0.84184444
51452,0.3280902,0.5663356
51453,0.04333748,0.2011713
51454,0.20597933,0.32641643
51455,0.34160656,0.13735019
51456,0.16461,0.7052602
51457,0.09294963,0.82748073
51458,0.04693268,0.8048601
51459,0.15634435,0.7676827
51460,0.24577443,0.5300747
51461,0.20463681,0.42182353
51462,0.731229,0.90074736
51463,0.6590158,0.9076822
51464,0.7854933,0.9139471
51465,0.08538836,0.16090426
51466,0.030656403,0.040145986
51467,0.77521974,0.9530917
51468,0.21691926,0.2633081
51469,0.022158219,0.19493191
51470,0.18984677,0.96717215
51471,0.06433327,0.81515557
51472,0.024147956,0.010181626
51473,0.7835671,0.90917885
51474,0.3719229,0.31244522
51475,0.09634076,0.3756684
51476,0.048028726,0.08206235
51477,0.17605343,0.8178345
51478,0.09229932,0.42964503
51479,0.4314926,0.7160744
51480,0.60223556,0.8899146
51481,0.106922366,0.17067944
51482,0.038034394,0.11378691
51483,0.1287965,0.7282504
51484,0.08816196,0.19128864
51485,0.0527838,0.11141661
51486,0.09882199,0.12555598
51487,0.10347287,0.18281086
51488,0.029473415,0.10646355
51489,0.069673665,0.21556729
51490,0.048241366,0.117926165
51491,0.06907697,0.2410775
51492,0.6461598,0.79633766
51493,0.07903664,0.1038304
51494,0.35762963,0.92960596
51495,0.063899435,0.25421262
51496,0.1034775,0.11760073
51497,0.71263576,0.6112655
51498,0.41785058,0.8601809
51499,0.03672791,0.05501261
51500,0.19249709,0.48861918
51501,0.13444296,0.17587693
51502,0.20389435,0.09910845
51503,0.032470044,0.37495372
51504,0.07482502,0.21739335
51505,0.030403927,0.23385206
51506,0.0778052,0.806859
51507,0.04792228,0.024395121
51508,0.034889266,0.111945115
51509,0.043707788,0.05538935
51510,0.07746995,0.56677896
51511,0.030128673,0.04709408
51512,0.19813101,0.9177678
51513,0.56153274,0.39055073
51514,0.07659406,0.5703925
51515,0.31112865,0.8479226
51516,0.1418268,0.62321544
51517,0.3094572,0.9528886
51518,0.59868294,0.84317464
51519,0.20435888,0.37605387
51520,0.09230718,0.32669288
51521,0.27700043,0.46664733
51522,0.56623036,0.9572691
51523,0.42199838,0.8632957
51524,0.030207777,0.024606643
51525,0.22528145,0.5907281
51526,0.6151179,0.6284542
51527,0.56401366,0.4889859
51528,0.23166572,0.29118264
51529,0.063461274,0.21157251
51530,0.075063616,0.4489505
51531,0.09109416,0.9680568
51532,0.59247375,0.63989925
51533,0.050145216,0.15479322
51534,0.40095177,0.41745126
51535,0.2716149,0.67338586
51536,0.75173897,0.6703072
51537,0.1408067,0.9523667
51538,0.12408937,0.5221576
51539,0.045447644,0.9057669
51540,0.04505391,0.24948753
51541,0.060130183,0.34861752
51542,0.05151085,0.14756127
51543,0.069366544,0.04476486
51544,0.15146959,0.92345035
51545,0.05599137,0.89322174
51546,0.1437925,0.09670134
51547,0.7552889,0.8179824
51548,0.08607536,0.7495788
51549,0.07898208,0.08596042
51550,0.115017734,0.5484483
51551,0.50036454,0.49891934
51552,0.020033358,0.07816873
51553,0.16344127,0.26400006
51554,0.13409486,0.06788615
51555,0.034220852,0.04245847
51556,0.85539585,0.9100177
51557,0.033629525,0.028665181
51558,0.088317215,0.5233181
51559,0.09925046,0.5487544
51560,0.13160783,0.30493844
51561,0.061172917,0.6080439
51562,0.098715894,0.18293034
51563,0.8297952,0.85608226
51564,0.05323214,0.09134384
51565,0.049441088,0.78208584
51566,0.03767774,0.1552261
51567,0.14664452,0.2391997
51568,0.7474864,0.55330205
51569,0.14964668,0.06309613
51570,0.8316392,0.92130697
51571,0.30170363,0.8996063
51572,0.05814602,0.17602639
51573,0.16753237,0.74805325
51574,0.040674493,0.17371851
51575,0.095899686,0.93674004
51576,0.12793566,0.85945576
51577,0.0693087,0.17350025
51578,0.5630575,0.76983577
51579,0.6690264,0.8668531
51580,0.11549157,0.809233
51581,0.024771357,0.038632505
51582,0.08639065,0.73524404
51583,0.15373108,0.72561216
51584,0.22285236,0.49701527
51585,0.112634905,0.817504
51586,0.80965555,0.86267626
51587,0.17802045,0.34080055
51588,0.063538715,0.07272374
51589,0.3811159,0.95635396
51590,0.1479551,0.95575774
51591,0.05617708,0.27040303
51592,0.095906675,0.3580395
51593,0.3094665,0.2917526
51594,0.016595691,0.4620456
51595,0.34525502,0.3101145
51596,0.08718952,0.329781
51597,0.41469115,0.8241123
51598,0.11839535,0.17736106
51599,0.43404827,0.90502137
51600,0.0873965,0.38465017
51601,0.06001875,0.10656704
51602,0.035752196,0.023859821
51603,0.12770367,0.85911477
51604,0.6694713,0.91323674
51605,0.10761286,0.07583849
51606,0.1682936,0.14523916
51607,0.8911194,0.9390415
51608,0.12512565,0.58747536
51609,0.25352573,0.7825308
51610,0.09101555,0.29323596
51611,0.4093822,0.7039393
51612,0.5637368,0.8695692
51613,0.7843822,0.8308624
51614,0.012336234,0.03337541
51615,0.3757798,0.5527506
51616,0.057353046,0.8432668
51617,0.0864048,0.36642697
51618,0.118462525,0.23139818
51619,0.2657465,0.9258443
51620,0.13653158,0.5582627
51621,0.043734156,0.038023293
51622,0.44190344,0.8239251
51623,0.07543593,0.2756743
51624,0.1382403,0.7618185
51625,0.19948484,0.65124553
51626,0.12029465,0.9335116
51627,0.9136128,0.92574286
51628,0.02795584,0.06828473
51629,0.09235642,0.7633007
51630,0.11441935,0.12970167
51631,0.07344204,0.85772717
51632,0.34648,0.19941595
51633,0.32363027,0.65048265
51634,0.015381453,0.016455838
51635,0.026945848,0.1412505
51636,0.35477948,0.70390695
51637,0.10002431,0.5106882
51638,0.06337072,0.45249015
51639,0.17422612,0.26999494
51640,0.51350087,0.70393974
51641,0.80210716,0.9094537
51642,0.35255513,0.37628004
51643,0.05680663,0.25377956
51644,0.36883593,0.32011682
51645,0.5712666,0.5868118
51646,0.19666415,0.5630738
51647,0.047293395,0.032760408
51648,0.4158428,0.46456072
51649,0.060490027,0.17936571
51650,0.2666534,0.92901605
51651,0.3335665,0.81329393
51652,0.088941984,0.83588946
51653,0.07732097,0.2759811
51654,0.6242568,0.24812101
51655,0.6838443,0.94439524
51656,0.09773987,0.5284808
51657,0.11030586,0.2514461
51658,0.010991223,0.014112851
51659,0.09582472,0.16961159
51660,0.080386825,0.020764787
51661,0.079721875,0.70475554
51662,0.2061088,0.92860335
51663,0.35885164,0.7391927
51664,0.10181801,0.8604224
51665,0.033874545,0.58108
51666,0.43454808,0.24320744
51667,0.7809746,0.9034699
51668,0.7007378,0.38481098
51669,0.2513234,0.39319554
51670,0.5802679,0.86312056
51671,0.23846665,0.3615507
51672,0.47921485,0.72351676
51673,0.06406752,0.052062493
51674,0.32068917,0.40334395
51675,0.053868633,0.62590283
51676,0.7979933,0.84189826
51677,0.04499699,0.16968708
51678,0.6811821,0.88154465
51679,0.13692324,0.434695
51680,0.285067,0.46765321
51681,0.0393269,0.9166322
51682,0.050749566,0.072391324
51683,0.07234215,0.56700945
51684,0.72015256,0.87345505
51685,0.0552237,0.5015826
51686,0.05932175,0.9293898
51687,0.06522045,0.076365195
51688,0.39926776,0.9483401
51689,0.20329458,0.22195573
51690,0.08542697,0.26742074
51691,0.06699167,0.15669818
51692,0.053613633,0.088556856
51693,0.0518317,0.09108384
51694,0.050805654,0.0766335
51695,0.09888819,0.4344323
51696,0.036168016,0.017223993
51697,0.042216178,0.086327896
51698,0.20448416,0.88026696
51699,0.052615423,0.11244829
51700,0.41254297,0.9578171
51701,0.49850565,0.79162747
51702,0.09138345,0.023226844
51703,0.8998536,0.9397966
51704,0.06732638,0.9255919
51705,0.13851567,0.17100608
51706,0.033588354,0.19755663
51707,0.054208066,0.0039553302
51708,0.06614952,0.9117206
51709,0.08728379,0.42902184
51710,0.10984226,0.3207616
51711,0.5034459,0.16723686
51712,0.16409414,0.8375512
51713,0.012217435,0.13493736
51714,0.1472728,0.35117123
51715,0.061685853,0.3125501
51716,0.08923463,0.75463194
51717,0.34502086,0.6362791
51718,0.054160256,0.029190922
51719,0.0505953,0.041108303
51720,0.38988027,0.14571993
51721,0.502835,0.74402666
51722,0.8767224,0.97601163
51723,0.7432675,0.69660807
51724,0.50911343,0.55259335
51725,0.066557825,0.19021937
51726,0.1611951,0.5657602
51727,0.4709853,0.80655277
51728,0.09319782,0.16135718
51729,0.5484071,0.85927504
51730,0.1667516,0.7409609
51731,0.053180296,0.13184346
51732,0.06573517,0.06939607
51733,0.15916894,0.5800653
51734,0.09911181,0.41091937
51735,0.14385417,0.44291556
51736,0.35973004,0.5463854
51737,0.11780887,0.7877889
51738,0.057625312,0.08555659
51739,0.207758,0.87237316
51740,0.014822253,0.007252852
51741,0.074427396,0.07822853
51742,0.392438,0.39849728
51743,0.089094184,0.5679231
51744,0.0860248,0.5160803
51745,0.8457198,0.72176063
51746,0.11471196,0.11195995
51747,0.40415648,0.33884534
51748,0.09181939,0.26351532
51749,0.0724183,0.16872236
51750,0.14403908,0.35479048
51751,0.03412778,0.09571639
51752,0.151408,0.47447383
51753,0.08211971,0.9083285
51754,0.47890088,0.49275473
51755,0.01852101,0.010332565
51756,0.086548194,0.38234863
51757,0.45546854,0.24758787
51758,0.405487,0.6698136
51759,0.07058416,0.39360732
51760,0.062938556,0.8353567
51761,0.06304645,0.5029617
51762,0.7770004,0.87154025
51763,0.062740065,0.56759876
51764,0.047034375,0.08860804
51765,0.42402402,0.66955614
51766,0.030246116,0.014983188
51767,0.12988119,0.9024191
51768,0.08539682,0.14927073
51769,0.6780813,0.5701112
51770,0.73475236,0.73975444
51771,0.0551143,0.21365103
51772,0.8813127,0.9633845
51773,0.20422639,0.92539686
51774,0.52821827,0.9486004
51775,0.17064245,0.2529842
51776,0.043654736,0.06533689
51777,0.21968198,0.45444632
51778,0.678999,0.91966254
51779,0.1897597,0.2780633
51780,0.05247635,0.31309485
51781,0.09451906,0.10995665
51782,0.31198594,0.5993996
51783,0.057336368,0.0587906
51784,0.13697594,0.76970625
51785,0.03456431,0.039956536
51786,0.064415425,0.07119374
51787,0.050317165,0.51499146
51788,0.13217673,0.042282894
51789,0.29243428,0.32374093
51790,0.1343933,0.39606515
51791,0.08454233,0.6913031
51792,0.07715718,0.6394928
51793,0.10240716,0.03239004
51794,0.47347417,0.8615262
51795,0.08136856,0.8951106
51796,0.18802287,0.59827477
51797,0.102458805,0.48161897
51798,0.6160246,0.6612716
51799,0.038198248,0.9067785
51800,0.14671186,0.35123372
51801,0.08982908,0.13625583
51802,0.09479247,0.86156756
51803,0.59543455,0.8946963
51804,0.34305722,0.7365099
51805,0.052335005,0.0892908
51806,0.036834523,0.3835093
51807,0.052514993,0.4740774
51808,0.18694367,0.75884557
51809,0.22024363,0.8007277
51810,0.10044246,0.074585736
51811,0.61058235,0.6841636
51812,0.04665445,0.18197383
51813,0.22629346,0.41432542
51814,0.12276875,0.6645903
51815,0.15342824,0.40532193
51816,0.16949521,0.22825816
51817,0.11553006,0.15598537
51818,0.08365681,0.13471358
51819,0.12552366,0.22198647
51820,0.24086954,0.52844036
51821,0.023316463,0.12869841
51822,0.17414102,0.18651396
51823,0.04636498,0.04188821
51824,0.114666164,0.52652234
51825,0.15764952,0.8424768
51826,0.047386907,0.0696393
51827,0.062348228,0.08886544
51828,0.072999194,0.056090616
51829,0.031979177,0.59983724
51830,0.46534342,0.6006629
51831,0.13400872,0.16536751
51832,0.043868143,0.0668626
51833,0.11987586,0.31823957
51834,0.19024886,0.60220015
51835,0.04781746,0.3082072
51836,0.28477222,0.35997796
51837,0.35295174,0.29433426
51838,0.10762082,0.09810119
51839,0.38177514,0.068695456
51840,0.26148564,0.2216842
51841,0.1596718,0.9257357
51842,0.060928863,0.22259192
51843,0.60900337,0.7036138
51844,0.048891015,0.09914986
51845,0.01996505,0.1357668
51846,0.031141672,0.030768823
51847,0.117896706,0.10749933
51848,0.10163583,0.8949279
51849,0.06767521,0.075719625
51850,0.23311883,0.5696235
51851,0.29415768,0.24157047
51852,0.2538718,0.78905874
51853,0.056048404,0.14911172
51854,0.3283236,0.44628084
51855,0.09105022,0.8139755
51856,0.09894926,0.6226431
51857,0.12429076,0.18969403
51858,0.6576652,0.77133286
51859,0.25099298,0.5898598
51860,0.047271386,0.7900261
51861,0.6093953,0.9288811
51862,0.06541875,0.12755974
51863,0.09523352,0.17250805
51864,0.79344636,0.8717904
51865,0.19814643,0.8561226
51866,0.42483988,0.6649884
51867,0.07947667,0.5907538
51868,0.11880333,0.076870136
51869,0.03031132,0.1235373
51870,0.081562854,0.66265404
51871,0.0894769,0.11088748
51872,0.41678444,0.79556245
51873,0.08149558,0.46748725
51874,0.07616884,0.44772357
51875,0.10141135,0.31436223
51876,0.07693875,0.67884415
51877,0.45689186,0.77476895
51878,0.4107586,0.7100693
51879,0.11304171,0.44669887
51880,0.24119411,0.8837121
51881,0.02778587,0.043377668
51882,0.1422751,0.67101437
51883,0.28219527,0.11448981
51884,0.20003884,0.384915
51885,0.05686142,0.08155432
51886,0.56366855,0.5640064
51887,0.10053069,0.17351325
51888,0.032277405,0.044982202
51889,0.08973653,0.19600356
51890,0.05531973,0.089006126
51891,0.6573285,0.9561759
51892,0.16089743,0.54883766
51893,0.77208644,0.65670204
51894,0.054614983,0.83121806
51895,0.020792734,0.060708534
51896,0.0480892,0.05383632
51897,0.078422904,0.9401825
51898,0.86106783,0.83772534
51899,0.08933617,0.73347175
51900,0.10095232,0.19687407
51901,0.52552146,0.5487661
51902,0.13271794,0.15981662
51903,0.4766143,0.56302166
51904,0.07405133,0.07519381
51905,0.25745928,0.5024348
51906,0.26184094,0.53082347
51907,0.06154304,0.42047375
51908,0.11897424,0.08664065
51909,0.57736003,0.7520314
51910,0.07604673,0.16769433
51911,0.11749859,0.907649
51912,0.47482833,0.27581942
51913,0.097193025,0.8273248
51914,0.093878165,0.25998574
51915,0.050662413,0.04175728
51916,0.7770044,0.844045
51917,0.084536016,0.19431935
51918,0.37815863,0.9194827
51919,0.21306193,0.623167
51920,0.021632548,0.31456724
51921,0.17595136,0.8035283
51922,0.06309658,0.07568779
51923,0.1904921,0.88758504
51924,0.062419035,0.37698713
51925,0.066925935,0.72568095
51926,0.03796873,0.07216951
51927,0.0341114,0.0827698
51928,0.2360118,0.46603823
51929,0.030384447,0.13460729
51930,0.117990114,0.72069025
51931,0.08204259,0.0880607
51932,0.11631897,0.63916814
51933,0.6309246,0.60814846
51934,0.81714517,0.84669256
51935,0.07486281,0.14075464
51936,0.10374619,0.5431984
51937,0.49774525,0.88051075
51938,0.069552206,0.2589711
51939,0.06510865,0.28088838
51940,0.5195156,0.8392559
51941,0.18083116,0.8545353
51942,0.08494642,0.07144814
51943,0.5936902,0.80178714
51944,0.03680608,0.052289203
51945,0.10471671,0.20257375
51946,0.022657048,0.24937233
51947,0.06585586,0.8829209
51948,0.10283117,0.09546782
51949,0.0971409,0.81529295
51950,0.072369024,0.14150211
51951,0.034035966,0.5246452
51952,0.060775444,0.08442489
51953,0.103474274,0.52497387
51954,0.8525775,0.9097395
51955,0.21336581,0.31200978
51956,0.08471056,0.106483996
51957,0.07355181,0.86310214
51958,0.05853717,0.16229834
51959,0.85180295,0.6672323
51960,0.063524164,0.095371105
51961,0.08015146,0.14682122
51962,0.021359442,0.018776251
51963,0.053295553,0.17862187
51964,0.14491913,0.9389489
51965,0.20588519,0.5445319
51966,0.033861082,0.082394004
51967,0.0416656,0.10931165
51968,0.7895228,0.85897946
51969,0.05979822,0.87023216
51970,0.68346137,0.78013855
51971,0.09104285,0.16928881
51972,0.33139193,0.45899183
51973,0.3758828,0.30452022
51974,0.74501365,0.9098363
51975,0.018693494,0.09052103
51976,0.25916582,0.40500328
51977,0.80443627,0.92409384
51978,0.50137097,0.8128363
51979,0.14987795,0.45734957
51980,0.06624716,0.24631864
51981,0.076934606,0.45292237
51982,0.7965371,0.9322363
51983,0.72935724,0.918192
51984,0.16440542,0.7637317
51985,0.03242464,0.051283948
51986,0.061802715,0.07145124
51987,0.04723722,0.5002088
51988,0.0647024,0.3126279
51989,0.013961,0.08703937
51990,0.0653749,0.12292989
51991,0.1685206,0.6870349
51992,0.10622809,0.39029017
51993,0.08196204,0.65814066
51994,0.027564403,0.26851937
51995,0.04889054,0.097123146
51996,0.048951883,0.060051963
51997,0.06821278,0.07120683
51998,0.21569926,0.6423409
51999,0.090092875,0.8555223
52000,0.057370022,0.46460518
52001,0.07765772,0.17407738
52002,0.30797598,0.59331644
52003,0.72124285,0.8815398
52004,0.014676937,0.2695912
52005,0.025585635,0.18511954
52006,0.17703173,0.31226638
52007,0.045926526,0.048690394
52008,0.18189433,0.8710617
52009,0.07596318,0.16071427
52010,0.66359156,0.26582393
52011,0.07268334,0.153119
52012,0.16695566,0.3781735
52013,0.12231213,0.57657856
52014,0.17480628,0.7062528
52015,0.06585041,0.21732081
52016,0.05303003,0.39220506
52017,0.06756075,0.19091453
52018,0.19049731,0.13451102
52019,0.17390451,0.43632638
52020,0.064865656,0.12324202
52021,0.06636091,0.14842786
52022,0.07975135,0.9089944
52023,0.05675336,0.8118111
52024,0.15193857,0.12211836
52025,0.45059517,0.90274256
52026,0.038369935,0.11224227
52027,0.07323157,0.23666772
52028,0.11323509,0.94700646
52029,0.024420898,0.9310559
52030,0.098229736,0.669919
52031,0.14008383,0.5066193
52032,0.53142893,0.85179603
52033,0.062779404,0.09302065
52034,0.24533655,0.40003365
52035,0.047570586,0.5950053
52036,0.09470411,0.07685621
52037,0.056144487,0.71519464
52038,0.11694295,0.0719423
52039,0.10293146,0.38065913
52040,0.80469817,0.8850418
52041,0.017004484,0.08718325
52042,0.16534445,0.28697175
52043,0.053264212,0.036709476
52044,0.0617811,0.95321006
52045,0.03986035,0.45561147
52046,0.36752126,0.8558076
52047,0.1948042,0.47286746
52048,0.12492341,0.0833831
52049,0.34906685,0.18026225
52050,0.24638581,0.7204146
52051,0.12998365,0.22858304
52052,0.050346132,0.15634082
52053,0.03341277,0.16583975
52054,0.7938571,0.8621834
52055,0.06560462,0.7871986
52056,0.050965607,0.12297355
52057,0.16641544,0.66846234
52058,0.39523163,0.13356546
52059,0.28088856,0.13573144
52060,0.07844408,0.8241998
52061,0.050384026,0.16714635
52062,0.26268244,0.8397524
52063,0.04875649,0.95245713
52064,0.44572785,0.34766954
52065,0.1398104,0.10856243
52066,0.067678295,0.07939763
52067,0.03869272,0.063211605
52068,0.79417294,0.9694393
52069,0.138585,0.69012564
52070,0.84923726,0.61521894
52071,0.1134013,0.0906251
52072,0.74101955,0.4433013
52073,0.056584638,0.89454013
52074,0.3190568,0.8851458
52075,0.06307896,0.13676213
52076,0.074661635,0.14723703
52077,0.0701402,0.09010042
52078,0.04275735,0.073166385
52079,0.12892805,0.28822815
52080,0.110203415,0.8405119
52081,0.06785191,0.95756155
52082,0.81061405,0.91429645
52083,0.09919147,0.13943276
52084,0.6672512,0.9538961
52085,0.065969884,0.86800945
52086,0.5061478,0.9495836
52087,0.052705377,0.19889005
52088,0.037976477,0.094746
52089,0.4334296,0.5518042
52090,0.16076893,0.16257152
52091,0.35252187,0.41050848
52092,0.163804,0.3184471
52093,0.023613373,0.67026174
52094,0.70065004,0.6837807
52095,0.07563398,0.054618146
52096,0.067575045,0.8691674
52097,0.190933,0.6182441
52098,0.07597518,0.0829865
52099,0.5210848,0.913754
52100,0.13310586,0.62870145
52101,0.5924576,0.8580829
52102,0.20819046,0.43854418
52103,0.11750719,0.20621416
52104,0.1967952,0.39416122
52105,0.042724986,0.75615245
52106,0.11657388,0.85511863
52107,0.27752703,0.4981442
52108,0.09457819,0.24025624
52109,0.06325501,0.8471943
52110,0.2382543,0.346858
52111,0.100846365,0.37626532
52112,0.039204635,0.060757533
52113,0.055408027,0.05762542
52114,0.06436452,0.15486647
52115,0.041819587,0.19227399
52116,0.1155205,0.071553685
52117,0.055541106,0.045075007
52118,0.032208674,0.032192733
52119,0.05001125,0.22192901
52120,0.1588284,0.44818285
52121,0.079082556,0.64485484
52122,0.054326944,0.05976676
52123,0.096217014,0.15018865
52124,0.07594776,0.8510659
52125,0.41313308,0.51372784
52126,0.1007085,0.5700688
52127,0.22261713,0.54263157
52128,0.01647716,0.007368169
52129,0.24395803,0.4235656
52130,0.090082265,0.35920236
52131,0.26885128,0.6177914
52132,0.10463139,0.2080224
52133,0.038942188,0.7314011
52134,0.11020812,0.45140588
52135,0.11037527,0.9004399
52136,0.058889918,0.08660249
52137,0.2190428,0.87741446
52138,0.80457294,0.8740993
52139,0.063913725,0.06596037
52140,0.038536016,0.13088903
52141,0.053783588,0.3862361
52142,0.44633588,0.18967646
52143,0.08538875,0.846668
52144,0.15134424,0.8987755
52145,0.7080652,0.8632909
52146,0.25552914,0.49789956
52147,0.30231914,0.7394114
52148,0.18148133,0.33139265
52149,0.046595793,0.12792489
52150,0.32071412,0.21696487
52151,0.076585785,0.9605564
52152,0.04947347,0.86239994
52153,0.4237653,0.5264946
52154,0.13031504,0.37899208
52155,0.09420834,0.6369674
52156,0.065765895,0.92684245
52157,0.44828412,0.33817086
52158,0.5561377,0.72066
52159,0.74837226,0.10295457
52160,0.46883774,0.5679431
52161,0.07733546,0.10260731
52162,0.20116857,0.27105567
52163,0.15017258,0.34634116
52164,0.4973704,0.8779021
52165,0.08729139,0.90688115
52166,0.38372242,0.37510377
52167,0.11503754,0.096101075
52168,0.08974029,0.67177707
52169,0.10278673,0.076359026
52170,0.06855273,0.09612003
52171,0.21036215,0.9178846
52172,0.17146727,0.29811794
52173,0.068655945,0.107135035
52174,0.60640115,0.842801
52175,0.07226944,0.3862015
52176,0.22466509,0.1144293
52177,0.48551536,0.85197407
52178,0.6425353,0.7673837
52179,0.31839246,0.7386894
52180,0.07167935,0.15226637
52181,0.065336846,0.6683807
52182,0.021825314,0.0986687
52183,0.5216363,0.8804645
52184,0.37655902,0.33187568
52185,0.042107534,0.04761126
52186,0.34849223,0.5780863
52187,0.07873482,0.65425307
52188,0.047954187,0.28206304
52189,0.027956648,0.113600545
52190,0.05115039,0.03195308
52191,0.06697349,0.96816415
52192,0.5350361,0.56349695
52193,0.16689686,0.67041737
52194,0.34960294,0.4443064
52195,0.5786383,0.5912355
52196,0.10189786,0.26376116
52197,0.50921583,0.40759674
52198,0.019124752,0.05304244
52199,0.04023152,0.056489527
52200,0.17891493,0.6002673
52201,0.1528105,0.401057
52202,0.029233309,0.24416867
52203,0.100305796,0.13181016
52204,0.05214074,0.070850834
52205,0.046834875,0.21078828
52206,0.09410556,0.20473833
52207,0.107164204,0.8290422
52208,0.050261278,0.0752515
52209,0.3034461,0.53775626
52210,0.09412485,0.19219676
52211,0.6803711,0.8251997
52212,0.08825878,0.066010244
52213,0.042940743,0.08697041
52214,0.81029546,0.88584185
52215,0.09834555,0.11300908
52216,0.0430416,0.062764645
52217,0.037694305,0.5488392
52218,0.079399,0.13033183
52219,0.10074553,0.7421665
52220,0.024186134,0.20708914
52221,0.07156387,0.29429486
52222,0.09269237,0.6117336
52223,0.060379993,0.03767358
52224,0.5934938,0.9200524
52225,0.22288097,0.50308216
52226,0.14233463,0.56746346
52227,0.46110618,0.5280287
52228,0.028818605,0.115592234
52229,0.06482617,0.054080676
52230,0.47910088,0.19505292
52231,0.017222015,0.063085176
52232,0.16106802,0.32207486
52233,0.5173208,0.8462788
52234,0.05710799,0.04562275
52235,0.34377337,0.23128648
52236,0.08491288,0.72433907
52237,0.10644979,0.58422005
52238,0.2873992,0.32984155
52239,0.46700644,0.9477189
52240,0.12314289,0.18614526
52241,0.14221536,0.9502059
52242,0.23018101,0.6921266
52243,0.08405071,0.20274056
52244,0.73491657,0.8818578
52245,0.15777595,0.28651813
52246,0.6899565,0.90394855
52247,0.7660243,0.93287885
52248,0.8709084,0.9493046
52249,0.13081266,0.7125707
52250,0.75838006,0.5767851
52251,0.12584187,0.8758426
52252,0.06206848,0.24334008
52253,0.073756546,0.09516849
52254,0.09521988,0.38160473
52255,0.23938605,0.2539476
52256,0.21937525,0.65984714
52257,0.39894202,0.92134637
52258,0.09457157,0.7930252
52259,0.04026764,0.07977071
52260,0.069244005,0.16900697
52261,0.119858146,0.1713983
52262,0.022860622,0.52843964
52263,0.14461794,0.53680706
52264,0.19255126,0.6626
52265,0.03724295,0.03130016
52266,0.44017974,0.27958384
52267,0.06276698,0.046725404
52268,0.13809396,0.71343917
52269,0.114982136,0.8596201
52270,0.043661762,0.088894494
52271,0.24982941,0.76519865
52272,0.05728182,0.16514371
52273,0.23073183,0.09309921
52274,0.018404633,0.06348083
52275,0.06570565,0.12597997
52276,0.06943647,0.787894
52277,0.122180015,0.8563717
52278,0.09263929,0.11181686
52279,0.040493526,0.185157
52280,0.6817481,0.85097927
52281,0.06367291,0.16314997
52282,0.36587453,0.59280974
52283,0.17580031,0.17571312
52284,0.0803581,0.43018144
52285,0.09228482,0.19044484
52286,0.22027244,0.31554696
52287,0.06908061,0.34089732
52288,0.6764379,0.7064658
52289,0.015292045,0.02080893
52290,0.48452765,0.8255096
52291,0.09200379,0.16181178
52292,0.610934,0.8041539
52293,0.0635499,0.33209515
52294,0.04912305,0.12052153
52295,0.6916589,0.9230171
52296,0.26688638,0.707429
52297,0.06847603,0.090113714
52298,0.1481798,0.87962973
52299,0.06616381,0.08764188
52300,0.24215065,0.80736774
52301,0.16793133,0.22267748
52302,0.33147103,0.7618091
52303,0.14388528,0.17288423
52304,0.03685055,0.29524642
52305,0.065904796,0.8667494
52306,0.3800832,0.70291305
52307,0.10519074,0.5715403
52308,0.3061996,0.50654215
52309,0.64601433,0.68395466
52310,0.77731806,0.7980041
52311,0.06946453,0.1498932
52312,0.2585375,0.2838478
52313,0.052992374,0.5711843
52314,0.0433962,0.04228754
52315,0.48673669,0.7508595
52316,0.14254116,0.8522699
52317,0.07266355,0.9059506
52318,0.033876147,0.024842884
52319,0.10485326,0.49945968
52320,0.31469873,0.45058608
52321,0.03500926,0.08442684
52322,0.06839925,0.2933833
52323,0.13688032,0.49564412
52324,0.27276638,0.5427004
52325,0.66283727,0.8828499
52326,0.3705101,0.788382
52327,0.049970657,0.11322231
52328,0.086647764,0.7471271
52329,0.13854973,0.24557675
52330,0.11254286,0.68432736
52331,0.4960596,0.71521276
52332,0.16791523,0.58985734
52333,0.0388659,0.03139156
52334,0.50851774,0.45783818
52335,0.10461886,0.094364986
52336,0.2818164,0.16708638
52337,0.37819278,0.17398563
52338,0.020345198,0.021709198
52339,0.50636405,0.5656334
52340,0.06764641,0.47929168
52341,0.05927225,0.27172965
52342,0.0972381,0.07650118
52343,0.0514884,0.08582169
52344,0.5965376,0.78955615
52345,0.35857335,0.21098639
52346,0.57670367,0.94505185
52347,0.09049152,0.4987955
52348,0.20541658,0.6839265
52349,0.16508858,0.6951761
52350,0.25834414,0.4122581
52351,0.037405767,0.061842665
52352,0.067493886,0.6377226
52353,0.25553054,0.39163664
52354,0.11051418,0.30037445
52355,0.051921148,0.097663656
52356,0.3723155,0.9680553
52357,0.019329967,0.16551727
52358,0.039236896,0.096796684
52359,0.07558413,0.1554353
52360,0.2771628,0.43001592
52361,0.09759636,0.8338005
52362,0.051121168,0.17389572
52363,0.13192037,0.2806874
52364,0.045781326,0.063790575
52365,0.1961384,0.3563901
52366,0.0126485815,0.042368498
52367,0.14073305,0.117756635
52368,0.4322923,0.83189064
52369,0.20626111,0.81911814
52370,0.27945447,0.102329366
52371,0.6556349,0.50649005
52372,0.0999306,0.41419527
52373,0.12815404,0.37170714
52374,0.42897162,0.7925763
52375,0.09261914,0.28072628
52376,0.2519576,0.8424683
52377,0.0653143,0.07957936
52378,0.055861708,0.018453509
52379,0.13465437,0.33873084
52380,0.1329063,0.6459708
52381,0.06365011,0.09579804
52382,0.70183337,0.82063437
52383,0.09362379,0.08290318
52384,0.5428407,0.96288025
52385,0.24601154,0.043324206
52386,0.14247786,0.5450179
52387,0.1492077,0.07620201
52388,0.5226693,0.74678946
52389,0.1620517,0.5781515
52390,0.051862195,0.78135514
52391,0.08479541,0.8439089
52392,0.14016162,0.1711387
52393,0.42400113,0.86935014
52394,0.38704237,0.72330356
52395,0.046163224,0.38361692
52396,0.04195709,0.15474701
52397,0.7926134,0.96078765
52398,0.031020315,0.3581374
52399,0.09778706,0.268698
52400,0.10187957,0.8191692
52401,0.060828965,0.25633362
52402,0.11229239,0.13121404
52403,0.44110182,0.40781716
52404,0.13180082,0.8888014
52405,0.3644346,0.6770025
52406,0.063883774,0.7787913
52407,0.15290426,0.12061576
52408,0.08179556,0.60276955
52409,0.122604765,0.85661393
52410,0.38532618,0.65554357
52411,0.093005486,0.18772261
52412,0.037261892,0.081868805
52413,0.1642763,0.089669496
52414,0.11971205,0.13492557
52415,0.029206658,0.16865559
52416,0.050838266,0.3545792
52417,0.06398986,0.58815444
52418,0.6222402,0.953842
52419,0.13264334,0.30523804
52420,0.050173443,0.04542389
52421,0.30536795,0.56939113
52422,0.05594273,0.124766745
52423,0.23686762,0.45257306
52424,0.08274939,0.8140553
52425,0.04807885,0.82774156
52426,0.27039945,0.13663226
52427,0.63497716,0.7064791
52428,0.17926806,0.075336434
52429,0.54420775,0.4455984
52430,0.088050365,0.15645702
52431,0.43927583,0.15702735
52432,0.068089165,0.15151139
52433,0.03600734,0.81683064
52434,0.42985204,0.37999725
52435,0.2498222,0.10834182
52436,0.093165755,0.19693086
52437,0.15526332,0.24526125
52438,0.15650882,0.107457824
52439,0.04944494,0.24280298
52440,0.068327576,0.18699457
52441,0.060778346,0.099856086
52442,0.12101158,0.8202145
52443,0.071977474,0.07171536
52444,0.68714684,0.9623553
52445,0.042106774,0.43933943
52446,0.3478891,0.3841855
52447,0.07094739,0.18404767
52448,0.16265056,0.2680961
52449,0.72519255,0.66896904
52450,0.17956224,0.865374
52451,0.73175514,0.82829595
52452,0.27705023,0.19337395
52453,0.04898785,0.49142253
52454,0.27570564,0.11609529
52455,0.8277545,0.7190124
52456,0.70016825,0.91357946
52457,0.21843465,0.41301626
52458,0.14329495,0.16129702
52459,0.14763688,0.86974525
52460,0.109289825,0.13259706
52461,0.5028439,0.19629946
52462,0.07838592,0.30589283
52463,0.045580238,0.085525915
52464,0.059669964,0.04067496
52465,0.75544244,0.9073987
52466,0.110303566,0.42495894
52467,0.26812688,0.1235675
52468,0.53144515,0.37553763
52469,0.087358065,0.025350532
52470,0.15833876,0.8686242
52471,0.16536069,0.042172223
52472,0.01580295,0.01303193
52473,0.45557597,0.8686171
52474,0.30461353,0.17657553
52475,0.81226397,0.94955593
52476,0.6933472,0.91754264
52477,0.037870962,0.13426279
52478,0.029089443,0.059394315
52479,0.010418707,0.031064894
52480,0.15115952,0.15719546
52481,0.82130283,0.8665261
52482,0.09300826,0.645253
52483,0.55782956,0.9162392
52484,0.2960188,0.7096847
52485,0.25874934,0.33777466
52486,0.07971547,0.04009716
52487,0.12126191,0.22581203
52488,0.2647073,0.34138897
52489,0.7616473,0.7592677
52490,0.6346024,0.83996576
52491,0.8857718,0.9599896
52492,0.063178234,0.113845274
52493,0.22426137,0.92766035
52494,0.6311245,0.8170396
52495,0.05649035,0.17562126
52496,0.6499714,0.8724311
52497,0.29079312,0.30079064
52498,0.08924333,0.95888895
52499,0.14331071,0.20592
52500,0.26431152,0.5666126
52501,0.05206621,0.17453018
52502,0.19959076,0.33658433
52503,0.08280821,0.28606826
52504,0.046121426,0.04046697
52505,0.03152265,0.46412703
52506,0.09049986,0.08608387
52507,0.03324421,0.14166625
52508,0.8172756,0.9510695
52509,0.06643817,0.15917519
52510,0.03495979,0.057388347
52511,0.38398412,0.36623153
52512,0.053016044,0.04565651
52513,0.04377765,0.79960436
52514,0.74917054,0.53534067
52515,0.03294172,0.13549528
52516,0.07553743,0.067862585
52517,0.14232405,0.9387184
52518,0.39008448,0.362233
52519,0.38932753,0.84125745
52520,0.526797,0.766146
52521,0.021584239,0.046547774
52522,0.021699665,0.041188702
52523,0.6298566,0.8467767
52524,0.25411314,0.36034438
52525,0.58732426,0.7405896
52526,0.092061765,0.0666375
52527,0.74843436,0.949867
52528,0.09804381,0.5268346
52529,0.29384127,0.6327113
52530,0.05283048,0.05514401
52531,0.71516246,0.7123816
52532,0.2833822,0.61016345
52533,0.049205836,0.04259985
52534,0.19618095,0.6737102
52535,0.32138425,0.14373855
52536,0.38094142,0.27153647
52537,0.17437635,0.9142151
52538,0.045717668,0.050334156
52539,0.05507825,0.9308784
52540,0.13736992,0.882024
52541,0.110388644,0.25115493
52542,0.052224305,0.19096254
52543,0.093052916,0.07781351
52544,0.27066964,0.25412837
52545,0.13939396,0.2906924
52546,0.6301446,0.4702368
52547,0.04195923,0.18415448
52548,0.11961869,0.6037548
52549,0.39897484,0.61878294
52550,0.06358817,0.30635503
52551,0.09460502,0.1792482
52552,0.07379659,0.6005357
52553,0.13846402,0.9525805
52554,0.83005637,0.70331997
52555,0.10226049,0.14834045
52556,0.12827452,0.7317744
52557,0.061354347,0.07559095
52558,0.06058412,0.21925682
52559,0.030718375,0.10131933
52560,0.049773153,0.03583457
52561,0.10465808,0.25591743
52562,0.035805777,0.10794628
52563,0.7471759,0.92332083
52564,0.04100751,0.17461248
52565,0.013279772,0.029514613
52566,0.06503486,0.9080421
52567,0.11064858,0.23559862
52568,0.04982864,0.50555396
52569,0.43201625,0.53456885
52570,0.06983845,0.13001937
52571,0.45584485,0.5438777
52572,0.11193061,0.047942407
52573,0.052977942,0.517132
52574,0.06489308,0.17120631
52575,0.7145083,0.88939565
52576,0.05441233,0.43196836
52577,0.115225546,0.36090887
52578,0.46559158,0.6692685
52579,0.36668783,0.31812716
52580,0.09060106,0.9069967
52581,0.6527056,0.86320376
52582,0.10893472,0.1063036
52583,0.09150548,0.6639518
52584,0.1469226,0.2302987
52585,0.105136804,0.66743284
52586,0.08852246,0.45231768
52587,0.0756547,0.11724891
52588,0.08863434,0.20513111
52589,0.046291366,0.18986216
52590,0.040913593,0.1874028
52591,0.05410979,0.036788918
52592,0.72567403,0.58715653
52593,0.052051622,0.075673334
52594,0.024764672,0.029219786
52595,0.04957364,0.08371655
52596,0.06734518,0.16776998
52597,0.25370532,0.6393476
52598,0.67409664,0.91218746
52599,0.3843012,0.16164389
52600,0.09591033,0.87455964
52601,0.097465016,0.055107273
52602,0.06624415,0.07486347
52603,0.06611518,0.6628492
52604,0.41212782,0.26819128
52605,0.03205391,0.33647823
52606,0.19717728,0.40288454
52607,0.08928104,0.78003913
52608,0.10121049,0.6119804
52609,0.057941936,0.31272602
52610,0.5636736,0.5593904
52611,0.079307586,0.7555382
52612,0.098833196,0.07714949
52613,0.0681019,0.23352358
52614,0.69333893,0.8936469
52615,0.057375968,0.51935273
52616,0.30983537,0.39413098
52617,0.23779498,0.2127086
52618,0.07240463,0.13996011
52619,0.08089939,0.18321021
52620,0.24807557,0.3207992
52621,0.32241315,0.7722869
52622,0.025123483,0.02382992
52623,0.23968744,0.3262552
52624,0.17321844,0.39266032
52625,0.05849665,0.06960397
52626,0.6157188,0.8370315
52627,0.07042742,0.14383957
52628,0.0449792,0.19210328
52629,0.02386231,0.06325758
52630,0.5193065,0.59156644
52631,0.66555053,0.8599981
52632,0.084927626,0.70072424
52633,0.09019621,0.1165078
52634,0.059649896,0.05666531
52635,0.031236911,0.016682912
52636,0.05241051,0.27367473
52637,0.19304657,0.66192174
52638,0.11605775,0.8296708
52639,0.047212023,0.40679225
52640,0.27726442,0.72851115
52641,0.18319991,0.9225464
52642,0.6473507,0.244615
52643,0.20966123,0.27766678
52644,0.050343487,0.1306991
52645,0.14046192,0.21428254
52646,0.088144794,0.11242335
52647,0.73020905,0.93913084
52648,0.22691303,0.4281314
52649,0.21566476,0.62001425
52650,0.038451757,0.04570119
52651,0.14409539,0.7001152
52652,0.10089376,0.43389013
52653,0.17383608,0.83950186
52654,0.24930231,0.76000196
52655,0.6172688,0.08628527
52656,0.06510264,0.0871735
52657,0.10332192,0.35662577
52658,0.75757134,0.59890157
52659,0.086549774,0.1831051
52660,0.67026687,0.77459633
52661,0.05263588,0.10159926
52662,0.100089364,0.29657933
52663,0.09159391,0.14450738
52664,0.068792835,0.06864245
52665,0.3423446,0.51139426
52666,0.06581064,0.15456094
52667,0.046974856,0.5194814
52668,0.04070557,0.7721571
52669,0.1915254,0.22375798
52670,0.16491194,0.43387073
52671,0.2058091,0.618943
52672,0.032683283,0.0467055
52673,0.06055008,0.13737544
52674,0.32012072,0.36581805
52675,0.072012275,0.29824674
52676,0.0932462,0.17710368
52677,0.3958302,0.5352473
52678,0.71652037,0.94583607
52679,0.07439295,0.07225731
52680,0.041368302,0.09524788
52681,0.41876692,0.9309836
52682,0.067419834,0.09097843
52683,0.07200434,0.11630267
52684,0.3108168,0.15256312
52685,0.09081676,0.6245702
52686,0.043524668,0.57365614
52687,0.10474316,0.17045845
52688,0.05094138,0.16993926
52689,0.21309824,0.8630952
52690,0.49983656,0.51957285
52691,0.26223102,0.4624845
52692,0.102301165,0.42579898
52693,0.19055544,0.92042905
52694,0.07076752,0.6111373
52695,0.8985383,0.95833915
52696,0.15432513,0.076778166
52697,0.14204434,0.7289986
52698,0.16052265,0.25877643
52699,0.04817876,0.16583815
52700,0.13397264,0.375088
52701,0.062312614,0.046568707
52702,0.4227449,0.09230878
52703,0.75394374,0.8343873
52704,0.38609314,0.37757757
52705,0.106496334,0.14912823
52706,0.09930602,0.7143057
52707,0.7987781,0.7710237
52708,0.25032452,0.3756661
52709,0.049770046,0.09601268
52710,0.030766534,0.06879029
52711,0.021007556,0.034856863
52712,0.009135801,0.038659565
52713,0.12436007,0.16791697
52714,0.094136685,0.3407187
52715,0.037344668,0.08250385
52716,0.79842585,0.9527627
52717,0.08834742,0.74485207
52718,0.7039942,0.12888178
52719,0.099903755,0.6587738
52720,0.39752564,0.7011568
52721,0.063745536,0.8175509
52722,0.028090587,0.10147472
52723,0.06293743,0.21902384
52724,0.050084304,0.049795486
52725,0.023457637,0.040307064
52726,0.52832353,0.71218336
52727,0.6773809,0.50273395
52728,0.12448586,0.20442133
52729,0.11764916,0.038950574
52730,0.10919129,0.2471378
52731,0.13776174,0.7303065
52732,0.37030774,0.80017686
52733,0.22054432,0.7478321
52734,0.059451483,0.40793377
52735,0.08457835,0.8688663
52736,0.6743669,0.92870194
52737,0.16088589,0.5923302
52738,0.44687024,0.285257
52739,0.1767945,0.41984546
52740,0.05270164,0.08112293
52741,0.035400674,0.015721304
52742,0.43932948,0.16101667
52743,0.18397231,0.5748509
52744,0.028009064,0.09166021
52745,0.7719972,0.8679756
52746,0.14455606,0.3318967
52747,0.07020913,0.9414562
52748,0.02345879,0.038171202
52749,0.68192005,0.8737361
52750,0.58197916,0.8721436
52751,0.22265884,0.87791467
52752,0.043422073,0.48921862
52753,0.6759803,0.899463
52754,0.054418307,0.16387768
52755,0.15346321,0.83045083
52756,0.07689545,0.88287234
52757,0.13866778,0.8308068
52758,0.68825984,0.8082184
52759,0.07446251,0.05007858
52760,0.22369325,0.39710587
52761,0.15575364,0.16938044
52762,0.3665446,0.8485767
52763,0.0871372,0.056525588
52764,0.17918465,0.29869714
52765,0.12128859,0.7671348
52766,0.8299159,0.6470827
52767,0.1461326,0.08970073
52768,0.1226871,0.030284615
52769,0.11977383,0.3970862
52770,0.036441483,0.078182675
52771,0.09144369,0.4096385
52772,0.2543245,0.51322794
52773,0.047462273,0.18426348
52774,0.6465278,0.8965619
52775,0.103291675,0.65857303
52776,0.13102487,0.7919614
52777,0.07397177,0.51379275
52778,0.12672342,0.24495576
52779,0.8670972,0.8966378
52780,0.049989358,0.25512534
52781,0.16267976,0.32638153
52782,0.2989216,0.21402824
52783,0.29851013,0.70795196
52784,0.73280823,0.92488813
52785,0.9326008,0.95139664
52786,0.06419029,0.10979318
52787,0.09401162,0.94961745
52788,0.37090242,0.6672745
52789,0.8819837,0.943302
52790,0.71165705,0.737854
52791,0.089881316,0.805957
52792,0.100735985,0.14862399
52793,0.09590084,0.9292529
52794,0.25164634,0.8298069
52795,0.2215664,0.1619957
52796,0.80072504,0.9380165
52797,0.10621056,0.59770525
52798,0.150883,0.381031
52799,0.06500299,0.142294
52800,0.71353763,0.8001411
52801,0.707941,0.40225917
52802,0.052020658,0.0643077
52803,0.24203807,0.3188039
52804,0.11791431,0.4463805
52805,0.019196143,0.02649278
52806,0.09803387,0.49264944
52807,0.08075294,0.1485511
52808,0.048128,0.02461268
52809,0.23326069,0.3549812
52810,0.0497263,0.15707542
52811,0.068519324,0.039583955
52812,0.059590887,0.103298455
52813,0.03487672,0.58620834
52814,0.10289721,0.8086471
52815,0.62535673,0.7721824
52816,0.68922573,0.8824877
52817,0.54984975,0.8442818
52818,0.14404282,0.19495785
52819,0.09588526,0.9337428
52820,0.009934083,0.087595254
52821,0.07123395,0.0664336
52822,0.045052506,0.14491916
52823,0.1206285,0.61018974
52824,0.046042353,0.03566096
52825,0.70150995,0.63194746
52826,0.11607358,0.6911252
52827,0.05594651,0.4497097
52828,0.03652439,0.31491235
52829,0.47424346,0.8367855
52830,0.8498164,0.9002122
52831,0.85291564,0.9303525
52832,0.2601259,0.48343825
52833,0.64080656,0.670307
52834,0.031214207,0.8229392
52835,0.6749596,0.8805571
52836,0.07349434,0.47099164
52837,0.6264576,0.96043956
52838,0.10177499,0.7624095
52839,0.1459343,0.7402389
52840,0.18138982,0.3024375
52841,0.054832216,0.19108984
52842,0.048570033,0.1152796
52843,0.10191797,0.93445843
52844,0.7522247,0.5147412
52845,0.09844822,0.29800045
52846,0.49692824,0.6559517
52847,0.06431941,0.9453065
52848,0.0482648,0.92158806
52849,0.17773998,0.69404024
52850,0.042293184,0.088787
52851,0.22328484,0.34277916
52852,0.3010174,0.765421
52853,0.41104096,0.9506395
52854,0.42111933,0.78871316
52855,0.072910696,0.88307494
52856,0.2569035,0.43161675
52857,0.048550382,0.09247426
52858,0.5067442,0.56931084
52859,0.113771014,0.3552588
52860,0.5881311,0.8804024
52861,0.020553442,0.055768717
52862,0.048529964,0.17608847
52863,0.3572621,0.25878146
52864,0.7259945,0.6413298
52865,0.10474972,0.3511737
52866,0.29974625,0.41674915
52867,0.043151062,0.10394273
52868,0.5366858,0.7603374
52869,0.15746048,0.191523
52870,0.5257278,0.5140781
52871,0.13410516,0.6268686
52872,0.033438683,0.07945959
52873,0.1747304,0.06537976
52874,0.19992259,0.41826195
52875,0.25373992,0.5028461
52876,0.06495454,0.079259604
52877,0.02600658,0.08816475
52878,0.35298765,0.6632861
52879,0.19525373,0.29705644
52880,0.099864446,0.85417175
52881,0.26022953,0.6491118
52882,0.15056442,0.07663729
52883,0.04576153,0.036967605
52884,0.032032743,0.053469177
52885,0.11420143,0.4320393
52886,0.06513417,0.27005208
52887,0.12897794,0.8303865
52888,0.037671845,0.08288664
52889,0.34008807,0.8406914
52890,0.2495862,0.21843848
52891,0.042236354,0.03839048
52892,0.03826064,0.085707225
52893,0.52991635,0.40997738
52894,0.43248528,0.5188257
52895,0.013058691,0.03400113
52896,0.19793151,0.85248095
52897,0.03303134,0.116046116
52898,0.26807263,0.47488365
52899,0.2229361,0.77827257
52900,0.20639245,0.67170846
52901,0.8118471,0.85121816
52902,0.316484,0.54042417
52903,0.5061963,0.76028985
52904,0.060569737,0.08625047
52905,0.03978829,0.10067067
52906,0.04771677,0.47211537
52907,0.55683964,0.50281054
52908,0.079408824,0.5587771
52909,0.62074596,0.71924174
52910,0.039575547,0.057559013
52911,0.09563843,0.92758155
52912,0.01932401,0.06395002
52913,0.15639983,0.15262882
52914,0.226427,0.374672
52915,0.130842,0.18075058
52916,0.35712212,0.33315957
52917,0.14076655,0.6991039
52918,0.13709861,0.20903766
52919,0.44281507,0.67357886
52920,0.61850995,0.85010153
52921,0.42310774,0.82149714
52922,0.045148425,0.06892567
52923,0.11992518,0.1969948
52924,0.6864685,0.90564144
52925,0.12975219,0.22307864
52926,0.19955444,0.09327182
52927,0.036411967,0.19809236
52928,0.050390426,0.47508016
52929,0.47547707,0.6165652
52930,0.7915324,0.9161142
52931,0.08234318,0.26881018
52932,0.07989047,0.084083274
52933,0.0956315,0.526458
52934,0.44871008,0.4867876
52935,0.676158,0.19894695
52936,0.6045318,0.6665705
52937,0.09673312,0.079838775
52938,0.08688593,0.9347304
52939,0.03419496,0.10317757
52940,0.083876975,0.6936948
52941,0.06069241,0.6708561
52942,0.15498719,0.110336676
52943,0.7916794,0.48688376
52944,0.13099344,0.7942758
52945,0.080081426,0.043252286
52946,0.28887606,0.22162727
52947,0.16111286,0.707852
52948,0.4949812,0.19469216
52949,0.022591447,0.88866025
52950,0.26059297,0.7746956
52951,0.17872395,0.19772145
52952,0.052362513,0.37552392
52953,0.27605227,0.9650989
52954,0.104865715,0.5413218
52955,0.09104044,0.31983665
52956,0.16547315,0.8790166
52957,0.3961275,0.33301637
52958,0.057402678,0.09715717
52959,0.13175233,0.28598604
52960,0.058332466,0.070987366
52961,0.37623018,0.5087896
52962,0.48223588,0.6866665
52963,0.08163001,0.15607326
52964,0.67434675,0.7710426
52965,0.087126516,0.4044469
52966,0.031178392,0.0764459
52967,0.0759117,0.11477948
52968,0.095313646,0.2849326
52969,0.17738675,0.050460532
52970,0.12331115,0.49758604
52971,0.42696574,0.38898227
52972,0.07088233,0.12345533
52973,0.09450816,0.548235
52974,0.77046645,0.90386516
52975,0.048392855,0.08885773
52976,0.052308157,0.20933862
52977,0.5293968,0.8876953
52978,0.108560026,0.8620425
52979,0.057193987,0.07739976
52980,0.06635821,0.27829576
52981,0.43494904,0.9304141
52982,0.04422303,0.06759625
52983,0.18895425,0.5380821
52984,0.14990203,0.045852266
52985,0.26118484,0.3998099
52986,0.745722,0.8697709
52987,0.5911479,0.9062485
52988,0.5096101,0.6700067
52989,0.12833521,0.28559282
52990,0.041430287,0.646191
52991,0.097795576,0.31059068
52992,0.08600769,0.6313712
52993,0.14183004,0.6211481
52994,0.18905114,0.68681866
52995,0.23017251,0.7931446
52996,0.080081455,0.15902954
52997,0.06515891,0.61579823
52998,0.3765394,0.85073245
52999,0.11214109,0.20052804
53000,0.440541,0.262588
53001,0.05750992,0.13955978
53002,0.09470993,0.8056752
53003,0.1477762,0.45732668
53004,0.12271033,0.18020251
53005,0.24346748,0.7614964
53006,0.112352125,0.47787288
53007,0.223221,0.2841347
53008,0.07433686,0.14711325
53009,0.03267785,0.08883832
53010,0.08114966,0.31349105
53011,0.041448005,0.84436274
53012,0.10424088,0.43277025
53013,0.24433656,0.6282987
53014,0.13355036,0.25419974
53015,0.0737663,0.8712809
53016,0.0571877,0.055955485
53017,0.17613316,0.5731825
53018,0.11102651,0.08743542
53019,0.5130697,0.735538
53020,0.15835814,0.6237352
53021,0.5696871,0.53521377
53022,0.35506928,0.8975429
53023,0.11840551,0.85162884
53024,0.843869,0.8540018
53025,0.085270986,0.97544837
53026,0.15080361,0.27058274
53027,0.03488934,0.14327286
53028,0.10806919,0.53990144
53029,0.03792766,0.23617971
53030,0.17938513,0.14015108
53031,0.25923887,0.08889633
53032,0.14177285,0.52749044
53033,0.048084024,0.14457847
53034,0.04752327,0.025316546
53035,0.07735235,0.6486035
53036,0.25175536,0.29214996
53037,0.13850845,0.17023039
53038,0.30641705,0.44739515
53039,0.17869443,0.6886365
53040,0.06453336,0.080703236
53041,0.29671162,0.33130094
53042,0.08623726,0.620334
53043,0.052788,0.1116087
53044,0.09184925,0.8320043
53045,0.08686449,0.12080118
53046,0.045678552,0.122816116
53047,0.080948524,0.1552275
53048,0.046134688,0.2906149
53049,0.2171721,0.03364941
53050,0.8297377,0.93228954
53051,0.059605926,0.14832704
53052,0.48570675,0.83563584
53053,0.31826377,0.3569028
53054,0.2286091,0.34245238
53055,0.055101313,0.704661
53056,0.08508204,0.06411005
53057,0.078901626,0.5582314
53058,0.020777863,0.17993869
53059,0.5351697,0.5006819
53060,0.038141407,0.6968953
53061,0.9063359,0.9738776
53062,0.45578945,0.8917523
53063,0.14496617,0.20156156
53064,0.034008425,0.25301063
53065,0.7531962,0.84478706
53066,0.033912025,0.05728734
53067,0.18492842,0.17262565
53068,0.034174934,0.3012494
53069,0.655004,0.64304894
53070,0.10772995,0.11596812
53071,0.071669,0.5962903
53072,0.17664355,0.9213755
53073,0.043748368,0.06759016
53074,0.0332345,0.50269467
53075,0.04117968,0.11596149
53076,0.06644456,0.028311819
53077,0.18439265,0.8508327
53078,0.37269273,0.4912106
53079,0.06800575,0.6774282
53080,0.09124004,0.3679342
53081,0.175286,0.22436382
53082,0.086743645,0.06292074
53083,0.3439772,0.12029762
53084,0.13520505,0.61065215
53085,0.77930576,0.94592047
53086,0.13140903,0.7283402
53087,0.17897159,0.28045383
53088,0.20281738,0.70129055
53089,0.12675543,0.025671924
53090,0.062402505,0.11635429
53091,0.6645411,0.40827256
53092,0.11754119,0.11063407
53093,0.40904868,0.3911989
53094,0.8093087,0.95303905
53095,0.18132578,0.8069996
53096,0.12479241,0.5530105
53097,0.82794356,0.94410956
53098,0.034921892,0.040027257
53099,0.505078,0.13545264
53100,0.15642741,0.59015495
53101,0.3724534,0.5088469
53102,0.502915,0.89289725
53103,0.07828644,0.3823846
53104,0.17366232,0.11801388
53105,0.08745648,0.25843495
53106,0.05813468,0.14226712
53107,0.10586616,0.06326235
53108,0.013746878,0.00731898
53109,0.062085416,0.069777854
53110,0.6982085,0.7791299
53111,0.62136376,0.6083128
53112,0.06816211,0.055044863
53113,0.21618012,0.7474282
53114,0.059283923,0.63757193
53115,0.031161819,0.033177447
53116,0.035807412,0.10069297
53117,0.11239346,0.52441067
53118,0.099905305,0.60308427
53119,0.10001036,0.06171354
53120,0.14575994,0.8850873
53121,0.07106042,0.11777195
53122,0.10038987,0.2280299
53123,0.27233416,0.31823903
53124,0.13263953,0.1254166
53125,0.3431308,0.83285344
53126,0.01923734,0.015250162
53127,0.04937574,0.14957517
53128,0.40963295,0.6937551
53129,0.10209291,0.08257224
53130,0.16040896,0.1435765
53131,0.42931393,0.33026236
53132,0.030581677,0.046069775
53133,0.11195783,0.38651216
53134,0.21844932,0.7638274
53135,0.58720595,0.67821425
53136,0.041793708,0.22980683
53137,0.06112512,0.60133994
53138,0.53594637,0.8041626
53139,0.12636329,0.3731689
53140,0.064285256,0.09255603
53141,0.05601027,0.085036285
53142,0.032791555,0.025309695
53143,0.06460839,0.19860889
53144,0.74652773,0.7751251
53145,0.084650144,0.22938845
53146,0.35204363,0.7541669
53147,0.07961457,0.024486776
53148,0.32181016,0.90600616
53149,0.1264566,0.32488757
53150,0.07369967,0.7436034
53151,0.3554265,0.5612349
53152,0.13105568,0.93387324
53153,0.05857526,0.30259258
53154,0.37188116,0.28649315
53155,0.026979243,0.09502478
53156,0.72930914,0.5645391
53157,0.15650243,0.094964564
53158,0.07698098,0.16450451
53159,0.16814443,0.8342762
53160,0.20670679,0.47586116
53161,0.1732841,0.8880506
53162,0.12545988,0.22489826
53163,0.54218906,0.5956449
53164,0.040749513,0.087941915
53165,0.087669216,0.77908975
53166,0.1349644,0.28782478
53167,0.2785836,0.24941285
53168,0.48296154,0.91447926
53169,0.035841946,0.062270533
53170,0.048967805,0.8157043
53171,0.10652465,0.21738592
53172,0.40763262,0.8800886
53173,0.042354956,0.27420118
53174,0.12082529,0.8759265
53175,0.42326403,0.6985097
53176,0.13801298,0.1580416
53177,0.12515591,0.94233376
53178,0.16628027,0.3423488
53179,0.04700067,0.072187096
53180,0.06041859,0.08085311
53181,0.14006828,0.33654064
53182,0.19788599,0.4310093
53183,0.45033857,0.92506707
53184,0.20593607,0.29419592
53185,0.029873224,0.044789355
53186,0.033050034,0.088569425
53187,0.035077795,0.6273949
53188,0.52253443,0.78651804
53189,0.15279374,0.054955143
53190,0.027377808,0.3013306
53191,0.2699102,0.9148077
53192,0.32772556,0.6088944
53193,0.16312891,0.7795201
53194,0.062172078,0.82076067
53195,0.26929948,0.78216714
53196,0.048368577,0.10939328
53197,0.8747885,0.9362008
53198,0.21278496,0.1535881
53199,0.09361159,0.6020003
53200,0.5764079,0.86626035
53201,0.2010434,0.4985264
53202,0.052871466,0.19202828
53203,0.17126094,0.14084664
53204,0.07063271,0.025629908
53205,0.09071547,0.35948977
53206,0.11338104,0.7447096
53207,0.24330722,0.13066226
53208,0.69754905,0.91010904
53209,0.09286196,0.19766957
53210,0.82391596,0.6397129
53211,0.086357296,0.56158125
53212,0.077593826,0.62974656
53213,0.1032847,0.63242036
53214,0.17564699,0.1976302
53215,0.13955136,0.43333212
53216,0.25032288,0.6793626
53217,0.45880637,0.9252752
53218,0.16616662,0.7257811
53219,0.2681754,0.6726945
53220,0.06148815,0.3332684
53221,0.0368156,0.098306954
53222,0.665505,0.8110896
53223,0.14502706,0.32222202
53224,0.04746777,0.33213943
53225,0.0477052,0.105629645
53226,0.40469927,0.35194704
53227,0.08852343,0.5332881
53228,0.07064179,0.9524614
53229,0.32779565,0.716142
53230,0.18687558,0.4681495
53231,0.08832213,0.34662557
53232,0.06883991,0.038404908
53233,0.06584661,0.31883144
53234,0.075142905,0.34497115
53235,0.23240726,0.42502913
53236,0.12652451,0.06442007
53237,0.4654535,0.53569144
53238,0.10749371,0.11011433
53239,0.074067086,0.27080047
53240,0.029934531,0.05604914
53241,0.5771578,0.77267873
53242,0.15178375,0.8747376
53243,0.13044617,0.12227959
53244,0.55297256,0.70331025
53245,0.027843049,0.8736817
53246,0.57966805,0.8532691
53247,0.7204339,0.90371704
53248,0.017267423,0.09300564
53249,0.08749055,0.11575345
53250,0.41605777,0.13147621
53251,0.03943887,0.13235489
53252,0.112638846,0.6950472
53253,0.1548927,0.52256143
53254,0.17359206,0.31773454
53255,0.05590025,0.3581494
53256,0.17033689,0.7752265
53257,0.09341488,0.2861158
53258,0.071086355,0.13582209
53259,0.06292004,0.06340755
53260,0.073970675,0.51514834
53261,0.048654366,0.3684651
53262,0.22721577,0.18828624
53263,0.2793508,0.26338106
53264,0.30361772,0.08085164
53265,0.2006571,0.16902204
53266,0.033675388,0.01947644
53267,0.09795395,0.8612463
53268,0.69970477,0.2569531
53269,0.48997086,0.70521885
53270,0.11287024,0.81500244
53271,0.011975346,0.14810081
53272,0.14010943,0.18034379
53273,0.72034085,0.91378367
53274,0.0707636,0.34375945
53275,0.018783737,0.04094828
53276,0.13123223,0.54131216
53277,0.40000382,0.18489608
53278,0.06142503,0.044503238
53279,0.17309278,0.36860895
53280,0.08616479,0.5207592
53281,0.088776745,0.6719439
53282,0.29525092,0.3668633
53283,0.026918111,0.016685572
53284,0.06284535,0.8634405
53285,0.053589486,0.09548625
53286,0.39009866,0.31538832
53287,0.05867559,0.26723078
53288,0.056208503,0.18637767
53289,0.030093538,0.7008235
53290,0.20208819,0.63992494
53291,0.06625434,0.19546975
53292,0.28629425,0.5988015
53293,0.35756323,0.31656584
53294,0.06588156,0.24252944
53295,0.06457641,0.106802106
53296,0.022331793,0.022722907
53297,0.076364525,0.06844148
53298,0.10165921,0.3638059
53299,0.041280176,0.031071829
53300,0.61265737,0.87242216
53301,0.24657118,0.6006728
53302,0.07755177,0.15456952
53303,0.07030235,0.18775925
53304,0.49083468,0.8284773
53305,0.44643018,0.21143104
53306,0.5536048,0.9107176
53307,0.47282997,0.6604161
53308,0.6446948,0.85883707
53309,0.044532016,0.027440501
53310,0.09155429,0.059384573
53311,0.03496897,0.042587735
53312,0.118267626,0.09378836
53313,0.4916293,0.79846656
53314,0.4140777,0.3231478
53315,0.2873547,0.108127095
53316,0.301365,0.62419313
53317,0.069647804,0.494935
53318,0.021006,0.10782225
53319,0.051736474,0.062308565
53320,0.72067934,0.8141546
53321,0.12934658,0.24578856
53322,0.04805421,0.06542536
53323,0.04860605,0.07531641
53324,0.2962919,0.2876985
53325,0.03703553,0.037116535
53326,0.036230486,0.04341112
53327,0.061303526,0.35224694
53328,0.028316207,0.13150144
53329,0.5083808,0.4703611
53330,0.79536355,0.6943495
53331,0.7866316,0.7558221
53332,0.6046004,0.29074246
53333,0.018062294,0.03667264
53334,0.069164306,0.20733356
53335,0.22421788,0.5079476
53336,0.1458891,0.9393486
53337,0.01933202,0.080898605
53338,0.48022178,0.25589982
53339,0.15562582,0.3435198
53340,0.26398757,0.07993218
53341,0.36748874,0.55223215
53342,0.08052109,0.5193507
53343,0.05725686,0.0727374
53344,0.058429666,0.099718444
53345,0.138056,0.060973663
53346,0.089458585,0.2872027
53347,0.103293136,0.13117157
53348,0.2933754,0.6960156
53349,0.07289702,0.25691444
53350,0.116015226,0.16127059
53351,0.043324977,0.1293701
53352,0.2210606,0.35928047
53353,0.08658513,0.15351874
53354,0.12421694,0.3368783
53355,0.056485675,0.21854003
53356,0.7732309,0.5654138
53357,0.029922396,0.021595854
53358,0.054084644,0.08621348
53359,0.16694742,0.23838283
53360,0.06957679,0.29919705
53361,0.03175078,0.029874178
53362,0.59727645,0.43183473
53363,0.36562625,0.40027225
53364,0.10402171,0.700735
53365,0.1081113,0.77327645
53366,0.133281,0.2187695
53367,0.43586287,0.61489403
53368,0.7753412,0.820723
53369,0.11656875,0.80839586
53370,0.09331302,0.23797248
53371,0.062367897,0.15858315
53372,0.08781334,0.49637198
53373,0.18631768,0.27611083
53374,0.05528803,0.21533652
53375,0.092974074,0.32309377
53376,0.08810358,0.16970661
53377,0.0683903,0.24871087
53378,0.1204181,0.35498014
53379,0.05408482,0.025813628
53380,0.52736145,0.7029778
53381,0.4067792,0.9657957
53382,0.1314258,0.10265323
53383,0.36429605,0.8279923
53384,0.23330832,0.18701597
53385,0.41607797,0.8273103
53386,0.798526,0.6730322
53387,0.10081632,0.3831841
53388,0.04579004,0.1401553
53389,0.8708781,0.9219836
53390,0.0496311,0.29728737
53391,0.52125716,0.61493826
53392,0.13603112,0.32392195
53393,0.08424898,0.54507726
53394,0.76926875,0.88184476
53395,0.068004176,0.4094405
53396,0.3598727,0.5210311
53397,0.23229831,0.72352254
53398,0.14347868,0.72907495
53399,0.060788754,0.03537074
53400,0.47663313,0.6639929
53401,0.11105722,0.80010766
53402,0.09724972,0.17759085
53403,0.18347256,0.30789438
53404,0.22056466,0.9003765
53405,0.11654847,0.8189483
53406,0.22746934,0.4536047
53407,0.050457675,0.09069877
53408,0.10030503,0.17933531
53409,0.05214902,0.0991476
53410,0.33179665,0.4493814
53411,0.10808372,0.13458814
53412,0.41794953,0.20213524
53413,0.06918833,0.32823136
53414,0.47650903,0.41311064
